/* Adding some Static Data */


-- Adding Sports entries
INSERT INTO Sports(sport_name) VALUES 
("Badminton"),
("Basketball"),
("Rock Climbing"),
("Swimming"),
("Dance"),
("Karate"),
("Aerobics"),
("Squash"),
("Racquetball"),
("Table Tennis"),
("Other"),
("Volleyball");


-- Adding slots 
INSERT INTO Slots (start_time, end_time) VALUES
('06:00:00', '07:00:00'),
('07:00:00', '08:00:00'),
('08:00:00', '09:00:00'),
('09:00:00', '10:00:00'),
('10:00:00', '11:00:00'),
('11:00:00', '12:00:00'),
('12:00:00', '13:00:00'),
('13:00:00', '14:00:00'),
('14:00:00', '15:00:00'),
('15:00:00', '16:00:00'),
('16:00:00', '17:00:00'),
('17:00:00', '18:00:00'),
('18:00:00', '19:00:00'),
('19:00:00', '20:00:00'),
('20:00:00', '21:00:00'),
('21:00:00', '22:00:00'),
('22:00:00', '23:00:00'),
('23:00:00', '24:00:00');

-- Adding Roles
INSERT INTO Roles (role_name, role_description) VALUES
('User', 'Users availing ARC facilities'),
('Administrator', 'Admin of the application'),
('Supervisor', 'Supervisors of different sports');

-- Adding Facility entries
INSERT INTO Facilities(facility_name, sport_id) VALUES
("Badminton Court 1", 1),
("Badminton Court 2", 1),
("Badminton Court 3", 1),
("Badminton Court 4", 1),
("Badminton Court 5", 1),
("Badminton Court 6", 1),
("Badminton Court 7", 1),
("Badminton Court 8", 1),
("Badminton Court 9", 1),
("Badminton Court 10", 1),
("Badminton Court 11", 1),
("Badminton Court 12", 1),
("Badminton Court 13", 1),
("Badminton Court 14", 1),
("Badminton Court 15", 1),
("Basketball Court 1",2),
("Basketball Court 2",2),
("Basketball Court 3",2),
("Basketball Court 4",2),
("Basketball Court 5",2),
("Basketball Court 6",2),
("Basketball Court 7",2),
("Basketball Court 8",2),
("Basketball Court 9",2),
("Basketball Court 10",2),
("Basketball Court 11",2),
("Basketball Court 12",2),
("Basketball Court 13",2),
("Basketball Court 14",2),
("Basketball Court 15",2),
("Basketball Court 16",2),
("Climbing Wall 1", 3),
("Swimming Pool 1", 4),
("Swimming Pool 2", 4),
("Multi Purpose Room 1",5),
("Multi Purpose Room 2",5),
("Multi Purpose Room 3",5),
("Multi Purpose Room 4",5),
("Multi Purpose Room 5",5),
("Multi Purpose Room 6",5),
("Multi Purpose Room 7",5),
("Multi Purpose Room 8",5),
("Multi Purpose Room 9",5),
("Multi Purpose Room 10",5),
("Multi Purpose Room 1",6),
("Multi Purpose Room 2",6),
("Multi Purpose Room 3",6),
("Multi Purpose Room 4",6),
("Multi Purpose Room 5",6),
("Multi Purpose Room 6",6),
("Multi Purpose Room 7",6),
("Multi Purpose Room 8",6),
("Multi Purpose Room 9",6),
("Multi Purpose Room 10",6),
("Multi Purpose Room 1",7),
("Multi Purpose Room 2",7),
("Multi Purpose Room 3",7),
("Multi Purpose Room 4",7),
("Multi Purpose Room 5",7),
("Multi Purpose Room 6",7),
("Multi Purpose Room 7",7),
("Multi Purpose Room 8",7),
("Multi Purpose Room 9",7),
("Multi Purpose Room 10",7),
("Squash Court 1",8),
("Squash Court 2",8),
("Squash Court 3",8),
("Squash Court 4",8),
("Squash Court 5",8),
("Racquetball Court 1",9),
("Racquetball Court 2",9),
("Racquetball Court 3",9),
("Racquetball Court 4",9),
("Racquetball Court 5",9),
("Racquetball Court 6",9),
("Racquetball Court 7",9),
("Racquetball Court 8",9),
("Racquetball Court 9",9),
("Racquetball Court 10",9),
("Racquetball Court 11",9),
("Racquetball Court 12",9),
("Racquetball Court 13",9),
("Racquetball Court 14",9),
("Racquetball Court 15",9),
("Racquetball Court 16",9),
("Table Tennis Table 1",10),
("Table Tennis Table 2",10),
("Table Tennis Table 3",10),
("Table Tennis Table 4",10),
("Table Tennis Table 5",10),
("Table Tennis Table 6",10),
("Table Tennis Table 7",10),
("Table Tennis Table 8",10),
("Table Tennis Table 9",10),
("Table Tennis Table 10",10),
("Memorial Stadium", 11),
("Volleyball Court 1",12),
("Volleyball Court 2",12),
("Volleyball Court 3",12),
("Volleyball Court 4",12),
("Volleyball Court 5",12),
("Volleyball Court 6",12),
("Volleyball Court 7",12),
("Volleyball Court 8",12),
("Volleyball Court 9",12),
("Volleyball Court 10",12),
("Volleyball Court 11",12),
("Volleyball Court 12",12),
("Volleyball Court 13",12),
("Volleyball Court 14",12),
("Volleyball Court 15",12),
("Volleyball Court 16",12);

-- Adding Equipments
INSERT INTO Equipments (equipment_name, equipment_count, equipment_rent_per_hour, sport_id) VALUES
("Badminton Racquet", 100, 2, 1),
("Badminton Shuttle", 200, 2, 1),
("Basketball", 30, 0, 2),
("Rock Climbing Gear", 20, 3, 3),
("Swimming Tube", 30, 2, 4),
("Swimming Float", 30, 3, 4),
("Squash Racquet", 20, 2, 8),
("Squash Balls", 30, 2, 8),
("Racquetball Racquet", 70, 4, 9),
("Racquetball Ball", 40, 2, 9),
("TT Racquet", 50, 2, 10),
("TT Ball", 20, 2, 10);

-- Adding INSERT query for Events
INSERT INTO Events(event_name, event_description, event_capacity, ticket_cost, event_date, event_start_time, event_end_time, facility_id, sport_id) VALUES 
("Welcome Parade 2022", "To introduce new students to the customs of UIUC", 32000, 10.0, '2022-08-14', '18:00:00', '20:30:00', 96, 11),
("Dance Auditions 2k22", "Auditions", 100, 0.0, '2022-08-30', '09:00:00', '15:00:00', 36, 11),
("Volleyball Competition Fall 2022", "Volleyball Competition", 50, 15.0, '2022-09-20', '09:00:00', '15:00:00', 97, 12),
("Volleyball Competition Fall 2022", "Volleyball Competition", 50, 15.0, '2022-09-20', '09:00:00', '15:00:00', 98, 12),
("Volleyball Competition Fall 2022", "Volleyball Competition", 50, 15.0, '2022-09-20', '09:00:00', '15:00:00', 99, 12),
("Volleyball Competition Fall 2022", "Volleyball Competition", 50, 15.0, '2022-09-20', '09:00:00', '15:00:00', 100, 12),
("Volleyball Competition Fall 2022", "Volleyball Competition", 50, 15.0, '2022-09-20', '09:00:00', '15:00:00', 101, 12),
("Volleyball Competition Fall 2022", "Volleyball Competition", 50, 15.0, '2022-09-20', '09:00:00', '15:00:00', 102, 12),
("Swimming Fall 2022 Contest", "Swimming Competition", 50, 8.0, '2022-10-01', '09:00:00', '15:00:00', 33, 4),
("Swimming Fall 2022 Contest", "Swimming Competition", 50, 8.0, '2022-10-01', '09:00:00', '15:00:00', 34, 4),
("Garba Night 2022", "Garba is usually performed for nine nights of Navratri around a centrally lit lamp or a picture or statue of goddess Durga, the feminine form of Divinity.", 100, 0.0, '2022-10-01', '18:00:00', '21:00:00', 35, 11),
("Table Tennis Fall 2022 Competition", "TT Competition", 70, 5.0, '2022-10-10', '09:00:00', '15:00:00', 86, 10),
("Table Tennis Fall 2022 Competition", "TT Competition", 70, 5.0, '2022-10-10', '09:00:00', '15:00:00', 87, 10),
("Table Tennis Fall 2022 Competition", "TT Competition", 70, 5.0, '2022-10-10', '09:00:00', '15:00:00', 88, 10),
("Table Tennis Fall 2022 Competition", "TT Competition", 70, 5.0, '2022-10-10', '09:00:00', '15:00:00', 89, 10),
("Table Tennis Fall 2022 Competition", "TT Competition", 70, 5.0, '2022-10-10', '09:00:00', '15:00:00', 90, 10),
("Table Tennis Fall 2022 Competition", "TT Competition", 70, 5.0, '2022-10-10', '09:00:00', '15:00:00', 91, 10),
("Table Tennis Fall 2022 Competition", "TT Competition", 70, 5.0, '2022-10-10', '09:00:00', '15:00:00', 92, 10),
("Table Tennis Fall 2022 Competition", "TT Competition", 70, 5.0, '2022-10-10', '09:00:00', '15:00:00', 93, 10);

INSERT INTO Users(net_id, name, contact_number, email_id, date_of_birth, role_id) VALUES
('csaraf2', "Chinmay Saraf", "4479020312", "csaraf2@illinois.edu", "1998-09-26", 2),
('saketsj2', "Saket Jajoo", "4479020563", "saketsj2@illinois.edu", "1998-09-26", 2),
('rg18', "Rishabh Garg", "4479020651", "rg18@illinois.edu", "1997-04-04", 2),
('takwane2', "Kedar Takwane", "4479020312", "takwane2@illinois.edu", "1997-12-30", 2),
('bwayne', "Bruce Wayne", "8888888888", "bwayne@illinois.edu", "1986-09-17", 3),
('tstark', "Tony Stark", "7777777777", "tstark@illinois.edu", "1988-04-03", 3);