-- MySQL dump 10.13  Distrib 8.0.31, for macos12 (arm64)
--
-- Host: localhost    Database: SRKC
-- ------------------------------------------------------
-- Server version	8.0.31

/*!40101 SET @OLD_CHARACTER_SET_CLIENT=@@CHARACTER_SET_CLIENT */;
/*!40101 SET @OLD_CHARACTER_SET_RESULTS=@@CHARACTER_SET_RESULTS */;
/*!40101 SET @OLD_COLLATION_CONNECTION=@@COLLATION_CONNECTION */;
/*!50503 SET NAMES utf8mb4 */;
/*!40103 SET @OLD_TIME_ZONE=@@TIME_ZONE */;
/*!40103 SET TIME_ZONE='+00:00' */;
/*!40014 SET @OLD_UNIQUE_CHECKS=@@UNIQUE_CHECKS, UNIQUE_CHECKS=0 */;
/*!40014 SET @OLD_FOREIGN_KEY_CHECKS=@@FOREIGN_KEY_CHECKS, FOREIGN_KEY_CHECKS=0 */;
/*!40101 SET @OLD_SQL_MODE=@@SQL_MODE, SQL_MODE='NO_AUTO_VALUE_ON_ZERO' */;
/*!40111 SET @OLD_SQL_NOTES=@@SQL_NOTES, SQL_NOTES=0 */;

--
-- Current Database: `SRKC`
--

CREATE DATABASE /*!32312 IF NOT EXISTS*/ `SRKC` /*!40100 DEFAULT CHARACTER SET utf8mb4 COLLATE utf8mb4_0900_ai_ci */ /*!80016 DEFAULT ENCRYPTION='N' */;

USE `SRKC`;

--
-- Table structure for table `AvailableSlots`
--

DROP TABLE IF EXISTS `AvailableSlots`;
/*!40101 SET @saved_cs_client     = @@character_set_client */;
/*!50503 SET character_set_client = utf8mb4 */;
CREATE TABLE `AvailableSlots` (
  `available_slot_id` int NOT NULL AUTO_INCREMENT,
  `slot_date` date DEFAULT NULL,
  `slot_id` int DEFAULT NULL,
  PRIMARY KEY (`available_slot_id`),
  KEY `slot_id` (`slot_id`),
  CONSTRAINT `availableslots_ibfk_1` FOREIGN KEY (`slot_id`) REFERENCES `Slots` (`slot_id`) ON DELETE CASCADE ON UPDATE CASCADE
) ENGINE=InnoDB AUTO_INCREMENT=2377 DEFAULT CHARSET=utf8mb4 COLLATE=utf8mb4_0900_ai_ci;
/*!40101 SET character_set_client = @saved_cs_client */;

--
-- Dumping data for table `AvailableSlots`
--

LOCK TABLES `AvailableSlots` WRITE;
/*!40000 ALTER TABLE `AvailableSlots` DISABLE KEYS */;
INSERT INTO `AvailableSlots` VALUES (1,'2022-08-22',1),(2,'2022-08-22',2),(3,'2022-08-22',3),(4,'2022-08-22',4),(5,'2022-08-22',5),(6,'2022-08-22',6),(7,'2022-08-22',7),(8,'2022-08-22',8),(9,'2022-08-22',9),(10,'2022-08-22',10),(11,'2022-08-22',11),(12,'2022-08-22',12),(13,'2022-08-22',13),(14,'2022-08-22',14),(15,'2022-08-22',15),(16,'2022-08-22',16),(17,'2022-08-22',17),(18,'2022-08-22',18),(19,'2022-08-23',1),(20,'2022-08-23',2),(21,'2022-08-23',3),(22,'2022-08-23',4),(23,'2022-08-23',5),(24,'2022-08-23',6),(25,'2022-08-23',7),(26,'2022-08-23',8),(27,'2022-08-23',9),(28,'2022-08-23',10),(29,'2022-08-23',11),(30,'2022-08-23',12),(31,'2022-08-23',13),(32,'2022-08-23',14),(33,'2022-08-23',15),(34,'2022-08-23',16),(35,'2022-08-23',17),(36,'2022-08-23',18),(37,'2022-08-24',1),(38,'2022-08-24',2),(39,'2022-08-24',3),(40,'2022-08-24',4),(41,'2022-08-24',5),(42,'2022-08-24',6),(43,'2022-08-24',7),(44,'2022-08-24',8),(45,'2022-08-24',9),(46,'2022-08-24',10),(47,'2022-08-24',11),(48,'2022-08-24',12),(49,'2022-08-24',13),(50,'2022-08-24',14),(51,'2022-08-24',15),(52,'2022-08-24',16),(53,'2022-08-24',17),(54,'2022-08-24',18),(55,'2022-08-25',1),(56,'2022-08-25',2),(57,'2022-08-25',3),(58,'2022-08-25',4),(59,'2022-08-25',5),(60,'2022-08-25',6),(61,'2022-08-25',7),(62,'2022-08-25',8),(63,'2022-08-25',9),(64,'2022-08-25',10),(65,'2022-08-25',11),(66,'2022-08-25',12),(67,'2022-08-25',13),(68,'2022-08-25',14),(69,'2022-08-25',15),(70,'2022-08-25',16),(71,'2022-08-25',17),(72,'2022-08-25',18),(73,'2022-08-26',1),(74,'2022-08-26',2),(75,'2022-08-26',3),(76,'2022-08-26',4),(77,'2022-08-26',5),(78,'2022-08-26',6),(79,'2022-08-26',7),(80,'2022-08-26',8),(81,'2022-08-26',9),(82,'2022-08-26',10),(83,'2022-08-26',11),(84,'2022-08-26',12),(85,'2022-08-26',13),(86,'2022-08-26',14),(87,'2022-08-26',15),(88,'2022-08-26',16),(89,'2022-08-26',17),(90,'2022-08-26',18),(91,'2022-08-27',1),(92,'2022-08-27',2),(93,'2022-08-27',3),(94,'2022-08-27',4),(95,'2022-08-27',5),(96,'2022-08-27',6),(97,'2022-08-27',7),(98,'2022-08-27',8),(99,'2022-08-27',9),(100,'2022-08-27',10),(101,'2022-08-27',11),(102,'2022-08-27',12),(103,'2022-08-27',13),(104,'2022-08-27',14),(105,'2022-08-27',15),(106,'2022-08-27',16),(107,'2022-08-27',17),(108,'2022-08-27',18),(109,'2022-08-28',1),(110,'2022-08-28',2),(111,'2022-08-28',3),(112,'2022-08-28',4),(113,'2022-08-28',5),(114,'2022-08-28',6),(115,'2022-08-28',7),(116,'2022-08-28',8),(117,'2022-08-28',9),(118,'2022-08-28',10),(119,'2022-08-28',11),(120,'2022-08-28',12),(121,'2022-08-28',13),(122,'2022-08-28',14),(123,'2022-08-28',15),(124,'2022-08-28',16),(125,'2022-08-28',17),(126,'2022-08-28',18),(127,'2022-08-29',1),(128,'2022-08-29',2),(129,'2022-08-29',3),(130,'2022-08-29',4),(131,'2022-08-29',5),(132,'2022-08-29',6),(133,'2022-08-29',7),(134,'2022-08-29',8),(135,'2022-08-29',9),(136,'2022-08-29',10),(137,'2022-08-29',11),(138,'2022-08-29',12),(139,'2022-08-29',13),(140,'2022-08-29',14),(141,'2022-08-29',15),(142,'2022-08-29',16),(143,'2022-08-29',17),(144,'2022-08-29',18),(145,'2022-08-30',1),(146,'2022-08-30',2),(147,'2022-08-30',3),(148,'2022-08-30',4),(149,'2022-08-30',5),(150,'2022-08-30',6),(151,'2022-08-30',7),(152,'2022-08-30',8),(153,'2022-08-30',9),(154,'2022-08-30',10),(155,'2022-08-30',11),(156,'2022-08-30',12),(157,'2022-08-30',13),(158,'2022-08-30',14),(159,'2022-08-30',15),(160,'2022-08-30',16),(161,'2022-08-30',17),(162,'2022-08-30',18),(163,'2022-08-31',1),(164,'2022-08-31',2),(165,'2022-08-31',3),(166,'2022-08-31',4),(167,'2022-08-31',5),(168,'2022-08-31',6),(169,'2022-08-31',7),(170,'2022-08-31',8),(171,'2022-08-31',9),(172,'2022-08-31',10),(173,'2022-08-31',11),(174,'2022-08-31',12),(175,'2022-08-31',13),(176,'2022-08-31',14),(177,'2022-08-31',15),(178,'2022-08-31',16),(179,'2022-08-31',17),(180,'2022-08-31',18),(181,'2022-09-01',1),(182,'2022-09-01',2),(183,'2022-09-01',3),(184,'2022-09-01',4),(185,'2022-09-01',5),(186,'2022-09-01',6),(187,'2022-09-01',7),(188,'2022-09-01',8),(189,'2022-09-01',9),(190,'2022-09-01',10),(191,'2022-09-01',11),(192,'2022-09-01',12),(193,'2022-09-01',13),(194,'2022-09-01',14),(195,'2022-09-01',15),(196,'2022-09-01',16),(197,'2022-09-01',17),(198,'2022-09-01',18),(199,'2022-09-02',1),(200,'2022-09-02',2),(201,'2022-09-02',3),(202,'2022-09-02',4),(203,'2022-09-02',5),(204,'2022-09-02',6),(205,'2022-09-02',7),(206,'2022-09-02',8),(207,'2022-09-02',9),(208,'2022-09-02',10),(209,'2022-09-02',11),(210,'2022-09-02',12),(211,'2022-09-02',13),(212,'2022-09-02',14),(213,'2022-09-02',15),(214,'2022-09-02',16),(215,'2022-09-02',17),(216,'2022-09-02',18),(217,'2022-09-03',1),(218,'2022-09-03',2),(219,'2022-09-03',3),(220,'2022-09-03',4),(221,'2022-09-03',5),(222,'2022-09-03',6),(223,'2022-09-03',7),(224,'2022-09-03',8),(225,'2022-09-03',9),(226,'2022-09-03',10),(227,'2022-09-03',11),(228,'2022-09-03',12),(229,'2022-09-03',13),(230,'2022-09-03',14),(231,'2022-09-03',15),(232,'2022-09-03',16),(233,'2022-09-03',17),(234,'2022-09-03',18),(235,'2022-09-04',1),(236,'2022-09-04',2),(237,'2022-09-04',3),(238,'2022-09-04',4),(239,'2022-09-04',5),(240,'2022-09-04',6),(241,'2022-09-04',7),(242,'2022-09-04',8),(243,'2022-09-04',9),(244,'2022-09-04',10),(245,'2022-09-04',11),(246,'2022-09-04',12),(247,'2022-09-04',13),(248,'2022-09-04',14),(249,'2022-09-04',15),(250,'2022-09-04',16),(251,'2022-09-04',17),(252,'2022-09-04',18),(253,'2022-09-05',1),(254,'2022-09-05',2),(255,'2022-09-05',3),(256,'2022-09-05',4),(257,'2022-09-05',5),(258,'2022-09-05',6),(259,'2022-09-05',7),(260,'2022-09-05',8),(261,'2022-09-05',9),(262,'2022-09-05',10),(263,'2022-09-05',11),(264,'2022-09-05',12),(265,'2022-09-05',13),(266,'2022-09-05',14),(267,'2022-09-05',15),(268,'2022-09-05',16),(269,'2022-09-05',17),(270,'2022-09-05',18),(271,'2022-09-06',1),(272,'2022-09-06',2),(273,'2022-09-06',3),(274,'2022-09-06',4),(275,'2022-09-06',5),(276,'2022-09-06',6),(277,'2022-09-06',7),(278,'2022-09-06',8),(279,'2022-09-06',9),(280,'2022-09-06',10),(281,'2022-09-06',11),(282,'2022-09-06',12),(283,'2022-09-06',13),(284,'2022-09-06',14),(285,'2022-09-06',15),(286,'2022-09-06',16),(287,'2022-09-06',17),(288,'2022-09-06',18),(289,'2022-09-07',1),(290,'2022-09-07',2),(291,'2022-09-07',3),(292,'2022-09-07',4),(293,'2022-09-07',5),(294,'2022-09-07',6),(295,'2022-09-07',7),(296,'2022-09-07',8),(297,'2022-09-07',9),(298,'2022-09-07',10),(299,'2022-09-07',11),(300,'2022-09-07',12),(301,'2022-09-07',13),(302,'2022-09-07',14),(303,'2022-09-07',15),(304,'2022-09-07',16),(305,'2022-09-07',17),(306,'2022-09-07',18),(307,'2022-09-08',1),(308,'2022-09-08',2),(309,'2022-09-08',3),(310,'2022-09-08',4),(311,'2022-09-08',5),(312,'2022-09-08',6),(313,'2022-09-08',7),(314,'2022-09-08',8),(315,'2022-09-08',9),(316,'2022-09-08',10),(317,'2022-09-08',11),(318,'2022-09-08',12),(319,'2022-09-08',13),(320,'2022-09-08',14),(321,'2022-09-08',15),(322,'2022-09-08',16),(323,'2022-09-08',17),(324,'2022-09-08',18),(325,'2022-09-09',1),(326,'2022-09-09',2),(327,'2022-09-09',3),(328,'2022-09-09',4),(329,'2022-09-09',5),(330,'2022-09-09',6),(331,'2022-09-09',7),(332,'2022-09-09',8),(333,'2022-09-09',9),(334,'2022-09-09',10),(335,'2022-09-09',11),(336,'2022-09-09',12),(337,'2022-09-09',13),(338,'2022-09-09',14),(339,'2022-09-09',15),(340,'2022-09-09',16),(341,'2022-09-09',17),(342,'2022-09-09',18),(343,'2022-09-10',1),(344,'2022-09-10',2),(345,'2022-09-10',3),(346,'2022-09-10',4),(347,'2022-09-10',5),(348,'2022-09-10',6),(349,'2022-09-10',7),(350,'2022-09-10',8),(351,'2022-09-10',9),(352,'2022-09-10',10),(353,'2022-09-10',11),(354,'2022-09-10',12),(355,'2022-09-10',13),(356,'2022-09-10',14),(357,'2022-09-10',15),(358,'2022-09-10',16),(359,'2022-09-10',17),(360,'2022-09-10',18),(361,'2022-09-11',1),(362,'2022-09-11',2),(363,'2022-09-11',3),(364,'2022-09-11',4),(365,'2022-09-11',5),(366,'2022-09-11',6),(367,'2022-09-11',7),(368,'2022-09-11',8),(369,'2022-09-11',9),(370,'2022-09-11',10),(371,'2022-09-11',11),(372,'2022-09-11',12),(373,'2022-09-11',13),(374,'2022-09-11',14),(375,'2022-09-11',15),(376,'2022-09-11',16),(377,'2022-09-11',17),(378,'2022-09-11',18),(379,'2022-09-12',1),(380,'2022-09-12',2),(381,'2022-09-12',3),(382,'2022-09-12',4),(383,'2022-09-12',5),(384,'2022-09-12',6),(385,'2022-09-12',7),(386,'2022-09-12',8),(387,'2022-09-12',9),(388,'2022-09-12',10),(389,'2022-09-12',11),(390,'2022-09-12',12),(391,'2022-09-12',13),(392,'2022-09-12',14),(393,'2022-09-12',15),(394,'2022-09-12',16),(395,'2022-09-12',17),(396,'2022-09-12',18),(397,'2022-09-13',1),(398,'2022-09-13',2),(399,'2022-09-13',3),(400,'2022-09-13',4),(401,'2022-09-13',5),(402,'2022-09-13',6),(403,'2022-09-13',7),(404,'2022-09-13',8),(405,'2022-09-13',9),(406,'2022-09-13',10),(407,'2022-09-13',11),(408,'2022-09-13',12),(409,'2022-09-13',13),(410,'2022-09-13',14),(411,'2022-09-13',15),(412,'2022-09-13',16),(413,'2022-09-13',17),(414,'2022-09-13',18),(415,'2022-09-14',1),(416,'2022-09-14',2),(417,'2022-09-14',3),(418,'2022-09-14',4),(419,'2022-09-14',5),(420,'2022-09-14',6),(421,'2022-09-14',7),(422,'2022-09-14',8),(423,'2022-09-14',9),(424,'2022-09-14',10),(425,'2022-09-14',11),(426,'2022-09-14',12),(427,'2022-09-14',13),(428,'2022-09-14',14),(429,'2022-09-14',15),(430,'2022-09-14',16),(431,'2022-09-14',17),(432,'2022-09-14',18),(433,'2022-09-15',1),(434,'2022-09-15',2),(435,'2022-09-15',3),(436,'2022-09-15',4),(437,'2022-09-15',5),(438,'2022-09-15',6),(439,'2022-09-15',7),(440,'2022-09-15',8),(441,'2022-09-15',9),(442,'2022-09-15',10),(443,'2022-09-15',11),(444,'2022-09-15',12),(445,'2022-09-15',13),(446,'2022-09-15',14),(447,'2022-09-15',15),(448,'2022-09-15',16),(449,'2022-09-15',17),(450,'2022-09-15',18),(451,'2022-09-16',1),(452,'2022-09-16',2),(453,'2022-09-16',3),(454,'2022-09-16',4),(455,'2022-09-16',5),(456,'2022-09-16',6),(457,'2022-09-16',7),(458,'2022-09-16',8),(459,'2022-09-16',9),(460,'2022-09-16',10),(461,'2022-09-16',11),(462,'2022-09-16',12),(463,'2022-09-16',13),(464,'2022-09-16',14),(465,'2022-09-16',15),(466,'2022-09-16',16),(467,'2022-09-16',17),(468,'2022-09-16',18),(469,'2022-09-17',1),(470,'2022-09-17',2),(471,'2022-09-17',3),(472,'2022-09-17',4),(473,'2022-09-17',5),(474,'2022-09-17',6),(475,'2022-09-17',7),(476,'2022-09-17',8),(477,'2022-09-17',9),(478,'2022-09-17',10),(479,'2022-09-17',11),(480,'2022-09-17',12),(481,'2022-09-17',13),(482,'2022-09-17',14),(483,'2022-09-17',15),(484,'2022-09-17',16),(485,'2022-09-17',17),(486,'2022-09-17',18),(487,'2022-09-18',1),(488,'2022-09-18',2),(489,'2022-09-18',3),(490,'2022-09-18',4),(491,'2022-09-18',5),(492,'2022-09-18',6),(493,'2022-09-18',7),(494,'2022-09-18',8),(495,'2022-09-18',9),(496,'2022-09-18',10),(497,'2022-09-18',11),(498,'2022-09-18',12),(499,'2022-09-18',13),(500,'2022-09-18',14),(501,'2022-09-18',15),(502,'2022-09-18',16),(503,'2022-09-18',17),(504,'2022-09-18',18),(505,'2022-09-19',1),(506,'2022-09-19',2),(507,'2022-09-19',3),(508,'2022-09-19',4),(509,'2022-09-19',5),(510,'2022-09-19',6),(511,'2022-09-19',7),(512,'2022-09-19',8),(513,'2022-09-19',9),(514,'2022-09-19',10),(515,'2022-09-19',11),(516,'2022-09-19',12),(517,'2022-09-19',13),(518,'2022-09-19',14),(519,'2022-09-19',15),(520,'2022-09-19',16),(521,'2022-09-19',17),(522,'2022-09-19',18),(523,'2022-09-20',1),(524,'2022-09-20',2),(525,'2022-09-20',3),(526,'2022-09-20',4),(527,'2022-09-20',5),(528,'2022-09-20',6),(529,'2022-09-20',7),(530,'2022-09-20',8),(531,'2022-09-20',9),(532,'2022-09-20',10),(533,'2022-09-20',11),(534,'2022-09-20',12),(535,'2022-09-20',13),(536,'2022-09-20',14),(537,'2022-09-20',15),(538,'2022-09-20',16),(539,'2022-09-20',17),(540,'2022-09-20',18),(541,'2022-09-21',1),(542,'2022-09-21',2),(543,'2022-09-21',3),(544,'2022-09-21',4),(545,'2022-09-21',5),(546,'2022-09-21',6),(547,'2022-09-21',7),(548,'2022-09-21',8),(549,'2022-09-21',9),(550,'2022-09-21',10),(551,'2022-09-21',11),(552,'2022-09-21',12),(553,'2022-09-21',13),(554,'2022-09-21',14),(555,'2022-09-21',15),(556,'2022-09-21',16),(557,'2022-09-21',17),(558,'2022-09-21',18),(559,'2022-09-22',1),(560,'2022-09-22',2),(561,'2022-09-22',3),(562,'2022-09-22',4),(563,'2022-09-22',5),(564,'2022-09-22',6),(565,'2022-09-22',7),(566,'2022-09-22',8),(567,'2022-09-22',9),(568,'2022-09-22',10),(569,'2022-09-22',11),(570,'2022-09-22',12),(571,'2022-09-22',13),(572,'2022-09-22',14),(573,'2022-09-22',15),(574,'2022-09-22',16),(575,'2022-09-22',17),(576,'2022-09-22',18),(577,'2022-09-23',1),(578,'2022-09-23',2),(579,'2022-09-23',3),(580,'2022-09-23',4),(581,'2022-09-23',5),(582,'2022-09-23',6),(583,'2022-09-23',7),(584,'2022-09-23',8),(585,'2022-09-23',9),(586,'2022-09-23',10),(587,'2022-09-23',11),(588,'2022-09-23',12),(589,'2022-09-23',13),(590,'2022-09-23',14),(591,'2022-09-23',15),(592,'2022-09-23',16),(593,'2022-09-23',17),(594,'2022-09-23',18),(595,'2022-09-24',1),(596,'2022-09-24',2),(597,'2022-09-24',3),(598,'2022-09-24',4),(599,'2022-09-24',5),(600,'2022-09-24',6),(601,'2022-09-24',7),(602,'2022-09-24',8),(603,'2022-09-24',9),(604,'2022-09-24',10),(605,'2022-09-24',11),(606,'2022-09-24',12),(607,'2022-09-24',13),(608,'2022-09-24',14),(609,'2022-09-24',15),(610,'2022-09-24',16),(611,'2022-09-24',17),(612,'2022-09-24',18),(613,'2022-09-25',1),(614,'2022-09-25',2),(615,'2022-09-25',3),(616,'2022-09-25',4),(617,'2022-09-25',5),(618,'2022-09-25',6),(619,'2022-09-25',7),(620,'2022-09-25',8),(621,'2022-09-25',9),(622,'2022-09-25',10),(623,'2022-09-25',11),(624,'2022-09-25',12),(625,'2022-09-25',13),(626,'2022-09-25',14),(627,'2022-09-25',15),(628,'2022-09-25',16),(629,'2022-09-25',17),(630,'2022-09-25',18),(631,'2022-09-26',1),(632,'2022-09-26',2),(633,'2022-09-26',3),(634,'2022-09-26',4),(635,'2022-09-26',5),(636,'2022-09-26',6),(637,'2022-09-26',7),(638,'2022-09-26',8),(639,'2022-09-26',9),(640,'2022-09-26',10),(641,'2022-09-26',11),(642,'2022-09-26',12),(643,'2022-09-26',13),(644,'2022-09-26',14),(645,'2022-09-26',15),(646,'2022-09-26',16),(647,'2022-09-26',17),(648,'2022-09-26',18),(649,'2022-09-27',1),(650,'2022-09-27',2),(651,'2022-09-27',3),(652,'2022-09-27',4),(653,'2022-09-27',5),(654,'2022-09-27',6),(655,'2022-09-27',7),(656,'2022-09-27',8),(657,'2022-09-27',9),(658,'2022-09-27',10),(659,'2022-09-27',11),(660,'2022-09-27',12),(661,'2022-09-27',13),(662,'2022-09-27',14),(663,'2022-09-27',15),(664,'2022-09-27',16),(665,'2022-09-27',17),(666,'2022-09-27',18),(667,'2022-09-28',1),(668,'2022-09-28',2),(669,'2022-09-28',3),(670,'2022-09-28',4),(671,'2022-09-28',5),(672,'2022-09-28',6),(673,'2022-09-28',7),(674,'2022-09-28',8),(675,'2022-09-28',9),(676,'2022-09-28',10),(677,'2022-09-28',11),(678,'2022-09-28',12),(679,'2022-09-28',13),(680,'2022-09-28',14),(681,'2022-09-28',15),(682,'2022-09-28',16),(683,'2022-09-28',17),(684,'2022-09-28',18),(685,'2022-09-29',1),(686,'2022-09-29',2),(687,'2022-09-29',3),(688,'2022-09-29',4),(689,'2022-09-29',5),(690,'2022-09-29',6),(691,'2022-09-29',7),(692,'2022-09-29',8),(693,'2022-09-29',9),(694,'2022-09-29',10),(695,'2022-09-29',11),(696,'2022-09-29',12),(697,'2022-09-29',13),(698,'2022-09-29',14),(699,'2022-09-29',15),(700,'2022-09-29',16),(701,'2022-09-29',17),(702,'2022-09-29',18),(703,'2022-09-30',1),(704,'2022-09-30',2),(705,'2022-09-30',3),(706,'2022-09-30',4),(707,'2022-09-30',5),(708,'2022-09-30',6),(709,'2022-09-30',7),(710,'2022-09-30',8),(711,'2022-09-30',9),(712,'2022-09-30',10),(713,'2022-09-30',11),(714,'2022-09-30',12),(715,'2022-09-30',13),(716,'2022-09-30',14),(717,'2022-09-30',15),(718,'2022-09-30',16),(719,'2022-09-30',17),(720,'2022-09-30',18),(721,'2022-10-01',1),(722,'2022-10-01',2),(723,'2022-10-01',3),(724,'2022-10-01',4),(725,'2022-10-01',5),(726,'2022-10-01',6),(727,'2022-10-01',7),(728,'2022-10-01',8),(729,'2022-10-01',9),(730,'2022-10-01',10),(731,'2022-10-01',11),(732,'2022-10-01',12),(733,'2022-10-01',13),(734,'2022-10-01',14),(735,'2022-10-01',15),(736,'2022-10-01',16),(737,'2022-10-01',17),(738,'2022-10-01',18),(739,'2022-10-02',1),(740,'2022-10-02',2),(741,'2022-10-02',3),(742,'2022-10-02',4),(743,'2022-10-02',5),(744,'2022-10-02',6),(745,'2022-10-02',7),(746,'2022-10-02',8),(747,'2022-10-02',9),(748,'2022-10-02',10),(749,'2022-10-02',11),(750,'2022-10-02',12),(751,'2022-10-02',13),(752,'2022-10-02',14),(753,'2022-10-02',15),(754,'2022-10-02',16),(755,'2022-10-02',17),(756,'2022-10-02',18),(757,'2022-10-03',1),(758,'2022-10-03',2),(759,'2022-10-03',3),(760,'2022-10-03',4),(761,'2022-10-03',5),(762,'2022-10-03',6),(763,'2022-10-03',7),(764,'2022-10-03',8),(765,'2022-10-03',9),(766,'2022-10-03',10),(767,'2022-10-03',11),(768,'2022-10-03',12),(769,'2022-10-03',13),(770,'2022-10-03',14),(771,'2022-10-03',15),(772,'2022-10-03',16),(773,'2022-10-03',17),(774,'2022-10-03',18),(775,'2022-10-04',1),(776,'2022-10-04',2),(777,'2022-10-04',3),(778,'2022-10-04',4),(779,'2022-10-04',5),(780,'2022-10-04',6),(781,'2022-10-04',7),(782,'2022-10-04',8),(783,'2022-10-04',9),(784,'2022-10-04',10),(785,'2022-10-04',11),(786,'2022-10-04',12),(787,'2022-10-04',13),(788,'2022-10-04',14),(789,'2022-10-04',15),(790,'2022-10-04',16),(791,'2022-10-04',17),(792,'2022-10-04',18),(793,'2022-10-05',1),(794,'2022-10-05',2),(795,'2022-10-05',3),(796,'2022-10-05',4),(797,'2022-10-05',5),(798,'2022-10-05',6),(799,'2022-10-05',7),(800,'2022-10-05',8),(801,'2022-10-05',9),(802,'2022-10-05',10),(803,'2022-10-05',11),(804,'2022-10-05',12),(805,'2022-10-05',13),(806,'2022-10-05',14),(807,'2022-10-05',15),(808,'2022-10-05',16),(809,'2022-10-05',17),(810,'2022-10-05',18),(811,'2022-10-06',1),(812,'2022-10-06',2),(813,'2022-10-06',3),(814,'2022-10-06',4),(815,'2022-10-06',5),(816,'2022-10-06',6),(817,'2022-10-06',7),(818,'2022-10-06',8),(819,'2022-10-06',9),(820,'2022-10-06',10),(821,'2022-10-06',11),(822,'2022-10-06',12),(823,'2022-10-06',13),(824,'2022-10-06',14),(825,'2022-10-06',15),(826,'2022-10-06',16),(827,'2022-10-06',17),(828,'2022-10-06',18),(829,'2022-10-07',1),(830,'2022-10-07',2),(831,'2022-10-07',3),(832,'2022-10-07',4),(833,'2022-10-07',5),(834,'2022-10-07',6),(835,'2022-10-07',7),(836,'2022-10-07',8),(837,'2022-10-07',9),(838,'2022-10-07',10),(839,'2022-10-07',11),(840,'2022-10-07',12),(841,'2022-10-07',13),(842,'2022-10-07',14),(843,'2022-10-07',15),(844,'2022-10-07',16),(845,'2022-10-07',17),(846,'2022-10-07',18),(847,'2022-10-08',1),(848,'2022-10-08',2),(849,'2022-10-08',3),(850,'2022-10-08',4),(851,'2022-10-08',5),(852,'2022-10-08',6),(853,'2022-10-08',7),(854,'2022-10-08',8),(855,'2022-10-08',9),(856,'2022-10-08',10),(857,'2022-10-08',11),(858,'2022-10-08',12),(859,'2022-10-08',13),(860,'2022-10-08',14),(861,'2022-10-08',15),(862,'2022-10-08',16),(863,'2022-10-08',17),(864,'2022-10-08',18),(865,'2022-10-09',1),(866,'2022-10-09',2),(867,'2022-10-09',3),(868,'2022-10-09',4),(869,'2022-10-09',5),(870,'2022-10-09',6),(871,'2022-10-09',7),(872,'2022-10-09',8),(873,'2022-10-09',9),(874,'2022-10-09',10),(875,'2022-10-09',11),(876,'2022-10-09',12),(877,'2022-10-09',13),(878,'2022-10-09',14),(879,'2022-10-09',15),(880,'2022-10-09',16),(881,'2022-10-09',17),(882,'2022-10-09',18),(883,'2022-10-10',1),(884,'2022-10-10',2),(885,'2022-10-10',3),(886,'2022-10-10',4),(887,'2022-10-10',5),(888,'2022-10-10',6),(889,'2022-10-10',7),(890,'2022-10-10',8),(891,'2022-10-10',9),(892,'2022-10-10',10),(893,'2022-10-10',11),(894,'2022-10-10',12),(895,'2022-10-10',13),(896,'2022-10-10',14),(897,'2022-10-10',15),(898,'2022-10-10',16),(899,'2022-10-10',17),(900,'2022-10-10',18),(901,'2022-10-11',1),(902,'2022-10-11',2),(903,'2022-10-11',3),(904,'2022-10-11',4),(905,'2022-10-11',5),(906,'2022-10-11',6),(907,'2022-10-11',7),(908,'2022-10-11',8),(909,'2022-10-11',9),(910,'2022-10-11',10),(911,'2022-10-11',11),(912,'2022-10-11',12),(913,'2022-10-11',13),(914,'2022-10-11',14),(915,'2022-10-11',15),(916,'2022-10-11',16),(917,'2022-10-11',17),(918,'2022-10-11',18),(919,'2022-10-12',1),(920,'2022-10-12',2),(921,'2022-10-12',3),(922,'2022-10-12',4),(923,'2022-10-12',5),(924,'2022-10-12',6),(925,'2022-10-12',7),(926,'2022-10-12',8),(927,'2022-10-12',9),(928,'2022-10-12',10),(929,'2022-10-12',11),(930,'2022-10-12',12),(931,'2022-10-12',13),(932,'2022-10-12',14),(933,'2022-10-12',15),(934,'2022-10-12',16),(935,'2022-10-12',17),(936,'2022-10-12',18),(937,'2022-10-13',1),(938,'2022-10-13',2),(939,'2022-10-13',3),(940,'2022-10-13',4),(941,'2022-10-13',5),(942,'2022-10-13',6),(943,'2022-10-13',7),(944,'2022-10-13',8),(945,'2022-10-13',9),(946,'2022-10-13',10),(947,'2022-10-13',11),(948,'2022-10-13',12),(949,'2022-10-13',13),(950,'2022-10-13',14),(951,'2022-10-13',15),(952,'2022-10-13',16),(953,'2022-10-13',17),(954,'2022-10-13',18),(955,'2022-10-14',1),(956,'2022-10-14',2),(957,'2022-10-14',3),(958,'2022-10-14',4),(959,'2022-10-14',5),(960,'2022-10-14',6),(961,'2022-10-14',7),(962,'2022-10-14',8),(963,'2022-10-14',9),(964,'2022-10-14',10),(965,'2022-10-14',11),(966,'2022-10-14',12),(967,'2022-10-14',13),(968,'2022-10-14',14),(969,'2022-10-14',15),(970,'2022-10-14',16),(971,'2022-10-14',17),(972,'2022-10-14',18),(973,'2022-10-15',1),(974,'2022-10-15',2),(975,'2022-10-15',3),(976,'2022-10-15',4),(977,'2022-10-15',5),(978,'2022-10-15',6),(979,'2022-10-15',7),(980,'2022-10-15',8),(981,'2022-10-15',9),(982,'2022-10-15',10),(983,'2022-10-15',11),(984,'2022-10-15',12),(985,'2022-10-15',13),(986,'2022-10-15',14),(987,'2022-10-15',15),(988,'2022-10-15',16),(989,'2022-10-15',17),(990,'2022-10-15',18),(991,'2022-10-16',1),(992,'2022-10-16',2),(993,'2022-10-16',3),(994,'2022-10-16',4),(995,'2022-10-16',5),(996,'2022-10-16',6),(997,'2022-10-16',7),(998,'2022-10-16',8),(999,'2022-10-16',9),(1000,'2022-10-16',10),(1001,'2022-10-16',11),(1002,'2022-10-16',12),(1003,'2022-10-16',13),(1004,'2022-10-16',14),(1005,'2022-10-16',15),(1006,'2022-10-16',16),(1007,'2022-10-16',17),(1008,'2022-10-16',18),(1009,'2022-10-17',1),(1010,'2022-10-17',2),(1011,'2022-10-17',3),(1012,'2022-10-17',4),(1013,'2022-10-17',5),(1014,'2022-10-17',6),(1015,'2022-10-17',7),(1016,'2022-10-17',8),(1017,'2022-10-17',9),(1018,'2022-10-17',10),(1019,'2022-10-17',11),(1020,'2022-10-17',12),(1021,'2022-10-17',13),(1022,'2022-10-17',14),(1023,'2022-10-17',15),(1024,'2022-10-17',16),(1025,'2022-10-17',17),(1026,'2022-10-17',18),(1027,'2022-10-18',1),(1028,'2022-10-18',2),(1029,'2022-10-18',3),(1030,'2022-10-18',4),(1031,'2022-10-18',5),(1032,'2022-10-18',6),(1033,'2022-10-18',7),(1034,'2022-10-18',8),(1035,'2022-10-18',9),(1036,'2022-10-18',10),(1037,'2022-10-18',11),(1038,'2022-10-18',12),(1039,'2022-10-18',13),(1040,'2022-10-18',14),(1041,'2022-10-18',15),(1042,'2022-10-18',16),(1043,'2022-10-18',17),(1044,'2022-10-18',18),(1045,'2022-10-19',1),(1046,'2022-10-19',2),(1047,'2022-10-19',3),(1048,'2022-10-19',4),(1049,'2022-10-19',5),(1050,'2022-10-19',6),(1051,'2022-10-19',7),(1052,'2022-10-19',8),(1053,'2022-10-19',9),(1054,'2022-10-19',10),(1055,'2022-10-19',11),(1056,'2022-10-19',12),(1057,'2022-10-19',13),(1058,'2022-10-19',14),(1059,'2022-10-19',15),(1060,'2022-10-19',16),(1061,'2022-10-19',17),(1062,'2022-10-19',18),(1063,'2022-10-20',1),(1064,'2022-10-20',2),(1065,'2022-10-20',3),(1066,'2022-10-20',4),(1067,'2022-10-20',5),(1068,'2022-10-20',6),(1069,'2022-10-20',7),(1070,'2022-10-20',8),(1071,'2022-10-20',9),(1072,'2022-10-20',10),(1073,'2022-10-20',11),(1074,'2022-10-20',12),(1075,'2022-10-20',13),(1076,'2022-10-20',14),(1077,'2022-10-20',15),(1078,'2022-10-20',16),(1079,'2022-10-20',17),(1080,'2022-10-20',18),(1081,'2022-10-21',1),(1082,'2022-10-21',2),(1083,'2022-10-21',3),(1084,'2022-10-21',4),(1085,'2022-10-21',5),(1086,'2022-10-21',6),(1087,'2022-10-21',7),(1088,'2022-10-21',8),(1089,'2022-10-21',9),(1090,'2022-10-21',10),(1091,'2022-10-21',11),(1092,'2022-10-21',12),(1093,'2022-10-21',13),(1094,'2022-10-21',14),(1095,'2022-10-21',15),(1096,'2022-10-21',16),(1097,'2022-10-21',17),(1098,'2022-10-21',18),(1099,'2022-10-22',1),(1100,'2022-10-22',2),(1101,'2022-10-22',3),(1102,'2022-10-22',4),(1103,'2022-10-22',5),(1104,'2022-10-22',6),(1105,'2022-10-22',7),(1106,'2022-10-22',8),(1107,'2022-10-22',9),(1108,'2022-10-22',10),(1109,'2022-10-22',11),(1110,'2022-10-22',12),(1111,'2022-10-22',13),(1112,'2022-10-22',14),(1113,'2022-10-22',15),(1114,'2022-10-22',16),(1115,'2022-10-22',17),(1116,'2022-10-22',18),(1117,'2022-10-23',1),(1118,'2022-10-23',2),(1119,'2022-10-23',3),(1120,'2022-10-23',4),(1121,'2022-10-23',5),(1122,'2022-10-23',6),(1123,'2022-10-23',7),(1124,'2022-10-23',8),(1125,'2022-10-23',9),(1126,'2022-10-23',10),(1127,'2022-10-23',11),(1128,'2022-10-23',12),(1129,'2022-10-23',13),(1130,'2022-10-23',14),(1131,'2022-10-23',15),(1132,'2022-10-23',16),(1133,'2022-10-23',17),(1134,'2022-10-23',18),(1135,'2022-10-24',1),(1136,'2022-10-24',2),(1137,'2022-10-24',3),(1138,'2022-10-24',4),(1139,'2022-10-24',5),(1140,'2022-10-24',6),(1141,'2022-10-24',7),(1142,'2022-10-24',8),(1143,'2022-10-24',9),(1144,'2022-10-24',10),(1145,'2022-10-24',11),(1146,'2022-10-24',12),(1147,'2022-10-24',13),(1148,'2022-10-24',14),(1149,'2022-10-24',15),(1150,'2022-10-24',16),(1151,'2022-10-24',17),(1152,'2022-10-24',18),(1153,'2022-10-25',1),(1154,'2022-10-25',2),(1155,'2022-10-25',3),(1156,'2022-10-25',4),(1157,'2022-10-25',5),(1158,'2022-10-25',6),(1159,'2022-10-25',7),(1160,'2022-10-25',8),(1161,'2022-10-25',9),(1162,'2022-10-25',10),(1163,'2022-10-25',11),(1164,'2022-10-25',12),(1165,'2022-10-25',13),(1166,'2022-10-25',14),(1167,'2022-10-25',15),(1168,'2022-10-25',16),(1169,'2022-10-25',17),(1170,'2022-10-25',18),(1171,'2022-10-26',1),(1172,'2022-10-26',2),(1173,'2022-10-26',3),(1174,'2022-10-26',4),(1175,'2022-10-26',5),(1176,'2022-10-26',6),(1177,'2022-10-26',7),(1178,'2022-10-26',8),(1179,'2022-10-26',9),(1180,'2022-10-26',10),(1181,'2022-10-26',11),(1182,'2022-10-26',12),(1183,'2022-10-26',13),(1184,'2022-10-26',14),(1185,'2022-10-26',15),(1186,'2022-10-26',16),(1187,'2022-10-26',17),(1188,'2022-10-26',18),(1189,'2022-10-27',1),(1190,'2022-10-27',2),(1191,'2022-10-27',3),(1192,'2022-10-27',4),(1193,'2022-10-27',5),(1194,'2022-10-27',6),(1195,'2022-10-27',7),(1196,'2022-10-27',8),(1197,'2022-10-27',9),(1198,'2022-10-27',10),(1199,'2022-10-27',11),(1200,'2022-10-27',12),(1201,'2022-10-27',13),(1202,'2022-10-27',14),(1203,'2022-10-27',15),(1204,'2022-10-27',16),(1205,'2022-10-27',17),(1206,'2022-10-27',18),(1207,'2022-10-28',1),(1208,'2022-10-28',2),(1209,'2022-10-28',3),(1210,'2022-10-28',4),(1211,'2022-10-28',5),(1212,'2022-10-28',6),(1213,'2022-10-28',7),(1214,'2022-10-28',8),(1215,'2022-10-28',9),(1216,'2022-10-28',10),(1217,'2022-10-28',11),(1218,'2022-10-28',12),(1219,'2022-10-28',13),(1220,'2022-10-28',14),(1221,'2022-10-28',15),(1222,'2022-10-28',16),(1223,'2022-10-28',17),(1224,'2022-10-28',18),(1225,'2022-10-29',1),(1226,'2022-10-29',2),(1227,'2022-10-29',3),(1228,'2022-10-29',4),(1229,'2022-10-29',5),(1230,'2022-10-29',6),(1231,'2022-10-29',7),(1232,'2022-10-29',8),(1233,'2022-10-29',9),(1234,'2022-10-29',10),(1235,'2022-10-29',11),(1236,'2022-10-29',12),(1237,'2022-10-29',13),(1238,'2022-10-29',14),(1239,'2022-10-29',15),(1240,'2022-10-29',16),(1241,'2022-10-29',17),(1242,'2022-10-29',18),(1243,'2022-10-30',1),(1244,'2022-10-30',2),(1245,'2022-10-30',3),(1246,'2022-10-30',4),(1247,'2022-10-30',5),(1248,'2022-10-30',6),(1249,'2022-10-30',7),(1250,'2022-10-30',8),(1251,'2022-10-30',9),(1252,'2022-10-30',10),(1253,'2022-10-30',11),(1254,'2022-10-30',12),(1255,'2022-10-30',13),(1256,'2022-10-30',14),(1257,'2022-10-30',15),(1258,'2022-10-30',16),(1259,'2022-10-30',17),(1260,'2022-10-30',18),(1261,'2022-10-31',1),(1262,'2022-10-31',2),(1263,'2022-10-31',3),(1264,'2022-10-31',4),(1265,'2022-10-31',5),(1266,'2022-10-31',6),(1267,'2022-10-31',7),(1268,'2022-10-31',8),(1269,'2022-10-31',9),(1270,'2022-10-31',10),(1271,'2022-10-31',11),(1272,'2022-10-31',12),(1273,'2022-10-31',13),(1274,'2022-10-31',14),(1275,'2022-10-31',15),(1276,'2022-10-31',16),(1277,'2022-10-31',17),(1278,'2022-10-31',18),(1279,'2022-11-01',1),(1280,'2022-11-01',2),(1281,'2022-11-01',3),(1282,'2022-11-01',4),(1283,'2022-11-01',5),(1284,'2022-11-01',6),(1285,'2022-11-01',7),(1286,'2022-11-01',8),(1287,'2022-11-01',9),(1288,'2022-11-01',10),(1289,'2022-11-01',11),(1290,'2022-11-01',12),(1291,'2022-11-01',13),(1292,'2022-11-01',14),(1293,'2022-11-01',15),(1294,'2022-11-01',16),(1295,'2022-11-01',17),(1296,'2022-11-01',18),(1297,'2022-11-02',1),(1298,'2022-11-02',2),(1299,'2022-11-02',3),(1300,'2022-11-02',4),(1301,'2022-11-02',5),(1302,'2022-11-02',6),(1303,'2022-11-02',7),(1304,'2022-11-02',8),(1305,'2022-11-02',9),(1306,'2022-11-02',10),(1307,'2022-11-02',11),(1308,'2022-11-02',12),(1309,'2022-11-02',13),(1310,'2022-11-02',14),(1311,'2022-11-02',15),(1312,'2022-11-02',16),(1313,'2022-11-02',17),(1314,'2022-11-02',18),(1315,'2022-11-03',1),(1316,'2022-11-03',2),(1317,'2022-11-03',3),(1318,'2022-11-03',4),(1319,'2022-11-03',5),(1320,'2022-11-03',6),(1321,'2022-11-03',7),(1322,'2022-11-03',8),(1323,'2022-11-03',9),(1324,'2022-11-03',10),(1325,'2022-11-03',11),(1326,'2022-11-03',12),(1327,'2022-11-03',13),(1328,'2022-11-03',14),(1329,'2022-11-03',15),(1330,'2022-11-03',16),(1331,'2022-11-03',17),(1332,'2022-11-03',18),(1333,'2022-11-04',1),(1334,'2022-11-04',2),(1335,'2022-11-04',3),(1336,'2022-11-04',4),(1337,'2022-11-04',5),(1338,'2022-11-04',6),(1339,'2022-11-04',7),(1340,'2022-11-04',8),(1341,'2022-11-04',9),(1342,'2022-11-04',10),(1343,'2022-11-04',11),(1344,'2022-11-04',12),(1345,'2022-11-04',13),(1346,'2022-11-04',14),(1347,'2022-11-04',15),(1348,'2022-11-04',16),(1349,'2022-11-04',17),(1350,'2022-11-04',18),(1351,'2022-11-05',1),(1352,'2022-11-05',2),(1353,'2022-11-05',3),(1354,'2022-11-05',4),(1355,'2022-11-05',5),(1356,'2022-11-05',6),(1357,'2022-11-05',7),(1358,'2022-11-05',8),(1359,'2022-11-05',9),(1360,'2022-11-05',10),(1361,'2022-11-05',11),(1362,'2022-11-05',12),(1363,'2022-11-05',13),(1364,'2022-11-05',14),(1365,'2022-11-05',15),(1366,'2022-11-05',16),(1367,'2022-11-05',17),(1368,'2022-11-05',18),(1369,'2022-11-06',1),(1370,'2022-11-06',2),(1371,'2022-11-06',3),(1372,'2022-11-06',4),(1373,'2022-11-06',5),(1374,'2022-11-06',6),(1375,'2022-11-06',7),(1376,'2022-11-06',8),(1377,'2022-11-06',9),(1378,'2022-11-06',10),(1379,'2022-11-06',11),(1380,'2022-11-06',12),(1381,'2022-11-06',13),(1382,'2022-11-06',14),(1383,'2022-11-06',15),(1384,'2022-11-06',16),(1385,'2022-11-06',17),(1386,'2022-11-06',18),(1387,'2022-11-07',1),(1388,'2022-11-07',2),(1389,'2022-11-07',3),(1390,'2022-11-07',4),(1391,'2022-11-07',5),(1392,'2022-11-07',6),(1393,'2022-11-07',7),(1394,'2022-11-07',8),(1395,'2022-11-07',9),(1396,'2022-11-07',10),(1397,'2022-11-07',11),(1398,'2022-11-07',12),(1399,'2022-11-07',13),(1400,'2022-11-07',14),(1401,'2022-11-07',15),(1402,'2022-11-07',16),(1403,'2022-11-07',17),(1404,'2022-11-07',18),(1405,'2022-11-08',1),(1406,'2022-11-08',2),(1407,'2022-11-08',3),(1408,'2022-11-08',4),(1409,'2022-11-08',5),(1410,'2022-11-08',6),(1411,'2022-11-08',7),(1412,'2022-11-08',8),(1413,'2022-11-08',9),(1414,'2022-11-08',10),(1415,'2022-11-08',11),(1416,'2022-11-08',12),(1417,'2022-11-08',13),(1418,'2022-11-08',14),(1419,'2022-11-08',15),(1420,'2022-11-08',16),(1421,'2022-11-08',17),(1422,'2022-11-08',18),(1423,'2022-11-09',1),(1424,'2022-11-09',2),(1425,'2022-11-09',3),(1426,'2022-11-09',4),(1427,'2022-11-09',5),(1428,'2022-11-09',6),(1429,'2022-11-09',7),(1430,'2022-11-09',8),(1431,'2022-11-09',9),(1432,'2022-11-09',10),(1433,'2022-11-09',11),(1434,'2022-11-09',12),(1435,'2022-11-09',13),(1436,'2022-11-09',14),(1437,'2022-11-09',15),(1438,'2022-11-09',16),(1439,'2022-11-09',17),(1440,'2022-11-09',18),(1441,'2022-11-10',1),(1442,'2022-11-10',2),(1443,'2022-11-10',3),(1444,'2022-11-10',4),(1445,'2022-11-10',5),(1446,'2022-11-10',6),(1447,'2022-11-10',7),(1448,'2022-11-10',8),(1449,'2022-11-10',9),(1450,'2022-11-10',10),(1451,'2022-11-10',11),(1452,'2022-11-10',12),(1453,'2022-11-10',13),(1454,'2022-11-10',14),(1455,'2022-11-10',15),(1456,'2022-11-10',16),(1457,'2022-11-10',17),(1458,'2022-11-10',18),(1459,'2022-11-11',1),(1460,'2022-11-11',2),(1461,'2022-11-11',3),(1462,'2022-11-11',4),(1463,'2022-11-11',5),(1464,'2022-11-11',6),(1465,'2022-11-11',7),(1466,'2022-11-11',8),(1467,'2022-11-11',9),(1468,'2022-11-11',10),(1469,'2022-11-11',11),(1470,'2022-11-11',12),(1471,'2022-11-11',13),(1472,'2022-11-11',14),(1473,'2022-11-11',15),(1474,'2022-11-11',16),(1475,'2022-11-11',17),(1476,'2022-11-11',18),(1477,'2022-11-12',1),(1478,'2022-11-12',2),(1479,'2022-11-12',3),(1480,'2022-11-12',4),(1481,'2022-11-12',5),(1482,'2022-11-12',6),(1483,'2022-11-12',7),(1484,'2022-11-12',8),(1485,'2022-11-12',9),(1486,'2022-11-12',10),(1487,'2022-11-12',11),(1488,'2022-11-12',12),(1489,'2022-11-12',13),(1490,'2022-11-12',14),(1491,'2022-11-12',15),(1492,'2022-11-12',16),(1493,'2022-11-12',17),(1494,'2022-11-12',18),(1495,'2022-11-13',1),(1496,'2022-11-13',2),(1497,'2022-11-13',3),(1498,'2022-11-13',4),(1499,'2022-11-13',5),(1500,'2022-11-13',6),(1501,'2022-11-13',7),(1502,'2022-11-13',8),(1503,'2022-11-13',9),(1504,'2022-11-13',10),(1505,'2022-11-13',11),(1506,'2022-11-13',12),(1507,'2022-11-13',13),(1508,'2022-11-13',14),(1509,'2022-11-13',15),(1510,'2022-11-13',16),(1511,'2022-11-13',17),(1512,'2022-11-13',18),(1513,'2022-11-14',1),(1514,'2022-11-14',2),(1515,'2022-11-14',3),(1516,'2022-11-14',4),(1517,'2022-11-14',5),(1518,'2022-11-14',6),(1519,'2022-11-14',7),(1520,'2022-11-14',8),(1521,'2022-11-14',9),(1522,'2022-11-14',10),(1523,'2022-11-14',11),(1524,'2022-11-14',12),(1525,'2022-11-14',13),(1526,'2022-11-14',14),(1527,'2022-11-14',15),(1528,'2022-11-14',16),(1529,'2022-11-14',17),(1530,'2022-11-14',18),(1531,'2022-11-15',1),(1532,'2022-11-15',2),(1533,'2022-11-15',3),(1534,'2022-11-15',4),(1535,'2022-11-15',5),(1536,'2022-11-15',6),(1537,'2022-11-15',7),(1538,'2022-11-15',8),(1539,'2022-11-15',9),(1540,'2022-11-15',10),(1541,'2022-11-15',11),(1542,'2022-11-15',12),(1543,'2022-11-15',13),(1544,'2022-11-15',14),(1545,'2022-11-15',15),(1546,'2022-11-15',16),(1547,'2022-11-15',17),(1548,'2022-11-15',18),(1549,'2022-11-16',1),(1550,'2022-11-16',2),(1551,'2022-11-16',3),(1552,'2022-11-16',4),(1553,'2022-11-16',5),(1554,'2022-11-16',6),(1555,'2022-11-16',7),(1556,'2022-11-16',8),(1557,'2022-11-16',9),(1558,'2022-11-16',10),(1559,'2022-11-16',11),(1560,'2022-11-16',12),(1561,'2022-11-16',13),(1562,'2022-11-16',14),(1563,'2022-11-16',15),(1564,'2022-11-16',16),(1565,'2022-11-16',17),(1566,'2022-11-16',18),(1567,'2022-11-17',1),(1568,'2022-11-17',2),(1569,'2022-11-17',3),(1570,'2022-11-17',4),(1571,'2022-11-17',5),(1572,'2022-11-17',6),(1573,'2022-11-17',7),(1574,'2022-11-17',8),(1575,'2022-11-17',9),(1576,'2022-11-17',10),(1577,'2022-11-17',11),(1578,'2022-11-17',12),(1579,'2022-11-17',13),(1580,'2022-11-17',14),(1581,'2022-11-17',15),(1582,'2022-11-17',16),(1583,'2022-11-17',17),(1584,'2022-11-17',18),(1585,'2022-11-18',1),(1586,'2022-11-18',2),(1587,'2022-11-18',3),(1588,'2022-11-18',4),(1589,'2022-11-18',5),(1590,'2022-11-18',6),(1591,'2022-11-18',7),(1592,'2022-11-18',8),(1593,'2022-11-18',9),(1594,'2022-11-18',10),(1595,'2022-11-18',11),(1596,'2022-11-18',12),(1597,'2022-11-18',13),(1598,'2022-11-18',14),(1599,'2022-11-18',15),(1600,'2022-11-18',16),(1601,'2022-11-18',17),(1602,'2022-11-18',18),(1603,'2022-11-19',1),(1604,'2022-11-19',2),(1605,'2022-11-19',3),(1606,'2022-11-19',4),(1607,'2022-11-19',5),(1608,'2022-11-19',6),(1609,'2022-11-19',7),(1610,'2022-11-19',8),(1611,'2022-11-19',9),(1612,'2022-11-19',10),(1613,'2022-11-19',11),(1614,'2022-11-19',12),(1615,'2022-11-19',13),(1616,'2022-11-19',14),(1617,'2022-11-19',15),(1618,'2022-11-19',16),(1619,'2022-11-19',17),(1620,'2022-11-19',18),(1621,'2022-11-20',1),(1622,'2022-11-20',2),(1623,'2022-11-20',3),(1624,'2022-11-20',4),(1625,'2022-11-20',5),(1626,'2022-11-20',6),(1627,'2022-11-20',7),(1628,'2022-11-20',8),(1629,'2022-11-20',9),(1630,'2022-11-20',10),(1631,'2022-11-20',11),(1632,'2022-11-20',12),(1633,'2022-11-20',13),(1634,'2022-11-20',14),(1635,'2022-11-20',15),(1636,'2022-11-20',16),(1637,'2022-11-20',17),(1638,'2022-11-20',18),(1639,'2022-11-21',1),(1640,'2022-11-21',2),(1641,'2022-11-21',3),(1642,'2022-11-21',4),(1643,'2022-11-21',5),(1644,'2022-11-21',6),(1645,'2022-11-21',7),(1646,'2022-11-21',8),(1647,'2022-11-21',9),(1648,'2022-11-21',10),(1649,'2022-11-21',11),(1650,'2022-11-21',12),(1651,'2022-11-21',13),(1652,'2022-11-21',14),(1653,'2022-11-21',15),(1654,'2022-11-21',16),(1655,'2022-11-21',17),(1656,'2022-11-21',18),(1657,'2022-11-22',1),(1658,'2022-11-22',2),(1659,'2022-11-22',3),(1660,'2022-11-22',4),(1661,'2022-11-22',5),(1662,'2022-11-22',6),(1663,'2022-11-22',7),(1664,'2022-11-22',8),(1665,'2022-11-22',9),(1666,'2022-11-22',10),(1667,'2022-11-22',11),(1668,'2022-11-22',12),(1669,'2022-11-22',13),(1670,'2022-11-22',14),(1671,'2022-11-22',15),(1672,'2022-11-22',16),(1673,'2022-11-22',17),(1674,'2022-11-22',18),(1675,'2022-11-23',1),(1676,'2022-11-23',2),(1677,'2022-11-23',3),(1678,'2022-11-23',4),(1679,'2022-11-23',5),(1680,'2022-11-23',6),(1681,'2022-11-23',7),(1682,'2022-11-23',8),(1683,'2022-11-23',9),(1684,'2022-11-23',10),(1685,'2022-11-23',11),(1686,'2022-11-23',12),(1687,'2022-11-23',13),(1688,'2022-11-23',14),(1689,'2022-11-23',15),(1690,'2022-11-23',16),(1691,'2022-11-23',17),(1692,'2022-11-23',18),(1693,'2022-11-24',1),(1694,'2022-11-24',2),(1695,'2022-11-24',3),(1696,'2022-11-24',4),(1697,'2022-11-24',5),(1698,'2022-11-24',6),(1699,'2022-11-24',7),(1700,'2022-11-24',8),(1701,'2022-11-24',9),(1702,'2022-11-24',10),(1703,'2022-11-24',11),(1704,'2022-11-24',12),(1705,'2022-11-24',13),(1706,'2022-11-24',14),(1707,'2022-11-24',15),(1708,'2022-11-24',16),(1709,'2022-11-24',17),(1710,'2022-11-24',18),(1711,'2022-11-25',1),(1712,'2022-11-25',2),(1713,'2022-11-25',3),(1714,'2022-11-25',4),(1715,'2022-11-25',5),(1716,'2022-11-25',6),(1717,'2022-11-25',7),(1718,'2022-11-25',8),(1719,'2022-11-25',9),(1720,'2022-11-25',10),(1721,'2022-11-25',11),(1722,'2022-11-25',12),(1723,'2022-11-25',13),(1724,'2022-11-25',14),(1725,'2022-11-25',15),(1726,'2022-11-25',16),(1727,'2022-11-25',17),(1728,'2022-11-25',18),(1729,'2022-11-26',1),(1730,'2022-11-26',2),(1731,'2022-11-26',3),(1732,'2022-11-26',4),(1733,'2022-11-26',5),(1734,'2022-11-26',6),(1735,'2022-11-26',7),(1736,'2022-11-26',8),(1737,'2022-11-26',9),(1738,'2022-11-26',10),(1739,'2022-11-26',11),(1740,'2022-11-26',12),(1741,'2022-11-26',13),(1742,'2022-11-26',14),(1743,'2022-11-26',15),(1744,'2022-11-26',16),(1745,'2022-11-26',17),(1746,'2022-11-26',18),(1747,'2022-11-27',1),(1748,'2022-11-27',2),(1749,'2022-11-27',3),(1750,'2022-11-27',4),(1751,'2022-11-27',5),(1752,'2022-11-27',6),(1753,'2022-11-27',7),(1754,'2022-11-27',8),(1755,'2022-11-27',9),(1756,'2022-11-27',10),(1757,'2022-11-27',11),(1758,'2022-11-27',12),(1759,'2022-11-27',13),(1760,'2022-11-27',14),(1761,'2022-11-27',15),(1762,'2022-11-27',16),(1763,'2022-11-27',17),(1764,'2022-11-27',18),(1765,'2022-11-28',1),(1766,'2022-11-28',2),(1767,'2022-11-28',3),(1768,'2022-11-28',4),(1769,'2022-11-28',5),(1770,'2022-11-28',6),(1771,'2022-11-28',7),(1772,'2022-11-28',8),(1773,'2022-11-28',9),(1774,'2022-11-28',10),(1775,'2022-11-28',11),(1776,'2022-11-28',12),(1777,'2022-11-28',13),(1778,'2022-11-28',14),(1779,'2022-11-28',15),(1780,'2022-11-28',16),(1781,'2022-11-28',17),(1782,'2022-11-28',18),(1783,'2022-11-29',1),(1784,'2022-11-29',2),(1785,'2022-11-29',3),(1786,'2022-11-29',4),(1787,'2022-11-29',5),(1788,'2022-11-29',6),(1789,'2022-11-29',7),(1790,'2022-11-29',8),(1791,'2022-11-29',9),(1792,'2022-11-29',10),(1793,'2022-11-29',11),(1794,'2022-11-29',12),(1795,'2022-11-29',13),(1796,'2022-11-29',14),(1797,'2022-11-29',15),(1798,'2022-11-29',16),(1799,'2022-11-29',17),(1800,'2022-11-29',18),(1801,'2022-11-30',1),(1802,'2022-11-30',2),(1803,'2022-11-30',3),(1804,'2022-11-30',4),(1805,'2022-11-30',5),(1806,'2022-11-30',6),(1807,'2022-11-30',7),(1808,'2022-11-30',8),(1809,'2022-11-30',9),(1810,'2022-11-30',10),(1811,'2022-11-30',11),(1812,'2022-11-30',12),(1813,'2022-11-30',13),(1814,'2022-11-30',14),(1815,'2022-11-30',15),(1816,'2022-11-30',16),(1817,'2022-11-30',17),(1818,'2022-11-30',18),(1819,'2022-12-01',1),(1820,'2022-12-01',2),(1821,'2022-12-01',3),(1822,'2022-12-01',4),(1823,'2022-12-01',5),(1824,'2022-12-01',6),(1825,'2022-12-01',7),(1826,'2022-12-01',8),(1827,'2022-12-01',9),(1828,'2022-12-01',10),(1829,'2022-12-01',11),(1830,'2022-12-01',12),(1831,'2022-12-01',13),(1832,'2022-12-01',14),(1833,'2022-12-01',15),(1834,'2022-12-01',16),(1835,'2022-12-01',17),(1836,'2022-12-01',18),(1837,'2022-12-02',1),(1838,'2022-12-02',2),(1839,'2022-12-02',3),(1840,'2022-12-02',4),(1841,'2022-12-02',5),(1842,'2022-12-02',6),(1843,'2022-12-02',7),(1844,'2022-12-02',8),(1845,'2022-12-02',9),(1846,'2022-12-02',10),(1847,'2022-12-02',11),(1848,'2022-12-02',12),(1849,'2022-12-02',13),(1850,'2022-12-02',14),(1851,'2022-12-02',15),(1852,'2022-12-02',16),(1853,'2022-12-02',17),(1854,'2022-12-02',18),(1855,'2022-12-03',1),(1856,'2022-12-03',2),(1857,'2022-12-03',3),(1858,'2022-12-03',4),(1859,'2022-12-03',5),(1860,'2022-12-03',6),(1861,'2022-12-03',7),(1862,'2022-12-03',8),(1863,'2022-12-03',9),(1864,'2022-12-03',10),(1865,'2022-12-03',11),(1866,'2022-12-03',12),(1867,'2022-12-03',13),(1868,'2022-12-03',14),(1869,'2022-12-03',15),(1870,'2022-12-03',16),(1871,'2022-12-03',17),(1872,'2022-12-03',18),(1873,'2022-12-04',1),(1874,'2022-12-04',2),(1875,'2022-12-04',3),(1876,'2022-12-04',4),(1877,'2022-12-04',5),(1878,'2022-12-04',6),(1879,'2022-12-04',7),(1880,'2022-12-04',8),(1881,'2022-12-04',9),(1882,'2022-12-04',10),(1883,'2022-12-04',11),(1884,'2022-12-04',12),(1885,'2022-12-04',13),(1886,'2022-12-04',14),(1887,'2022-12-04',15),(1888,'2022-12-04',16),(1889,'2022-12-04',17),(1890,'2022-12-04',18),(1891,'2022-12-05',1),(1892,'2022-12-05',2),(1893,'2022-12-05',3),(1894,'2022-12-05',4),(1895,'2022-12-05',5),(1896,'2022-12-05',6),(1897,'2022-12-05',7),(1898,'2022-12-05',8),(1899,'2022-12-05',9),(1900,'2022-12-05',10),(1901,'2022-12-05',11),(1902,'2022-12-05',12),(1903,'2022-12-05',13),(1904,'2022-12-05',14),(1905,'2022-12-05',15),(1906,'2022-12-05',16),(1907,'2022-12-05',17),(1908,'2022-12-05',18),(1909,'2022-12-06',1),(1910,'2022-12-06',2),(1911,'2022-12-06',3),(1912,'2022-12-06',4),(1913,'2022-12-06',5),(1914,'2022-12-06',6),(1915,'2022-12-06',7),(1916,'2022-12-06',8),(1917,'2022-12-06',9),(1918,'2022-12-06',10),(1919,'2022-12-06',11),(1920,'2022-12-06',12),(1921,'2022-12-06',13),(1922,'2022-12-06',14),(1923,'2022-12-06',15),(1924,'2022-12-06',16),(1925,'2022-12-06',17),(1926,'2022-12-06',18),(1927,'2022-12-07',1),(1928,'2022-12-07',2),(1929,'2022-12-07',3),(1930,'2022-12-07',4),(1931,'2022-12-07',5),(1932,'2022-12-07',6),(1933,'2022-12-07',7),(1934,'2022-12-07',8),(1935,'2022-12-07',9),(1936,'2022-12-07',10),(1937,'2022-12-07',11),(1938,'2022-12-07',12),(1939,'2022-12-07',13),(1940,'2022-12-07',14),(1941,'2022-12-07',15),(1942,'2022-12-07',16),(1943,'2022-12-07',17),(1944,'2022-12-07',18),(1945,'2022-12-08',1),(1946,'2022-12-08',2),(1947,'2022-12-08',3),(1948,'2022-12-08',4),(1949,'2022-12-08',5),(1950,'2022-12-08',6),(1951,'2022-12-08',7),(1952,'2022-12-08',8),(1953,'2022-12-08',9),(1954,'2022-12-08',10),(1955,'2022-12-08',11),(1956,'2022-12-08',12),(1957,'2022-12-08',13),(1958,'2022-12-08',14),(1959,'2022-12-08',15),(1960,'2022-12-08',16),(1961,'2022-12-08',17),(1962,'2022-12-08',18),(1963,'2022-12-09',1),(1964,'2022-12-09',2),(1965,'2022-12-09',3),(1966,'2022-12-09',4),(1967,'2022-12-09',5),(1968,'2022-12-09',6),(1969,'2022-12-09',7),(1970,'2022-12-09',8),(1971,'2022-12-09',9),(1972,'2022-12-09',10),(1973,'2022-12-09',11),(1974,'2022-12-09',12),(1975,'2022-12-09',13),(1976,'2022-12-09',14),(1977,'2022-12-09',15),(1978,'2022-12-09',16),(1979,'2022-12-09',17),(1980,'2022-12-09',18),(1981,'2022-12-10',1),(1982,'2022-12-10',2),(1983,'2022-12-10',3),(1984,'2022-12-10',4),(1985,'2022-12-10',5),(1986,'2022-12-10',6),(1987,'2022-12-10',7),(1988,'2022-12-10',8),(1989,'2022-12-10',9),(1990,'2022-12-10',10),(1991,'2022-12-10',11),(1992,'2022-12-10',12),(1993,'2022-12-10',13),(1994,'2022-12-10',14),(1995,'2022-12-10',15),(1996,'2022-12-10',16),(1997,'2022-12-10',17),(1998,'2022-12-10',18),(1999,'2022-12-11',1),(2000,'2022-12-11',2),(2001,'2022-12-11',3),(2002,'2022-12-11',4),(2003,'2022-12-11',5),(2004,'2022-12-11',6),(2005,'2022-12-11',7),(2006,'2022-12-11',8),(2007,'2022-12-11',9),(2008,'2022-12-11',10),(2009,'2022-12-11',11),(2010,'2022-12-11',12),(2011,'2022-12-11',13),(2012,'2022-12-11',14),(2013,'2022-12-11',15),(2014,'2022-12-11',16),(2015,'2022-12-11',17),(2016,'2022-12-11',18),(2017,'2022-12-12',1),(2018,'2022-12-12',2),(2019,'2022-12-12',3),(2020,'2022-12-12',4),(2021,'2022-12-12',5),(2022,'2022-12-12',6),(2023,'2022-12-12',7),(2024,'2022-12-12',8),(2025,'2022-12-12',9),(2026,'2022-12-12',10),(2027,'2022-12-12',11),(2028,'2022-12-12',12),(2029,'2022-12-12',13),(2030,'2022-12-12',14),(2031,'2022-12-12',15),(2032,'2022-12-12',16),(2033,'2022-12-12',17),(2034,'2022-12-12',18),(2035,'2022-12-13',1),(2036,'2022-12-13',2),(2037,'2022-12-13',3),(2038,'2022-12-13',4),(2039,'2022-12-13',5),(2040,'2022-12-13',6),(2041,'2022-12-13',7),(2042,'2022-12-13',8),(2043,'2022-12-13',9),(2044,'2022-12-13',10),(2045,'2022-12-13',11),(2046,'2022-12-13',12),(2047,'2022-12-13',13),(2048,'2022-12-13',14),(2049,'2022-12-13',15),(2050,'2022-12-13',16),(2051,'2022-12-13',17),(2052,'2022-12-13',18),(2053,'2022-12-14',1),(2054,'2022-12-14',2),(2055,'2022-12-14',3),(2056,'2022-12-14',4),(2057,'2022-12-14',5),(2058,'2022-12-14',6),(2059,'2022-12-14',7),(2060,'2022-12-14',8),(2061,'2022-12-14',9),(2062,'2022-12-14',10),(2063,'2022-12-14',11),(2064,'2022-12-14',12),(2065,'2022-12-14',13),(2066,'2022-12-14',14),(2067,'2022-12-14',15),(2068,'2022-12-14',16),(2069,'2022-12-14',17),(2070,'2022-12-14',18),(2071,'2022-12-15',1),(2072,'2022-12-15',2),(2073,'2022-12-15',3),(2074,'2022-12-15',4),(2075,'2022-12-15',5),(2076,'2022-12-15',6),(2077,'2022-12-15',7),(2078,'2022-12-15',8),(2079,'2022-12-15',9),(2080,'2022-12-15',10),(2081,'2022-12-15',11),(2082,'2022-12-15',12),(2083,'2022-12-15',13),(2084,'2022-12-15',14),(2085,'2022-12-15',15),(2086,'2022-12-15',16),(2087,'2022-12-15',17),(2088,'2022-12-15',18),(2089,'2022-12-16',1),(2090,'2022-12-16',2),(2091,'2022-12-16',3),(2092,'2022-12-16',4),(2093,'2022-12-16',5),(2094,'2022-12-16',6),(2095,'2022-12-16',7),(2096,'2022-12-16',8),(2097,'2022-12-16',9),(2098,'2022-12-16',10),(2099,'2022-12-16',11),(2100,'2022-12-16',12),(2101,'2022-12-16',13),(2102,'2022-12-16',14),(2103,'2022-12-16',15),(2104,'2022-12-16',16),(2105,'2022-12-16',17),(2106,'2022-12-16',18),(2107,'2022-12-17',1),(2108,'2022-12-17',2),(2109,'2022-12-17',3),(2110,'2022-12-17',4),(2111,'2022-12-17',5),(2112,'2022-12-17',6),(2113,'2022-12-17',7),(2114,'2022-12-17',8),(2115,'2022-12-17',9),(2116,'2022-12-17',10),(2117,'2022-12-17',11),(2118,'2022-12-17',12),(2119,'2022-12-17',13),(2120,'2022-12-17',14),(2121,'2022-12-17',15),(2122,'2022-12-17',16),(2123,'2022-12-17',17),(2124,'2022-12-17',18),(2125,'2022-12-18',1),(2126,'2022-12-18',2),(2127,'2022-12-18',3),(2128,'2022-12-18',4),(2129,'2022-12-18',5),(2130,'2022-12-18',6),(2131,'2022-12-18',7),(2132,'2022-12-18',8),(2133,'2022-12-18',9),(2134,'2022-12-18',10),(2135,'2022-12-18',11),(2136,'2022-12-18',12),(2137,'2022-12-18',13),(2138,'2022-12-18',14),(2139,'2022-12-18',15),(2140,'2022-12-18',16),(2141,'2022-12-18',17),(2142,'2022-12-18',18),(2143,'2022-12-19',1),(2144,'2022-12-19',2),(2145,'2022-12-19',3),(2146,'2022-12-19',4),(2147,'2022-12-19',5),(2148,'2022-12-19',6),(2149,'2022-12-19',7),(2150,'2022-12-19',8),(2151,'2022-12-19',9),(2152,'2022-12-19',10),(2153,'2022-12-19',11),(2154,'2022-12-19',12),(2155,'2022-12-19',13),(2156,'2022-12-19',14),(2157,'2022-12-19',15),(2158,'2022-12-19',16),(2159,'2022-12-19',17),(2160,'2022-12-19',18),(2161,'2022-12-20',1),(2162,'2022-12-20',2),(2163,'2022-12-20',3),(2164,'2022-12-20',4),(2165,'2022-12-20',5),(2166,'2022-12-20',6),(2167,'2022-12-20',7),(2168,'2022-12-20',8),(2169,'2022-12-20',9),(2170,'2022-12-20',10),(2171,'2022-12-20',11),(2172,'2022-12-20',12),(2173,'2022-12-20',13),(2174,'2022-12-20',14),(2175,'2022-12-20',15),(2176,'2022-12-20',16),(2177,'2022-12-20',17),(2178,'2022-12-20',18),(2179,'2022-12-21',1),(2180,'2022-12-21',2),(2181,'2022-12-21',3),(2182,'2022-12-21',4),(2183,'2022-12-21',5),(2184,'2022-12-21',6),(2185,'2022-12-21',7),(2186,'2022-12-21',8),(2187,'2022-12-21',9),(2188,'2022-12-21',10),(2189,'2022-12-21',11),(2190,'2022-12-21',12),(2191,'2022-12-21',13),(2192,'2022-12-21',14),(2193,'2022-12-21',15),(2194,'2022-12-21',16),(2195,'2022-12-21',17),(2196,'2022-12-21',18),(2197,'2022-12-22',1),(2198,'2022-12-22',2),(2199,'2022-12-22',3),(2200,'2022-12-22',4),(2201,'2022-12-22',5),(2202,'2022-12-22',6),(2203,'2022-12-22',7),(2204,'2022-12-22',8),(2205,'2022-12-22',9),(2206,'2022-12-22',10),(2207,'2022-12-22',11),(2208,'2022-12-22',12),(2209,'2022-12-22',13),(2210,'2022-12-22',14),(2211,'2022-12-22',15),(2212,'2022-12-22',16),(2213,'2022-12-22',17),(2214,'2022-12-22',18),(2215,'2022-12-23',1),(2216,'2022-12-23',2),(2217,'2022-12-23',3),(2218,'2022-12-23',4),(2219,'2022-12-23',5),(2220,'2022-12-23',6),(2221,'2022-12-23',7),(2222,'2022-12-23',8),(2223,'2022-12-23',9),(2224,'2022-12-23',10),(2225,'2022-12-23',11),(2226,'2022-12-23',12),(2227,'2022-12-23',13),(2228,'2022-12-23',14),(2229,'2022-12-23',15),(2230,'2022-12-23',16),(2231,'2022-12-23',17),(2232,'2022-12-23',18),(2233,'2022-12-24',1),(2234,'2022-12-24',2),(2235,'2022-12-24',3),(2236,'2022-12-24',4),(2237,'2022-12-24',5),(2238,'2022-12-24',6),(2239,'2022-12-24',7),(2240,'2022-12-24',8),(2241,'2022-12-24',9),(2242,'2022-12-24',10),(2243,'2022-12-24',11),(2244,'2022-12-24',12),(2245,'2022-12-24',13),(2246,'2022-12-24',14),(2247,'2022-12-24',15),(2248,'2022-12-24',16),(2249,'2022-12-24',17),(2250,'2022-12-24',18),(2251,'2022-12-25',1),(2252,'2022-12-25',2),(2253,'2022-12-25',3),(2254,'2022-12-25',4),(2255,'2022-12-25',5),(2256,'2022-12-25',6),(2257,'2022-12-25',7),(2258,'2022-12-25',8),(2259,'2022-12-25',9),(2260,'2022-12-25',10),(2261,'2022-12-25',11),(2262,'2022-12-25',12),(2263,'2022-12-25',13),(2264,'2022-12-25',14),(2265,'2022-12-25',15),(2266,'2022-12-25',16),(2267,'2022-12-25',17),(2268,'2022-12-25',18),(2269,'2022-12-26',1),(2270,'2022-12-26',2),(2271,'2022-12-26',3),(2272,'2022-12-26',4),(2273,'2022-12-26',5),(2274,'2022-12-26',6),(2275,'2022-12-26',7),(2276,'2022-12-26',8),(2277,'2022-12-26',9),(2278,'2022-12-26',10),(2279,'2022-12-26',11),(2280,'2022-12-26',12),(2281,'2022-12-26',13),(2282,'2022-12-26',14),(2283,'2022-12-26',15),(2284,'2022-12-26',16),(2285,'2022-12-26',17),(2286,'2022-12-26',18),(2287,'2022-12-27',1),(2288,'2022-12-27',2),(2289,'2022-12-27',3),(2290,'2022-12-27',4),(2291,'2022-12-27',5),(2292,'2022-12-27',6),(2293,'2022-12-27',7),(2294,'2022-12-27',8),(2295,'2022-12-27',9),(2296,'2022-12-27',10),(2297,'2022-12-27',11),(2298,'2022-12-27',12),(2299,'2022-12-27',13),(2300,'2022-12-27',14),(2301,'2022-12-27',15),(2302,'2022-12-27',16),(2303,'2022-12-27',17),(2304,'2022-12-27',18),(2305,'2022-12-28',1),(2306,'2022-12-28',2),(2307,'2022-12-28',3),(2308,'2022-12-28',4),(2309,'2022-12-28',5),(2310,'2022-12-28',6),(2311,'2022-12-28',7),(2312,'2022-12-28',8),(2313,'2022-12-28',9),(2314,'2022-12-28',10),(2315,'2022-12-28',11),(2316,'2022-12-28',12),(2317,'2022-12-28',13),(2318,'2022-12-28',14),(2319,'2022-12-28',15),(2320,'2022-12-28',16),(2321,'2022-12-28',17),(2322,'2022-12-28',18),(2323,'2022-12-29',1),(2324,'2022-12-29',2),(2325,'2022-12-29',3),(2326,'2022-12-29',4),(2327,'2022-12-29',5),(2328,'2022-12-29',6),(2329,'2022-12-29',7),(2330,'2022-12-29',8),(2331,'2022-12-29',9),(2332,'2022-12-29',10),(2333,'2022-12-29',11),(2334,'2022-12-29',12),(2335,'2022-12-29',13),(2336,'2022-12-29',14),(2337,'2022-12-29',15),(2338,'2022-12-29',16),(2339,'2022-12-29',17),(2340,'2022-12-29',18),(2341,'2022-12-30',1),(2342,'2022-12-30',2),(2343,'2022-12-30',3),(2344,'2022-12-30',4),(2345,'2022-12-30',5),(2346,'2022-12-30',6),(2347,'2022-12-30',7),(2348,'2022-12-30',8),(2349,'2022-12-30',9),(2350,'2022-12-30',10),(2351,'2022-12-30',11),(2352,'2022-12-30',12),(2353,'2022-12-30',13),(2354,'2022-12-30',14),(2355,'2022-12-30',15),(2356,'2022-12-30',16),(2357,'2022-12-30',17),(2358,'2022-12-30',18),(2359,'2022-12-31',1),(2360,'2022-12-31',2),(2361,'2022-12-31',3),(2362,'2022-12-31',4),(2363,'2022-12-31',5),(2364,'2022-12-31',6),(2365,'2022-12-31',7),(2366,'2022-12-31',8),(2367,'2022-12-31',9),(2368,'2022-12-31',10),(2369,'2022-12-31',11),(2370,'2022-12-31',12),(2371,'2022-12-31',13),(2372,'2022-12-31',14),(2373,'2022-12-31',15),(2374,'2022-12-31',16),(2375,'2022-12-31',17),(2376,'2022-12-31',18);
/*!40000 ALTER TABLE `AvailableSlots` ENABLE KEYS */;
UNLOCK TABLES;

--
-- Table structure for table `EquipmentRentals`
--

DROP TABLE IF EXISTS `EquipmentRentals`;
/*!40101 SET @saved_cs_client     = @@character_set_client */;
/*!50503 SET character_set_client = utf8mb4 */;
CREATE TABLE `EquipmentRentals` (
  `rent_id` int NOT NULL AUTO_INCREMENT,
  `equipment_count` int DEFAULT NULL,
  `rent_date` datetime DEFAULT NULL,
  `available_slot_id` int DEFAULT NULL,
  `net_id` varchar(30) DEFAULT NULL,
  `equipment_id` int DEFAULT NULL,
  PRIMARY KEY (`rent_id`),
  KEY `available_slot_id` (`available_slot_id`),
  KEY `net_id` (`net_id`),
  KEY `equipment_id` (`equipment_id`),
  CONSTRAINT `equipmentrentals_ibfk_1` FOREIGN KEY (`available_slot_id`) REFERENCES `AvailableSlots` (`available_slot_id`) ON DELETE CASCADE ON UPDATE CASCADE,
  CONSTRAINT `equipmentrentals_ibfk_2` FOREIGN KEY (`net_id`) REFERENCES `Users` (`net_id`) ON DELETE CASCADE ON UPDATE CASCADE,
  CONSTRAINT `equipmentrentals_ibfk_3` FOREIGN KEY (`equipment_id`) REFERENCES `Equipments` (`equipment_id`) ON DELETE CASCADE ON UPDATE CASCADE
) ENGINE=InnoDB AUTO_INCREMENT=987 DEFAULT CHARSET=utf8mb4 COLLATE=utf8mb4_0900_ai_ci;
/*!40101 SET character_set_client = @saved_cs_client */;

--
-- Dumping data for table `EquipmentRentals`
--

LOCK TABLES `EquipmentRentals` WRITE;
/*!40000 ALTER TABLE `EquipmentRentals` DISABLE KEYS */;
INSERT INTO `EquipmentRentals` VALUES (1,48,'2022-12-20 07:00:00',2162,'sweetyb41804973',11),(2,49,'2022-10-19 20:00:00',1059,'szelepanna',2),(3,6,'2022-12-26 14:00:00',2277,'genosmithnews',12),(4,3,'2022-10-23 22:00:00',1133,'juicedzevs',10),(5,5,'2022-11-04 13:00:00',1340,'mhs95',12),(6,116,'2022-12-24 19:00:00',2246,'jennopper18',2),(7,4,'2022-08-22 20:00:00',15,'tim_lashley',10),(8,22,'2022-08-30 21:00:00',160,'porscheclassy',10),(9,13,'2022-09-07 16:00:00',299,'shelovejordan',7),(10,28,'2022-09-06 15:00:00',280,'origanalist',5),(11,19,'2022-09-18 08:00:00',489,'gmanews',3),(12,3,'2022-12-30 20:00:00',2355,'browergrischa',10),(13,3,'2022-12-27 16:00:00',2297,'the01wingman',4),(14,5,'2022-10-20 07:00:00',1064,'theangrymick',5),(15,10,'2022-10-17 07:00:00',1010,'cooking_r',8),(16,23,'2022-12-24 19:00:00',2246,'kevincosna',6),(17,1,'2022-09-03 13:00:00',224,'3ishbeirut',6),(18,61,'2022-11-30 13:00:00',1808,'lorensantiago80',9),(19,19,'2022-10-20 19:00:00',1076,'thewikitommy',8),(20,2,'2022-11-07 18:00:00',1399,'passdriving1',4),(21,40,'2022-08-25 22:00:00',71,'kerynr_artist',11),(22,13,'2022-12-01 16:00:00',1829,'sakitty_ptx',3),(23,2,'2022-10-16 09:00:00',994,'indopulse',8),(24,29,'2022-11-18 21:00:00',1600,'upshelp',8),(25,17,'2022-12-19 17:00:00',2154,'jrctic_ebooks',11),(26,2,'2022-10-27 10:00:00',1193,'anthonyoliva2',4),(27,20,'2022-10-22 10:00:00',1103,'panivpatil',4),(28,2,'2022-10-19 19:00:00',1058,'si_ohumu',7),(29,81,'2022-12-22 19:00:00',2210,'silky0135',2),(30,89,'2022-09-02 14:00:00',207,'youbidderjones',2),(31,1,'2022-11-30 13:00:00',1808,'robinpro84',7),(32,16,'2022-11-05 23:00:00',1368,'echasera',7),(33,5,'2022-08-30 23:00:00',162,'_greenwings',9),(34,65,'2022-12-30 20:00:00',2355,'jrctic_ebooks',9),(35,14,'2022-10-11 06:00:00',901,'watersonjade',9),(36,19,'2022-12-15 06:00:00',2071,'beem_team',8),(37,47,'2022-10-21 14:00:00',1089,'waydee77',1),(38,16,'2022-10-19 15:00:00',1054,'theislandmaven',4),(39,55,'2022-09-29 08:00:00',687,'segavox_44114',1),(40,15,'2022-11-19 12:00:00',1609,'helena_431',7),(41,8,'2022-09-05 22:00:00',269,'prince_hanbinie',6),(42,2,'2022-09-22 22:00:00',575,'truemira',11),(43,2,'2022-11-28 12:00:00',1771,'saltyphone',8),(44,12,'2022-12-23 07:00:00',2216,'ewancollinsee',3),(45,10,'2022-08-28 16:00:00',119,'bcakoparati208',7),(46,11,'2022-10-03 11:00:00',762,'homecourtbias',8),(47,20,'2022-12-17 10:00:00',2111,'yatovalmonte',7),(48,1,'2022-12-25 07:00:00',2252,'patriciangle',12),(49,14,'2022-10-01 22:00:00',737,'bates512',6),(50,87,'2022-10-12 09:00:00',922,'szelepanna',1),(51,16,'2022-09-06 15:00:00',280,'ushasudarshan27',10),(52,14,'2022-09-01 19:00:00',194,'evidenceaid',10),(53,28,'2022-11-03 11:00:00',1320,'mdjvillarroel',10),(54,14,'2022-12-05 23:00:00',1908,'tim_lashley',10),(55,13,'2022-09-29 08:00:00',687,'sabine_dhbw',7),(56,1,'2022-11-05 23:00:00',1368,'l_aguila007',12),(57,26,'2022-09-07 09:00:00',292,'khairulaqmal',8),(58,2,'2022-08-24 21:00:00',52,'andersenhotel',12),(59,18,'2022-09-06 15:00:00',280,'haarriisson',6),(60,19,'2022-10-19 15:00:00',1054,'theangrymick',12),(61,14,'2022-09-29 06:00:00',685,'lotusbuddhababa',4),(62,32,'2022-12-08 15:00:00',1954,'khanalpratik',11),(63,5,'2022-09-03 20:00:00',231,'qualfoijuniu',10),(64,3,'2022-09-07 09:00:00',292,'meonajourney',5),(65,29,'2022-09-22 22:00:00',575,'mdjvillarroel',5),(66,10,'2022-10-21 14:00:00',1089,'mixoneddlovato',7),(67,26,'2022-10-05 06:00:00',793,'browergrischa',8),(68,6,'2022-09-06 13:00:00',278,'passdriving1',8),(69,4,'2022-10-27 10:00:00',1193,'sakitty_ptx',3),(70,14,'2022-11-06 17:00:00',1380,'echasera',6),(71,5,'2022-11-12 06:00:00',1477,'mika0562',10),(72,2,'2022-10-04 07:00:00',776,'ewancollinsee',8),(73,11,'2022-10-22 17:00:00',1110,'mika0562',2),(74,17,'2022-11-06 19:00:00',1382,'tispoubonvi1974',10),(75,18,'2022-12-30 20:00:00',2355,'ewancollinsee',10),(76,18,'2022-11-08 20:00:00',1419,'lianethompson',7),(77,16,'2022-12-31 14:00:00',2367,'rcp123456',7),(78,15,'2022-12-16 23:00:00',2106,'dinnidania',8),(79,14,'2022-09-07 09:00:00',292,'nicksouder106',2),(80,31,'2022-09-29 08:00:00',687,'crimbosocks',10),(81,38,'2022-10-04 21:00:00',790,'prince_hanbinie',1),(82,152,'2022-12-20 22:00:00',2177,'natzumi27',2),(83,8,'2022-11-06 17:00:00',1380,'sydneyhorrorx',3),(84,107,'2022-11-13 22:00:00',1511,'raythegrouch',2),(85,22,'2022-10-16 09:00:00',994,'haarriisson',5),(86,2,'2022-09-01 19:00:00',194,'iambigthalafan',5),(87,18,'2022-11-28 12:00:00',1771,'missyflash',5),(88,16,'2022-12-06 11:00:00',1914,'missophia2015',3),(89,3,'2022-09-27 06:00:00',649,'patriciangle',5),(90,11,'2022-11-03 11:00:00',1320,'indopulse',10),(91,22,'2022-10-25 15:00:00',1162,'hoenjojo',1),(92,5,'2022-12-15 06:00:00',2071,'mr_soloflight',12),(93,81,'2022-11-06 17:00:00',1380,'rcp123456',1),(94,12,'2022-09-22 06:00:00',559,'estherfsedman',7),(95,11,'2022-11-18 13:00:00',1592,'umo2013',5),(96,8,'2022-12-25 12:00:00',2257,'enolamelyk',11),(97,20,'2022-11-23 16:00:00',1685,'natabaalo',5),(98,4,'2022-10-19 19:00:00',1058,'tispoubonvi1974',4),(99,4,'2022-10-31 11:00:00',1266,'niesaahmad',3),(100,69,'2022-12-20 07:00:00',2162,'andersenhotel',9),(101,22,'2022-08-27 21:00:00',106,'the01wingman',8),(102,18,'2022-10-09 20:00:00',879,'jennopper18',12),(103,11,'2022-11-26 06:00:00',1729,'potato_wingd',6),(104,13,'2022-08-30 21:00:00',160,'uchennadumetol2',7),(105,32,'2022-08-22 20:00:00',15,'nsevencan61',9),(106,16,'2022-11-05 10:00:00',1355,'spasonoro',12),(107,27,'2022-12-27 16:00:00',2297,'az_4_trump',3),(108,11,'2022-12-30 20:00:00',2355,'jrctic_ebooks',7),(109,38,'2022-08-30 21:00:00',160,'nafeesasyeed',9),(110,97,'2022-08-30 21:00:00',160,'gregoktaveceyp',2),(111,2,'2022-11-28 12:00:00',1771,'boobsandprada',6),(112,10,'2022-11-03 09:00:00',1318,'l_aguila007',5),(113,36,'2022-10-19 15:00:00',1054,'knowlifemusic',11),(114,55,'2022-09-01 19:00:00',194,'3ishbeirut',1),(115,67,'2022-11-21 19:00:00',1652,'sena_adi21',9),(116,6,'2022-09-29 08:00:00',687,'dbone_69',10),(117,24,'2022-11-10 09:00:00',1444,'khairulaqmal',3),(118,17,'2022-12-15 23:00:00',2088,'gregoktaveceyp',7),(119,16,'2022-09-08 23:00:00',324,'lemickeli',4),(120,31,'2022-11-02 16:00:00',1307,'ewancollinsee',10),(121,31,'2022-12-05 16:00:00',1901,'ryandanielatt',11),(122,13,'2022-12-06 11:00:00',1914,'chattingcat',7),(123,11,'2022-11-18 06:00:00',1585,'mukziey',12),(124,4,'2022-12-01 12:00:00',1825,'swaggysid__',11),(125,26,'2022-11-07 18:00:00',1399,'boobsandprada',3),(126,6,'2022-11-05 23:00:00',1368,'thegoodphight',9),(127,7,'2022-09-29 06:00:00',685,'got2spd',7),(128,26,'2022-09-27 06:00:00',649,'lianethompson',9),(129,7,'2022-11-13 22:00:00',1511,'_greenwings',12),(130,16,'2022-11-14 23:00:00',1530,'frielingbailey',7),(131,11,'2022-12-21 19:00:00',2192,'billy_tully_13',6),(132,8,'2022-09-30 10:00:00',707,'g_maduabuchi',7),(133,28,'2022-12-27 21:00:00',2302,'ryanfelsman',5),(134,13,'2022-12-08 22:00:00',1961,'porscheclassy',11),(135,20,'2022-12-09 16:00:00',1973,'superfuturelove',5),(136,11,'2022-09-01 12:00:00',187,'carolyncbarthel',7),(137,1,'2022-12-15 07:00:00',2072,'jacquelinedsou4',4),(138,14,'2022-09-18 08:00:00',489,'andersenhotel',4),(139,47,'2022-11-26 06:00:00',1729,'futballg',1),(140,27,'2022-11-01 16:00:00',1289,'revolutweets',8),(141,20,'2022-09-02 14:00:00',207,'shadow_anino',12),(142,24,'2022-11-08 23:00:00',1422,'emotional__man',6),(143,26,'2022-11-08 20:00:00',1419,'eli5_reddit',5),(144,10,'2022-09-20 06:00:00',523,'porscheclassy',7),(145,14,'2022-09-27 14:00:00',657,'blessmadulid',11),(146,18,'2022-10-11 06:00:00',901,'qualfoijuniu',4),(147,23,'2022-11-04 23:00:00',1350,'artofevan',8),(148,7,'2022-09-07 16:00:00',299,'lianethompson',5),(149,12,'2022-12-17 10:00:00',2111,'businesssharer',12),(150,15,'2022-10-07 14:00:00',837,'ryanfelsman',6),(151,1,'2022-10-19 22:00:00',1061,'tim_lashley',10),(152,50,'2022-11-15 06:00:00',1531,'erinyoung24',9),(153,3,'2022-11-06 19:00:00',1382,'iambigthalafan',11),(154,18,'2022-11-21 19:00:00',1652,'eli5_reddit',12),(155,12,'2022-12-31 09:00:00',2362,'janajaiz',4),(156,49,'2022-11-05 10:00:00',1355,'anthonyoliva2',9),(157,22,'2022-11-26 06:00:00',1729,'oyalea_',3),(158,5,'2022-11-18 13:00:00',1592,'youbidderjones',12),(159,2,'2022-11-05 10:00:00',1355,'nsevencan61',1),(160,25,'2022-12-25 22:00:00',2267,'swaggysid__',3),(161,1,'2022-11-04 17:00:00',1344,'houdrew',12),(162,3,'2022-12-19 17:00:00',2154,'jayaa03',7),(163,6,'2022-11-18 06:00:00',1585,'marina__o_o',6),(164,4,'2022-09-07 06:00:00',289,'si_ohumu',4),(165,99,'2022-09-29 08:00:00',687,'aniwahyagroup',2),(166,3,'2022-12-24 19:00:00',2246,'coleroberts95',7),(167,15,'2022-09-27 06:00:00',649,'frielingbailey',11),(168,7,'2022-12-27 21:00:00',2302,'crimbosocks',7),(169,96,'2022-11-03 09:00:00',1318,'khanalpratik',2),(170,27,'2022-12-25 23:00:00',2268,'lotusbuddhababa',8),(171,1,'2022-11-18 06:00:00',1585,'bcakoparati208',11),(172,25,'2022-12-31 14:00:00',2367,'browergrischa',3),(173,7,'2022-08-22 12:00:00',7,'kerynr_artist',9),(174,41,'2022-12-13 12:00:00',2041,'sena_adi21',11),(175,24,'2022-10-21 14:00:00',1089,'passdriving1',10),(176,40,'2022-09-22 22:00:00',575,'knowlifemusic',11),(177,29,'2022-10-01 18:00:00',733,'frielingbailey',3),(178,20,'2022-11-11 22:00:00',1475,'robinpro84',4),(179,88,'2022-09-02 14:00:00',207,'khairulaqmal',1),(180,10,'2022-10-04 21:00:00',790,'jacquelinedsou4',12),(181,100,'2022-12-25 12:00:00',2257,'sena_adi21',1),(182,62,'2022-10-28 11:00:00',1212,'az_4_trump',9),(183,18,'2022-12-19 16:00:00',2153,'dividendnew24x7',6),(184,25,'2022-12-04 20:00:00',1887,'carolyncbarthel',3),(185,11,'2022-12-30 20:00:00',2355,'natzumi27',6),(186,5,'2022-10-20 19:00:00',1076,'mixoneddlovato',7),(187,70,'2022-12-17 16:00:00',2117,'homecourtbias',1),(188,18,'2022-12-05 08:00:00',1893,'juicedzevs',4),(189,1,'2022-12-19 16:00:00',2153,'revolutweets',7),(190,14,'2022-10-17 08:00:00',1011,'skssaltanat',8),(191,8,'2022-08-30 21:00:00',160,'blessmadulid',4),(192,9,'2022-09-17 06:00:00',469,'billy_tully_13',6),(193,100,'2022-09-27 06:00:00',649,'travelnewsdeals',1),(194,4,'2022-11-30 20:00:00',1815,'porscheclassy',6),(195,13,'2022-11-12 14:00:00',1485,'trent__swanson',5),(196,20,'2022-09-29 08:00:00',687,'swaggysid__',1),(197,113,'2022-11-06 20:00:00',1383,'adenahollington',2),(198,18,'2022-12-24 19:00:00',2246,'potato_wingd',12),(199,99,'2022-11-19 12:00:00',1609,'kevinwhyte87',1),(200,11,'2022-12-09 15:00:00',1972,'the01wingman',7),(201,1,'2022-11-08 12:00:00',1411,'estherfsedman',7),(202,13,'2022-10-31 11:00:00',1266,'mixoneddlovato',4),(203,9,'2022-11-06 20:00:00',1383,'thegoodphight',5),(204,88,'2022-11-02 10:00:00',1301,'azizi_mustakim',2),(205,25,'2022-08-28 16:00:00',119,'sweetyb41804973',6),(206,18,'2022-12-25 12:00:00',2257,'tattos_addict',4),(207,21,'2022-10-25 15:00:00',1162,'myworldjalisco',5),(208,20,'2022-10-01 22:00:00',737,'gaetanburgio',7),(209,35,'2022-12-11 22:00:00',2015,'juicedzevs',1),(210,6,'2022-11-30 20:00:00',1815,'bahamasfilmgirl',10),(211,2,'2022-12-15 23:00:00',2088,'dinnidania',4),(212,27,'2022-12-19 12:00:00',2149,'theangrymick',10),(213,20,'2022-12-06 11:00:00',1914,'emotional__man',11),(214,2,'2022-09-29 08:00:00',687,'potato_wingd',6),(215,27,'2022-12-09 16:00:00',1973,'jayaa03',3),(216,10,'2022-10-24 07:00:00',1136,'sportsjunkie007',4),(217,31,'2022-11-13 22:00:00',1511,'beem_team',9),(218,18,'2022-09-17 06:00:00',469,'trent__swanson',11),(219,18,'2022-10-31 11:00:00',1266,'kevincosna',8),(220,1,'2022-12-05 16:00:00',1901,'the01wingman',4),(221,5,'2022-09-18 08:00:00',489,'chattingcat',4),(222,8,'2022-11-24 10:00:00',1697,'bcakoparati208',5),(223,10,'2022-10-21 14:00:00',1089,'revolutweets',12),(224,23,'2022-12-19 16:00:00',2153,'khanalpratik',8),(225,7,'2022-11-06 17:00:00',1380,'blancamiosi',3),(226,20,'2022-10-16 09:00:00',994,'sydneyhorrorx',4),(227,8,'2022-11-06 06:00:00',1369,'shelovejordan',10),(228,5,'2022-08-25 19:00:00',68,'waydee77',10),(229,26,'2022-10-27 10:00:00',1193,'spasonoro',11),(230,95,'2022-10-19 19:00:00',1058,'iamaadi88',1),(231,10,'2022-10-03 16:00:00',767,'shelovejordan',11),(232,16,'2022-11-02 10:00:00',1301,'3ishbeirut',3),(233,2,'2022-09-27 14:00:00',657,'theislandmaven',5),(234,20,'2022-09-04 16:00:00',245,'ryandanielatt',3),(235,74,'2022-11-27 12:00:00',1753,'mavros35169',1),(236,10,'2022-10-11 06:00:00',901,'silky0135',10),(237,3,'2022-10-09 08:00:00',867,'khairulaqmal',11),(238,3,'2022-09-22 22:00:00',575,'aye_rain',10),(239,13,'2022-12-25 07:00:00',2252,'browergrischa',5),(240,13,'2022-11-06 20:00:00',1383,'jim_katz1',4),(241,14,'2022-11-02 16:00:00',1307,'frielingbailey',6),(242,5,'2022-12-04 20:00:00',1887,'visit_turkey',8),(243,28,'2022-09-17 06:00:00',469,'echasera',8),(244,22,'2022-09-09 23:00:00',342,'azizi_mustakim',8),(245,18,'2022-12-22 19:00:00',2210,'thewikitommy',4),(246,21,'2022-10-24 07:00:00',1136,'gmanews',3),(247,29,'2022-11-23 16:00:00',1685,'lmocase',11),(248,9,'2022-11-04 17:00:00',1344,'coleroberts95',3),(249,4,'2022-12-01 12:00:00',1825,'dividendnew24x7',7),(250,33,'2022-11-11 22:00:00',1475,'raythegrouch',10),(251,6,'2022-09-07 06:00:00',289,'visit_turkey',7),(252,25,'2022-12-17 16:00:00',2117,'hoenjojo',5),(253,7,'2022-12-11 22:00:00',2015,'marina__o_o',2),(254,7,'2022-08-30 13:00:00',152,'sportschatlive',8),(255,14,'2022-12-11 15:00:00',2008,'lorensantiago80',5),(256,13,'2022-12-25 22:00:00',2267,'tim_lashley',5),(257,26,'2022-11-08 12:00:00',1411,'genosmithnews',3),(258,52,'2022-08-27 14:00:00',99,'unicmanama',9),(259,25,'2022-11-07 18:00:00',1399,'superfuturelove',8),(260,18,'2022-10-01 18:00:00',733,'parker0505',12),(261,12,'2022-12-19 11:00:00',2148,'nafeesasyeed',4),(262,2,'2022-11-06 17:00:00',1380,'lemickeli',6),(263,29,'2022-12-21 19:00:00',2192,'theeglamqueen',11),(264,67,'2022-12-09 16:00:00',1973,'waydee77',9),(265,4,'2022-08-30 23:00:00',162,'blessmadulid',8),(266,18,'2022-10-16 09:00:00',994,'cooking_r',7),(267,36,'2022-12-11 15:00:00',2008,'thegoodphight',1),(268,17,'2022-09-27 06:00:00',649,'lotusbuddhababa',8),(269,7,'2022-12-16 08:00:00',2091,'oyalea_',8),(270,29,'2022-12-13 12:00:00',2041,'gaetanburgio',10),(271,5,'2022-11-30 13:00:00',1808,'shadow_anino',9),(272,2,'2022-12-17 10:00:00',2111,'the01wingman',12),(273,15,'2022-12-26 10:00:00',2273,'phillyalertnews',11),(274,9,'2022-11-18 21:00:00',1600,'aye_rain',7),(275,13,'2022-12-04 20:00:00',1887,'provenpestcontr',1),(276,12,'2022-08-30 23:00:00',162,'potato_wingd',4),(277,34,'2022-11-30 13:00:00',1808,'gaxenuwigub',11),(278,7,'2022-08-30 23:00:00',162,'sportsjunkie007',8),(279,12,'2022-09-08 23:00:00',324,'hassensienicht',5),(280,18,'2022-09-29 08:00:00',687,'azizi_mustakim',11),(281,7,'2022-08-28 17:00:00',120,'jennopper18',5),(282,10,'2022-11-12 14:00:00',1485,'lotusbuddhababa',4),(283,23,'2022-10-02 09:00:00',742,'niesaahmad',8),(284,33,'2022-11-03 11:00:00',1320,'pareshp94866251',9),(285,9,'2022-08-25 22:00:00',71,'natzumi27',8),(286,29,'2022-09-02 17:00:00',210,'tomihoooooo',11),(287,9,'2022-12-19 20:00:00',2157,'gomarlins_2000',6),(288,22,'2022-12-26 14:00:00',2277,'bcakoparati208',6),(289,142,'2022-11-27 12:00:00',1753,'phantilador',2),(290,12,'2022-12-15 23:00:00',2088,'potato_wingd',5),(291,8,'2022-08-30 20:00:00',159,'browergrischa',5),(292,15,'2022-10-04 21:00:00',790,'4marizumali',9),(293,25,'2022-10-22 17:00:00',1110,'az_4_trump',9),(294,59,'2022-11-02 10:00:00',1301,'porscheclassy',9),(295,14,'2022-12-19 12:00:00',2149,'theeglamqueen',11),(296,7,'2022-11-26 19:00:00',1742,'all_thats_left_',8),(297,30,'2022-12-10 16:00:00',1991,'jacquelinedsou4',3),(298,6,'2022-12-05 08:00:00',1893,'myworldjalisco',6),(299,10,'2022-12-22 19:00:00',2210,'prince_hanbinie',7),(300,23,'2022-10-26 18:00:00',1183,'tattos_addict',3),(301,21,'2022-10-09 06:00:00',865,'iambigthalafan',6),(302,7,'2022-10-22 17:00:00',1110,'stonericharde1',12),(303,6,'2022-11-06 07:00:00',1370,'panivpatil',3),(304,18,'2022-09-27 06:00:00',649,'billy_tully_13',3),(305,15,'2022-11-30 20:00:00',1815,'chinadailyeu',7),(306,26,'2022-12-09 16:00:00',1973,'mixoneddlovato',8),(307,2,'2022-10-27 10:00:00',1193,'homecourtbias',8),(308,7,'2022-08-27 21:00:00',106,'iamaadi88',4),(309,36,'2022-12-19 13:00:00',2150,'truemira',9),(310,65,'2022-11-15 06:00:00',1531,'shelovejordan',1),(311,23,'2022-10-23 22:00:00',1133,'bates512',5),(312,5,'2022-09-06 13:00:00',278,'mhs95',3),(313,13,'2022-11-29 06:00:00',1783,'visit_turkey',6),(314,49,'2022-11-28 16:00:00',1775,'sakitty_ptx',1),(315,61,'2022-10-25 15:00:00',1162,'thedon___',9),(316,19,'2022-10-09 20:00:00',879,'phillyalertnews',3),(317,3,'2022-12-10 16:00:00',1991,'rcp123456',6),(318,1,'2022-08-28 17:00:00',120,'dividendnew24x7',6),(319,23,'2022-10-23 15:00:00',1126,'sportsjunkie007',1),(320,1,'2022-12-25 12:00:00',2257,'sena_adi21',4),(321,18,'2022-09-24 11:00:00',600,'umo2013',12),(322,7,'2022-09-08 20:00:00',321,'harryssunx',7),(323,49,'2022-10-09 08:00:00',867,'cooking_r',1),(324,33,'2022-12-11 21:00:00',2014,'thewikitommy',10),(325,11,'2022-12-17 16:00:00',2117,'theislandmaven',3),(326,1,'2022-08-30 10:00:00',149,'mavros35169',1),(327,3,'2022-12-16 08:00:00',2091,'bates512',11),(328,22,'2022-12-01 12:00:00',1825,'prince_hanbinie',8),(329,8,'2022-10-02 09:00:00',742,'kevincosna',7),(330,24,'2022-10-19 11:00:00',1050,'saketsj2',2),(331,19,'2022-09-09 23:00:00',342,'upshelp',3),(332,18,'2022-08-30 21:00:00',160,'vofnnamibia',12),(333,51,'2022-08-30 23:00:00',162,'yvaiwhy',1),(334,4,'2022-09-01 12:00:00',187,'waydee77',5),(335,20,'2022-10-07 23:00:00',846,'prince_hanbinie',12),(336,28,'2022-11-26 19:00:00',1742,'lianethompson',5),(337,25,'2022-12-17 10:00:00',2111,'sweetyb41804973',11),(338,17,'2022-10-07 23:00:00',846,'sportschatlive',7),(339,15,'2022-12-13 12:00:00',2041,'crimbosocks',1),(340,70,'2022-12-15 06:00:00',2071,'origanalist',9),(341,28,'2022-12-15 06:00:00',2071,'enolamelyk',3),(342,65,'2022-10-19 19:00:00',1058,'antwiivirus',2),(343,17,'2022-09-20 06:00:00',523,'mavros35169',1),(344,37,'2022-12-22 19:00:00',2210,'indopulse',9),(345,7,'2022-09-22 22:00:00',575,'phillyalertnews',7),(346,12,'2022-10-09 20:00:00',879,'homecourtbias',8),(347,16,'2022-12-27 16:00:00',2297,'sabine_dhbw',12),(348,6,'2022-10-21 14:00:00',1089,'junhyeok_sg',5),(349,10,'2022-12-21 19:00:00',2192,'theeglamqueen',10),(350,1,'2022-09-01 19:00:00',194,'adenahollington',12),(351,2,'2022-09-29 08:00:00',687,'mr_soloflight',6),(352,8,'2022-09-25 21:00:00',628,'marina__o_o',4),(353,26,'2022-10-27 18:00:00',1201,'jrctic_ebooks',10),(354,17,'2022-11-10 09:00:00',1444,'robinpro84',4),(355,24,'2022-11-06 07:00:00',1370,'mavros35169',8),(356,47,'2022-10-30 13:00:00',1250,'iamaadi88',9),(357,1,'2022-12-15 23:00:00',2088,'emotional__man',3),(358,1,'2022-08-27 21:00:00',106,'skssaltanat',5),(359,17,'2022-10-07 23:00:00',846,'prayapp',3),(360,40,'2022-12-26 10:00:00',2273,'uchennadumetol2',10),(361,10,'2022-12-13 09:00:00',2038,'mrvvipak',10),(362,28,'2022-09-03 13:00:00',224,'beem_team',8),(363,13,'2022-12-09 15:00:00',1972,'jim_katz1',6),(364,19,'2022-11-28 07:00:00',1766,'aliens68',8),(365,11,'2022-09-04 16:00:00',245,'l_aguila007',7),(366,2,'2022-10-20 06:00:00',1063,'aliens68',11),(367,18,'2022-10-21 14:00:00',1089,'sakitty_ptx',1),(368,15,'2022-09-24 11:00:00',600,'nsevencan61',4),(369,14,'2022-11-03 11:00:00',1320,'g_maduabuchi',7),(370,17,'2022-08-28 18:00:00',121,'origanalist',12),(371,9,'2022-11-27 12:00:00',1753,'gaetanburgio',3),(372,88,'2022-12-19 23:00:00',2160,'antwiivirus',1),(373,8,'2022-11-04 17:00:00',1344,'sabine_dhbw',7),(374,3,'2022-11-18 06:00:00',1585,'gaetanburgio',12),(375,1,'2022-12-25 23:00:00',2268,'jacquelinedsou4',5),(376,46,'2022-11-21 19:00:00',1652,'sportschatlive',1),(377,8,'2022-08-28 17:00:00',120,'helena_431',5),(378,1,'2022-09-02 14:00:00',207,'dinnidania',5),(379,63,'2022-11-24 10:00:00',1697,'didalondon',1),(380,3,'2022-08-30 20:00:00',159,'beem_team',1),(381,9,'2022-10-19 18:00:00',1057,'vansonouis',11),(382,4,'2022-11-06 17:00:00',1380,'saketsj2',7),(383,8,'2022-10-25 15:00:00',1162,'ranjan_rkp',5),(384,19,'2022-11-08 12:00:00',1411,'mrvvipak',4),(385,4,'2022-10-14 10:00:00',959,'binnsy_46',4),(386,9,'2022-10-03 16:00:00',767,'revolutweets',1),(387,23,'2022-08-28 17:00:00',120,'meonajourney',10),(388,183,'2022-10-20 07:00:00',1064,'helena_431',2),(389,9,'2022-10-20 07:00:00',1064,'fakesbumtie',7),(390,3,'2022-12-05 23:00:00',1908,'khanalpratik',9),(391,15,'2022-12-19 11:00:00',2148,'jacquelinedsou4',5),(392,6,'2022-12-31 09:00:00',2362,'cxtieharold',10),(393,1,'2022-12-25 07:00:00',2252,'panzer0821',4),(394,11,'2022-12-11 14:00:00',2007,'vansonouis',5),(395,43,'2022-12-27 21:00:00',2302,'carolyncbarthel',11),(396,1,'2022-12-19 16:00:00',2153,'4marizumali',5),(397,31,'2022-12-19 11:00:00',2148,'nwatudaniel',9),(398,1,'2022-11-18 06:00:00',1585,'khairulaqmal',12),(399,19,'2022-09-18 08:00:00',489,'3ishbeirut',12),(400,1,'2022-12-22 22:00:00',2213,'anthonyoliva2',1),(401,161,'2022-09-26 19:00:00',644,'potato_wingd',2),(402,9,'2022-11-24 10:00:00',1697,'gmanews',12),(403,123,'2022-09-24 11:00:00',600,'samcyliax',2),(404,16,'2022-11-21 09:00:00',1642,'robinpro84',8),(405,13,'2022-10-27 10:00:00',1193,'estherfsedman',12),(406,47,'2022-09-01 19:00:00',194,'dar_dar470161',2),(407,7,'2022-12-16 08:00:00',2091,'haarriisson',6),(408,6,'2022-11-06 06:00:00',1369,'iamaadi88',3),(409,16,'2022-12-23 18:00:00',2227,'gomarlins_2000',3),(410,12,'2022-09-03 13:00:00',224,'genosmithnews',9),(411,2,'2022-11-06 06:00:00',1369,'crankedswift',3),(412,6,'2022-08-25 22:00:00',71,'lemickeli',8),(413,15,'2022-12-31 14:00:00',2367,'shelovejordan',5),(414,14,'2022-11-01 16:00:00',1289,'missophia2015',5),(415,48,'2022-11-04 13:00:00',1340,'aye_rain',1),(416,24,'2022-11-19 20:00:00',1617,'ryandanielatt',8),(417,1,'2022-09-02 17:00:00',210,'antwiivirus',1),(418,3,'2022-12-19 11:00:00',2148,'samcyliax',5),(419,19,'2022-10-09 08:00:00',867,'knowlifemusic',9),(420,7,'2022-08-25 19:00:00',68,'jim_katz1',4),(421,19,'2022-11-13 22:00:00',1511,'the5thoctave',6),(422,5,'2022-09-29 08:00:00',687,'kevinwhyte87',3),(423,81,'2022-12-11 14:00:00',2007,'tomihoooooo',2),(424,7,'2022-11-06 07:00:00',1370,'theangrymick',6),(425,12,'2022-11-04 23:00:00',1350,'lemickeli',7),(426,73,'2022-09-24 11:00:00',600,'artofevan',1),(427,36,'2022-12-15 23:00:00',2088,'crankedswift',10),(428,8,'2022-08-25 19:00:00',68,'the01wingman',12),(429,3,'2022-11-06 17:00:00',1380,'coleroberts95',12),(430,13,'2022-11-19 12:00:00',1609,'meonajourney',11),(431,11,'2022-12-01 12:00:00',1825,'niesaahmad',6),(432,19,'2022-10-31 11:00:00',1266,'homecourtbias',3),(433,18,'2022-10-31 11:00:00',1266,'unicmanama',5),(434,16,'2022-08-27 14:00:00',99,'phantilador',9),(435,9,'2022-12-17 16:00:00',2117,'truemira',4),(436,6,'2022-10-17 22:00:00',1025,'aye_rain',4),(437,182,'2022-10-10 14:00:00',891,'upshelp',2),(438,2,'2022-08-25 22:00:00',71,'nicksouder106',7),(439,2,'2022-08-30 20:00:00',159,'bahamasfilmgirl',5),(440,6,'2022-09-18 08:00:00',489,'niesaahmad',8),(441,100,'2022-08-24 21:00:00',52,'fakesbumtie',1),(442,1,'2022-11-20 17:00:00',1632,'erinyoung24',12),(443,27,'2022-11-18 13:00:00',1592,'houdrew',3),(444,7,'2022-12-06 11:00:00',1914,'andersenhotel',12),(445,26,'2022-10-05 06:00:00',793,'oyalea_',6),(446,9,'2022-12-09 16:00:00',1973,'passdriving1',6),(447,16,'2022-10-17 08:00:00',1011,'anthonyoliva2',12),(448,20,'2022-12-25 23:00:00',2268,'shelovejordan',11),(449,4,'2022-10-17 22:00:00',1025,'andersenhotel',4),(450,1,'2022-09-27 14:00:00',657,'potato_wingd',4),(451,8,'2022-10-07 14:00:00',837,'sydneyhorrorx',10),(452,49,'2022-10-13 22:00:00',953,'billy_tully_13',1),(453,18,'2022-12-15 06:00:00',2071,'binnsy_46',1),(454,27,'2022-11-21 09:00:00',1642,'knowlifemusic',1),(455,2,'2022-12-20 22:00:00',2177,'much_man',1),(456,15,'2022-09-12 19:00:00',392,'gomarlins_2000',12),(457,21,'2022-11-08 23:00:00',1422,'chinadailyeu',11),(458,4,'2022-08-30 13:00:00',152,'the01wingman',5),(459,38,'2022-10-04 07:00:00',776,'junhyeok_sg',10),(460,9,'2022-12-27 16:00:00',2297,'harryssunx',7),(461,12,'2022-12-19 11:00:00',2148,'headunder_water',10),(462,23,'2022-08-27 14:00:00',99,'kerynr_artist',6),(463,13,'2022-12-25 23:00:00',2268,'iamaadi88',7),(464,7,'2022-12-11 15:00:00',2008,'truemira',6),(465,55,'2022-10-05 06:00:00',793,'oroomleb',9),(466,5,'2022-09-08 10:00:00',311,'juicedzevs',6),(467,13,'2022-09-29 06:00:00',685,'watersonjade',6),(468,42,'2022-09-30 10:00:00',707,'all_thats_left_',9),(469,189,'2022-09-30 10:00:00',707,'fuwozitozowe',2),(470,16,'2022-08-30 21:00:00',160,'trent__swanson',9),(471,14,'2022-11-28 07:00:00',1766,'ranjan_rkp',12),(472,24,'2022-11-11 22:00:00',1475,'natzumi27',8),(473,17,'2022-10-23 22:00:00',1133,'knowlifemusic',3),(474,25,'2022-10-16 09:00:00',994,'fckboyash_',10),(475,10,'2022-10-11 06:00:00',901,'panivpatil',8),(476,23,'2022-10-12 09:00:00',922,'kevincosna',9),(477,5,'2022-08-30 21:00:00',160,'fakesbumtie',9),(478,3,'2022-09-26 19:00:00',644,'mukziey',4),(479,22,'2022-11-15 06:00:00',1531,'stonericharde1',10),(480,2,'2022-11-11 22:00:00',1475,'artofevan',6),(481,2,'2022-11-07 18:00:00',1399,'all_thats_left_',2),(482,11,'2022-12-24 19:00:00',2246,'thewikitommy',5),(483,52,'2022-11-08 12:00:00',1411,'tattos_addict',1),(484,70,'2022-11-02 16:00:00',1307,'fuwozitozowe',1),(485,22,'2022-10-13 22:00:00',953,'natabaalo',2),(486,20,'2022-09-27 06:00:00',649,'futballg',10),(487,6,'2022-08-22 20:00:00',15,'mavros35169',3),(488,3,'2022-10-25 15:00:00',1162,'4marizumali',4),(489,101,'2022-11-03 11:00:00',1320,'saketsj2',2),(490,45,'2022-09-03 13:00:00',224,'truemira',11),(491,138,'2022-09-05 22:00:00',269,'haarriisson',2),(492,14,'2022-09-05 22:00:00',269,'bcakoparati208',7),(493,2,'2022-12-25 23:00:00',2268,'passdriving1',8),(494,25,'2022-11-10 09:00:00',1444,'tim_lashley',8),(495,34,'2022-12-05 08:00:00',1893,'khanalpratik',1),(496,2,'2022-09-27 14:00:00',657,'thedon___',8),(497,15,'2022-10-04 07:00:00',776,'ranjan_rkp',6),(498,4,'2022-10-23 15:00:00',1126,'natzumi27',5),(499,12,'2022-09-08 20:00:00',321,'fakesbumtie',8),(500,1,'2022-10-05 06:00:00',793,'meonajourney',6),(501,1,'2022-12-19 17:00:00',2154,'helena_431',10),(502,95,'2022-08-27 14:00:00',99,'billy_tully_13',1),(503,28,'2022-10-27 18:00:00',1201,'patriciangle',8),(504,23,'2022-10-01 22:00:00',737,'umo2013',2),(505,34,'2022-10-03 16:00:00',767,'gregoktaveceyp',10),(506,5,'2022-08-30 21:00:00',160,'indopulse',9),(507,1,'2022-11-04 22:00:00',1349,'samcyliax',3),(508,69,'2022-12-15 07:00:00',2072,'khanalpratik',1),(509,14,'2022-09-05 22:00:00',269,'blessmadulid',3),(510,3,'2022-10-14 10:00:00',959,'bahamasfilmgirl',8),(511,5,'2022-11-18 21:00:00',1600,'skssaltanat',7),(512,8,'2022-12-19 23:00:00',2160,'phillyalertnews',4),(513,22,'2022-12-10 16:00:00',1991,'jim_katz1',5),(514,6,'2022-12-19 17:00:00',2154,'oyalea_',1),(515,12,'2022-12-07 13:00:00',1934,'qualfoijuniu',8),(516,6,'2022-12-19 11:00:00',2148,'pareshp94866251',1),(517,98,'2022-10-20 19:00:00',1076,'vofnnamibia',1),(518,138,'2022-12-19 11:00:00',2148,'thewikitommy',2),(519,14,'2022-11-10 09:00:00',1444,'coleroberts95',11),(520,24,'2022-09-30 10:00:00',707,'waydee77',5),(521,14,'2022-12-25 22:00:00',2267,'knowlifemusic',10),(522,153,'2022-11-18 21:00:00',1600,'lmocase',2),(523,32,'2022-10-14 21:00:00',970,'ranjan_rkp',11),(524,78,'2022-12-09 16:00:00',1973,'aye_rain',1),(525,10,'2022-12-19 13:00:00',2150,'helena_431',7),(526,17,'2022-09-26 19:00:00',644,'prayapp',7),(527,19,'2022-10-07 14:00:00',837,'patriciangle',11),(528,9,'2022-11-10 09:00:00',1444,'oyalea_',5),(529,7,'2022-12-23 18:00:00',2227,'waydee77',7),(530,1,'2022-12-23 18:00:00',2227,'indopulse',3),(531,1,'2022-11-02 16:00:00',1307,'gaetanburgio',9),(532,12,'2022-12-04 20:00:00',1887,'yatovalmonte',8),(533,11,'2022-09-17 06:00:00',469,'evidenceaid',7),(534,1,'2022-10-24 07:00:00',1136,'got2spd',7),(535,46,'2022-10-19 19:00:00',1058,'lnyambai',9),(536,25,'2022-12-05 08:00:00',1893,'janajaiz',3),(537,16,'2022-11-02 16:00:00',1307,'antwiivirus',4),(538,48,'2022-11-26 06:00:00',1729,'mixoneddlovato',11),(539,3,'2022-09-09 23:00:00',342,'helena_431',4),(540,19,'2022-10-30 13:00:00',1250,'oyalea_',8),(541,168,'2022-11-28 16:00:00',1775,'rcp123456',2),(542,13,'2022-09-07 06:00:00',289,'mrvvipak',4),(543,67,'2022-10-20 06:00:00',1063,'ranjan_rkp',9),(544,20,'2022-09-20 06:00:00',523,'tomihoooooo',12),(545,10,'2022-09-07 09:00:00',292,'helena_431',6),(546,5,'2022-12-11 21:00:00',2014,'estherfsedman',12),(547,26,'2022-11-04 13:00:00',1340,'ushasudarshan27',5),(548,12,'2022-10-19 18:00:00',1057,'sydneyhorrorx',10),(549,17,'2022-09-01 12:00:00',187,'dinnidania',11),(550,16,'2022-11-06 17:00:00',1380,'prayapp',12),(551,19,'2022-11-30 20:00:00',1815,'sweetyb41804973',12),(552,10,'2022-12-04 20:00:00',1887,'antwiivirus',2),(553,21,'2022-12-10 16:00:00',1991,'meonajourney',9),(554,3,'2022-12-01 12:00:00',1825,'revolutweets',7),(555,5,'2022-12-17 10:00:00',2111,'chinadailyeu',8),(556,49,'2022-12-07 13:00:00',1934,'truemira',11),(557,21,'2022-09-02 14:00:00',207,'futballg',6),(558,19,'2022-12-11 15:00:00',2008,'c_ajmani',3),(559,188,'2022-11-05 23:00:00',1368,'fuwozitozowe',2),(560,6,'2022-12-11 21:00:00',2014,'jayaa03',7),(561,14,'2022-09-03 20:00:00',231,'crimbosocks',4),(562,14,'2022-12-13 09:00:00',2038,'c_ajmani',6),(563,15,'2022-11-05 10:00:00',1355,'thedon___',4),(564,7,'2022-09-02 17:00:00',210,'echasera',7),(565,22,'2022-09-29 06:00:00',685,'saltyphone',3),(566,146,'2022-12-04 20:00:00',1887,'missophia2015',2),(567,5,'2022-10-21 14:00:00',1089,'chinadailyeu',3),(568,14,'2022-10-25 15:00:00',1162,'tim_lashley',11),(569,93,'2022-10-05 06:00:00',793,'got2spd',2),(570,2,'2022-12-06 22:00:00',1925,'porscheclassy',10),(571,8,'2022-08-25 22:00:00',71,'anthonyoliva2',7),(572,5,'2022-11-18 06:00:00',1585,'lotusbuddhababa',5),(573,20,'2022-10-19 20:00:00',1059,'bcakoparati208',2),(574,46,'2022-09-29 08:00:00',687,'fckboyash_',9),(575,9,'2022-12-17 16:00:00',2117,'carolyncbarthel',1),(576,152,'2022-09-08 23:00:00',324,'jacquelinedsou4',2),(577,1,'2022-12-19 17:00:00',2154,'stonericharde1',12),(578,10,'2022-09-06 15:00:00',280,'dbone_69',2),(579,1,'2022-12-09 16:00:00',1973,'gregoktaveceyp',3),(580,45,'2022-09-25 21:00:00',628,'estherfsedman',11),(581,16,'2022-10-26 18:00:00',1183,'homecourtbias',7),(582,6,'2022-09-05 22:00:00',269,'the01wingman',4),(583,30,'2022-08-28 18:00:00',121,'robinpro84',8),(584,9,'2022-12-09 16:00:00',1973,'natzumi27',7),(585,22,'2022-11-15 06:00:00',1531,'futballg',11),(586,1,'2022-09-30 10:00:00',707,'superfuturelove',10),(587,66,'2022-09-06 13:00:00',278,'eli5_reddit',9),(588,4,'2022-12-19 17:00:00',2154,'thedon___',2),(589,5,'2022-10-28 11:00:00',1212,'ryandanielatt',8),(590,30,'2022-12-01 16:00:00',1829,'nafeesasyeed',5),(591,7,'2022-09-06 19:00:00',284,'azizi_mustakim',8),(592,5,'2022-12-05 16:00:00',1901,'natabaalo',5),(593,3,'2022-09-27 14:00:00',657,'theislandmaven',3),(594,13,'2022-11-02 16:00:00',1307,'thedon___',8),(595,3,'2022-12-22 19:00:00',2210,'vofnnamibia',9),(596,15,'2022-10-20 06:00:00',1063,'gmanews',11),(597,105,'2022-11-04 22:00:00',1349,'fakesbumtie',2),(598,46,'2022-10-01 22:00:00',737,'carolyncbarthel',9),(599,24,'2022-09-24 11:00:00',600,'theeglamqueen',5),(600,2,'2022-12-11 15:00:00',2008,'patriciangle',10),(601,15,'2022-10-17 08:00:00',1011,'dsweather',3),(602,18,'2022-09-08 20:00:00',321,'crimbosocks',6),(603,1,'2022-09-03 13:00:00',224,'mavros35169',11),(604,46,'2022-09-01 12:00:00',187,'nicksouder106',9),(605,22,'2022-12-20 22:00:00',2177,'natzumi27',10),(606,17,'2022-12-08 22:00:00',1961,'aniwahyagroup',7),(607,46,'2022-11-29 06:00:00',1783,'emotional__man',9),(608,6,'2022-10-20 06:00:00',1063,'prayapp',2),(609,11,'2022-08-27 21:00:00',106,'kevincosna',11),(610,91,'2022-10-10 14:00:00',891,'_greenwings',1),(611,3,'2022-09-06 15:00:00',280,'mukziey',10),(612,2,'2022-12-05 08:00:00',1893,'jacquelinedsou4',6),(613,2,'2022-08-25 19:00:00',68,'haarriisson',9),(614,10,'2022-12-15 23:00:00',2088,'thedon___',5),(615,1,'2022-11-30 20:00:00',1815,'origanalist',12),(616,2,'2022-11-03 11:00:00',1320,'chattingcat',6),(617,17,'2022-12-05 23:00:00',1908,'kerynr_artist',11),(618,13,'2022-10-13 22:00:00',953,'sena_adi21',7),(619,18,'2022-11-12 14:00:00',1485,'theislandmaven',9),(620,4,'2022-09-29 08:00:00',687,'helena_431',6),(621,21,'2022-11-21 19:00:00',1652,'bahamasfilmgirl',5),(622,4,'2022-11-08 23:00:00',1422,'genosmithnews',12),(623,9,'2022-10-27 10:00:00',1193,'oroomleb',5),(624,21,'2022-09-01 12:00:00',187,'hassensienicht',3),(625,10,'2022-10-19 22:00:00',1061,'ryanfelsman',9),(626,2,'2022-12-26 14:00:00',2277,'porscheclassy',6),(627,2,'2022-12-17 16:00:00',2117,'gomarlins_2000',8),(628,3,'2022-09-30 10:00:00',707,'estherfsedman',7),(629,12,'2022-12-31 09:00:00',2362,'superfuturelove',5),(630,10,'2022-12-19 20:00:00',2157,'antwiivirus',11),(631,11,'2022-09-02 17:00:00',210,'dbone_69',1),(632,6,'2022-10-22 17:00:00',1110,'alokshrivastav0',8),(633,1,'2022-12-13 12:00:00',2041,'yaasiros',10),(634,24,'2022-12-17 16:00:00',2117,'shadow_anino',11),(635,35,'2022-11-04 23:00:00',1350,'pareshp94866251',1),(636,15,'2022-10-19 22:00:00',1061,'ivansidorenko1',6),(637,14,'2022-09-17 06:00:00',469,'meonajourney',3),(638,4,'2022-12-09 15:00:00',1972,'szelepanna',6),(639,60,'2022-11-06 07:00:00',1370,'jrctic_ebooks',9),(640,9,'2022-11-06 19:00:00',1382,'dar_dar470161',10),(641,27,'2022-09-30 10:00:00',707,'ferialhaffajee',9),(642,52,'2022-12-27 08:00:00',2289,'sydneyhorrorx',9),(643,18,'2022-10-04 07:00:00',776,'aniwahyagroup',8),(644,14,'2022-11-28 16:00:00',1775,'theeglamqueen',10),(645,5,'2022-09-05 22:00:00',269,'gregoktaveceyp',5),(646,1,'2022-11-01 16:00:00',1289,'bahamasfilmgirl',8),(647,20,'2022-12-06 21:00:00',1924,'anthonyoliva2',6),(648,6,'2022-12-09 15:00:00',1972,'natabaalo',5),(649,7,'2022-12-30 20:00:00',2355,'thegoodphight',8),(650,18,'2022-12-05 23:00:00',1908,'aniwahyagroup',8),(651,5,'2022-12-05 23:00:00',1908,'mhs95',3),(652,17,'2022-10-30 13:00:00',1250,'chattingcat',7),(653,68,'2022-09-08 23:00:00',324,'kevincosna',1),(654,46,'2022-11-21 09:00:00',1642,'mrvvipak',11),(655,5,'2022-12-19 12:00:00',2149,'artofevan',7),(656,5,'2022-10-14 21:00:00',970,'khairulaqmal',8),(657,18,'2022-10-14 21:00:00',970,'si_ohumu',10),(658,5,'2022-12-24 15:00:00',2242,'dbone_69',6),(659,9,'2022-09-12 19:00:00',392,'tim_lashley',8),(660,13,'2022-11-10 09:00:00',1444,'binnsy_46',11),(661,9,'2022-09-27 06:00:00',649,'lorensantiago80',12),(662,7,'2022-11-12 14:00:00',1485,'qualfoijuniu',12),(663,17,'2022-09-22 22:00:00',575,'lmocase',3),(664,2,'2022-10-17 08:00:00',1011,'travelnewsdeals',8),(665,44,'2022-12-24 19:00:00',2246,'ushasudarshan27',9),(666,23,'2022-09-05 22:00:00',269,'saltyphone',10),(667,12,'2022-11-21 19:00:00',1652,'theislandmaven',7),(668,9,'2022-10-20 19:00:00',1076,'kkantbajpai',12),(669,10,'2022-10-19 22:00:00',1061,'bahamasfilmgirl',2),(670,18,'2022-10-27 18:00:00',1201,'nsevencan61',2),(671,9,'2022-11-06 07:00:00',1370,'homecourtbias',5),(672,6,'2022-09-09 23:00:00',342,'missophia2015',9),(673,2,'2022-10-19 11:00:00',1050,'oyalea_',10),(674,10,'2022-10-20 19:00:00',1076,'fuwozitozowe',8),(675,13,'2022-10-23 22:00:00',1133,'ryanfelsman',11),(676,16,'2022-10-27 10:00:00',1193,'raythegrouch',4),(677,18,'2022-11-28 07:00:00',1766,'janajaiz',1),(678,28,'2022-09-18 21:00:00',502,'anthonyoliva2',9),(679,11,'2022-09-24 11:00:00',600,'eli5_reddit',7),(680,4,'2022-12-11 21:00:00',2014,'waydee77',10),(681,5,'2022-10-16 09:00:00',994,'futballg',5),(682,9,'2022-09-18 08:00:00',489,'panzer0821',8),(683,4,'2022-12-09 16:00:00',1973,'blessmadulid',5),(684,43,'2022-09-18 08:00:00',489,'prayapp',11),(685,46,'2022-12-22 19:00:00',2210,'csaraf2',11),(686,1,'2022-09-01 19:00:00',194,'bcakoparati208',5),(687,20,'2022-08-22 20:00:00',15,'ryandanielatt',8),(688,63,'2022-10-07 14:00:00',837,'eli5_reddit',9),(689,177,'2022-10-01 22:00:00',737,'jacquelinedsou4',2),(690,45,'2022-12-11 22:00:00',2015,'meonajourney',11),(691,4,'2022-11-11 22:00:00',1475,'iambigthalafan',10),(692,18,'2022-11-19 20:00:00',1617,'lianethompson',12),(693,14,'2022-10-28 11:00:00',1212,'fakesbumtie',3),(694,7,'2022-10-19 22:00:00',1061,'myworldjalisco',9),(695,13,'2022-08-22 12:00:00',7,'sakitty_ptx',6),(696,3,'2022-12-19 17:00:00',2154,'kkantbajpai',11),(697,2,'2022-12-24 15:00:00',2242,'elaine94149937',12),(698,17,'2022-12-11 14:00:00',2007,'yatovalmonte',4),(699,3,'2022-10-14 10:00:00',959,'4marizumali',7),(700,2,'2022-08-27 21:00:00',106,'alokshrivastav0',9),(701,25,'2022-10-09 06:00:00',865,'echasera',9),(702,2,'2022-11-06 17:00:00',1380,'beem_team',5),(703,19,'2022-11-30 13:00:00',1808,'kevinwhyte87',4),(704,2,'2022-08-24 21:00:00',52,'umo2013',6),(705,73,'2022-09-04 16:00:00',245,'juicedzevs',1),(706,58,'2022-09-07 20:00:00',303,'nicksouder106',1),(707,16,'2022-09-08 10:00:00',311,'aniwahyagroup',10),(708,24,'2022-12-05 18:00:00',1903,'csaraf2',9),(709,8,'2022-11-20 17:00:00',1632,'chattingcat',11),(710,23,'2022-12-06 22:00:00',1925,'andersenhotel',8),(711,12,'2022-12-26 14:00:00',2277,'knappyhour',4),(712,5,'2022-11-18 06:00:00',1585,'natzumi27',7),(713,1,'2022-11-05 10:00:00',1355,'crimbosocks',2),(714,16,'2022-10-23 22:00:00',1133,'marina__o_o',7),(715,15,'2022-08-22 12:00:00',7,'travelnewsdeals',6),(716,1,'2022-09-02 17:00:00',210,'lnyambai',7),(717,16,'2022-11-05 23:00:00',1368,'vofnnamibia',8),(718,14,'2022-10-11 06:00:00',901,'andersenhotel',11),(719,58,'2022-12-13 12:00:00',2041,'aye_rain',9),(720,4,'2022-11-08 23:00:00',1422,'sena_adi21',5),(721,29,'2022-09-22 22:00:00',575,'segavox_44114',10),(722,6,'2022-12-27 16:00:00',2297,'ewancollinsee',8),(723,6,'2022-11-04 13:00:00',1340,'truemira',2),(724,129,'2022-10-28 11:00:00',1212,'dinnidania',2),(725,10,'2022-09-18 08:00:00',489,'potato_wingd',7),(726,21,'2022-10-03 16:00:00',767,'blessmadulid',6),(727,7,'2022-09-09 23:00:00',342,'indopulse',3),(728,11,'2022-12-19 12:00:00',2149,'jim_katz1',12),(729,58,'2022-12-01 16:00:00',1829,'homecourtbias',9),(730,21,'2022-09-08 23:00:00',324,'travelnewsdeals',3),(731,18,'2022-10-20 19:00:00',1076,'gomarlins_2000',3),(732,18,'2022-08-29 17:00:00',138,'dar_dar470161',9),(733,1,'2022-11-24 10:00:00',1697,'ryandanielatt',8),(734,8,'2022-09-01 12:00:00',187,'fakesbumtie',3),(735,15,'2022-12-08 15:00:00',1954,'gaxenuwigub',8),(736,9,'2022-08-28 18:00:00',121,'lianethompson',11),(737,7,'2022-10-28 11:00:00',1212,'browergrischa',6),(738,7,'2022-10-31 11:00:00',1266,'aye_rain',8),(739,21,'2022-10-20 19:00:00',1076,'kevinwhyte87',11),(740,124,'2022-11-26 06:00:00',1729,'4marizumali',2),(741,14,'2022-12-11 14:00:00',2007,'l_aguila007',7),(742,17,'2022-09-08 10:00:00',311,'raythegrouch',10),(743,20,'2022-09-01 19:00:00',194,'robinpro84',1),(744,13,'2022-09-27 14:00:00',657,'andersenhotel',10),(745,29,'2022-11-04 13:00:00',1340,'saketsj2',6),(746,2,'2022-11-18 21:00:00',1600,'nafeesasyeed',3),(747,16,'2022-10-17 08:00:00',1011,'janajaiz',1),(748,45,'2022-12-31 09:00:00',2362,'revolutweets',11),(749,85,'2022-11-19 20:00:00',1617,'porscheclassy',2),(750,4,'2022-11-05 10:00:00',1355,'phillyalertnews',7),(751,1,'2022-12-09 16:00:00',1973,'jrctic_ebooks',3),(752,5,'2022-09-01 12:00:00',187,'nicksouder106',11),(753,4,'2022-10-05 06:00:00',793,'fckboyash_',7),(754,7,'2022-10-09 20:00:00',879,'dsweather',10),(755,14,'2022-11-12 06:00:00',1477,'walkerdude13',6),(756,15,'2022-10-11 06:00:00',901,'mrvvipak',1),(757,39,'2022-10-02 09:00:00',742,'panivpatil',11),(758,17,'2022-10-22 10:00:00',1103,'csaraf2',6),(759,2,'2022-12-01 16:00:00',1829,'oroomleb',7),(760,1,'2022-12-19 17:00:00',2154,'janajaiz',9),(761,12,'2022-10-14 21:00:00',970,'phillyalertnews',4),(762,88,'2022-12-31 14:00:00',2367,'bcakoparati208',1),(763,93,'2022-10-09 20:00:00',879,'fckboyash_',2),(764,7,'2022-10-25 15:00:00',1162,'bates512',3),(765,4,'2022-10-10 14:00:00',891,'coleroberts95',2),(766,2,'2022-10-04 07:00:00',776,'yatovalmonte',8),(767,17,'2022-12-23 07:00:00',2216,'walkerdude13',10),(768,22,'2022-10-28 11:00:00',1212,'chinadailyeu',6),(769,64,'2022-11-24 10:00:00',1697,'mavros35169',2),(770,12,'2022-10-31 11:00:00',1266,'helena_431',12),(771,2,'2022-11-05 23:00:00',1368,'prayapp',4),(772,7,'2022-10-27 18:00:00',1201,'panivpatil',12),(773,42,'2022-10-21 14:00:00',1089,'mavros35169',11),(774,43,'2022-11-03 11:00:00',1320,'passdriving1',11),(775,79,'2022-11-07 18:00:00',1399,'bcakoparati208',1),(776,139,'2022-10-22 10:00:00',1103,'ushasudarshan27',2),(777,10,'2022-09-27 06:00:00',649,'lorensantiago80',6),(778,16,'2022-10-28 11:00:00',1212,'chattingcat',5),(779,5,'2022-10-19 19:00:00',1058,'homecourtbias',5),(780,19,'2022-12-21 19:00:00',2192,'niesaahmad',12),(781,3,'2022-11-06 20:00:00',1383,'superfuturelove',4),(782,9,'2022-12-21 19:00:00',2192,'unicmanama',8),(783,5,'2022-12-27 08:00:00',2289,'natabaalo',9),(784,29,'2022-11-04 13:00:00',1340,'swaggysid__',11),(785,4,'2022-12-22 19:00:00',2210,'passdriving1',7),(786,10,'2022-09-18 08:00:00',489,'aliens68',6),(787,32,'2022-08-22 20:00:00',15,'lemickeli',11),(788,35,'2022-11-26 19:00:00',1742,'sydneyhorrorx',2),(789,13,'2022-11-21 19:00:00',1652,'mukziey',8),(790,17,'2022-10-22 10:00:00',1103,'mdjvillarroel',11),(791,6,'2022-12-23 18:00:00',2227,'rcp123456',4),(792,8,'2022-10-04 21:00:00',790,'shelovejordan',4),(793,20,'2022-12-11 15:00:00',2008,'crimbosocks',8),(794,6,'2022-10-21 14:00:00',1089,'helena_431',6),(795,5,'2022-08-30 23:00:00',162,'gomarlins_2000',7),(796,12,'2022-09-11 09:00:00',364,'lnyambai',3),(797,25,'2022-10-19 11:00:00',1050,'helena_431',3),(798,154,'2022-08-22 12:00:00',7,'iamaadi88',2),(799,24,'2022-09-06 13:00:00',278,'mdjvillarroel',3),(800,7,'2022-09-29 06:00:00',685,'panzer0821',5),(801,2,'2022-09-02 17:00:00',210,'nafeesasyeed',6),(802,4,'2022-09-03 20:00:00',231,'ryanfelsman',11),(803,3,'2022-10-28 11:00:00',1212,'indopulse',5),(804,5,'2022-10-17 07:00:00',1010,'shelovejordan',4),(805,2,'2022-12-19 13:00:00',2150,'rcp123456',12),(806,12,'2022-10-17 08:00:00',1011,'iamaadi88',7),(807,3,'2022-09-29 08:00:00',687,'bcakoparati208',5),(808,6,'2022-09-12 19:00:00',392,'lemickeli',10),(809,1,'2022-09-29 06:00:00',685,'revolutweets',3),(810,11,'2022-12-06 11:00:00',1914,'nsevencan61',9),(811,1,'2022-10-01 22:00:00',737,'epilepsysa',12),(812,21,'2022-09-06 15:00:00',280,'dividendnew24x7',2),(813,3,'2022-12-10 16:00:00',1991,'emotional__man',5),(814,18,'2022-12-13 12:00:00',2041,'janajaiz',4),(815,3,'2022-10-23 22:00:00',1133,'genosmithnews',5),(816,1,'2022-10-26 18:00:00',1183,'lianethompson',11),(817,3,'2022-12-25 07:00:00',2252,'youbidderjones',5),(818,9,'2022-12-23 18:00:00',2227,'ferialhaffajee',7),(819,8,'2022-11-12 14:00:00',1485,'ushasudarshan27',12),(820,1,'2022-10-09 20:00:00',879,'myworldjalisco',3),(821,149,'2022-08-28 16:00:00',119,'waydee77',2),(822,9,'2022-10-20 19:00:00',1076,'parker0505',4),(823,11,'2022-09-07 16:00:00',299,'billy_tully_13',1),(824,24,'2022-09-08 10:00:00',311,'kevinwhyte87',9),(825,74,'2022-12-20 22:00:00',2177,'prayapp',1),(826,4,'2022-12-11 21:00:00',2014,'businesssharer',3),(827,25,'2022-12-05 18:00:00',1903,'futballg',2),(828,8,'2022-10-17 22:00:00',1025,'junhyeok_sg',10),(829,9,'2022-09-17 06:00:00',469,'harryssunx',10),(830,5,'2022-10-04 21:00:00',790,'thedon___',11),(831,38,'2022-09-06 15:00:00',280,'elaine94149937',11),(832,8,'2022-10-10 14:00:00',891,'thegoodphight',5),(833,4,'2022-12-13 09:00:00',2038,'_greenwings',12),(834,1,'2022-11-21 09:00:00',1642,'kevincosna',1),(835,10,'2022-10-17 07:00:00',1010,'gaetanburgio',10),(836,39,'2022-10-17 07:00:00',1010,'juicedzevs',11),(837,22,'2022-10-30 13:00:00',1250,'mdjvillarroel',6),(838,18,'2022-12-26 10:00:00',2273,'sena_adi21',7),(839,15,'2022-11-19 20:00:00',1617,'natzumi27',5),(840,9,'2022-09-06 15:00:00',280,'gregoktaveceyp',8),(841,69,'2022-11-01 16:00:00',1289,'tim_lashley',9),(842,7,'2022-09-05 22:00:00',269,'theangrymick',4),(843,60,'2022-12-07 13:00:00',1934,'epilepsysa',9),(844,26,'2022-10-01 22:00:00',737,'knowlifemusic',8),(845,11,'2022-09-24 11:00:00',600,'oyalea_',3),(846,33,'2022-11-18 21:00:00',1600,'mika0562',2),(847,36,'2022-10-02 09:00:00',742,'gomarlins_2000',10),(848,6,'2022-12-15 07:00:00',2072,'origanalist',1),(849,24,'2022-12-10 16:00:00',1991,'panivpatil',2),(850,16,'2022-12-07 13:00:00',1934,'phillyalertnews',12),(851,8,'2022-09-08 23:00:00',324,'l_aguila007',2),(852,10,'2022-10-20 06:00:00',1063,'cooking_r',2),(853,14,'2022-09-27 14:00:00',657,'yaasiros',4),(854,14,'2022-09-08 20:00:00',321,'thegoodphight',5),(855,60,'2022-08-25 22:00:00',71,'anthonyoliva2',2),(856,4,'2022-08-25 19:00:00',68,'yvaiwhy',4),(857,14,'2022-11-23 16:00:00',1685,'gmanews',7),(858,54,'2022-09-07 20:00:00',303,'junhyeok_sg',2),(859,16,'2022-10-05 06:00:00',793,'carolyncbarthel',12),(860,2,'2022-12-11 15:00:00',2008,'todayspop',8),(861,2,'2022-12-08 15:00:00',1954,'bahamasfilmgirl',3),(862,4,'2022-10-26 18:00:00',1183,'bcakoparati208',3),(863,7,'2022-12-05 16:00:00',1901,'vofnnamibia',12),(864,8,'2022-09-07 20:00:00',303,'umo2013',12),(865,11,'2022-09-01 12:00:00',187,'iambigthalafan',11),(866,4,'2022-09-29 06:00:00',685,'yvaiwhy',8),(867,1,'2022-11-03 09:00:00',1318,'_greenwings',4),(868,2,'2022-08-28 17:00:00',120,'meonajourney',6),(869,188,'2022-10-21 14:00:00',1089,'tomihoooooo',2),(870,10,'2022-08-30 20:00:00',159,'az_4_trump',6),(871,67,'2022-11-18 21:00:00',1600,'mrvvipak',1),(872,72,'2022-12-23 18:00:00',2227,'jamesh97_',1),(873,12,'2022-09-24 11:00:00',600,'gmanews',3),(874,28,'2022-11-08 20:00:00',1419,'nicksouder106',8),(875,31,'2022-11-28 16:00:00',1775,'shelovejordan',2),(876,13,'2022-09-20 06:00:00',523,'hoenjojo',4),(877,20,'2022-12-20 07:00:00',2162,'ryandanielatt',3),(878,5,'2022-11-28 16:00:00',1775,'beem_team',8),(879,20,'2022-12-01 16:00:00',1829,'thedon___',11),(880,18,'2022-10-14 21:00:00',970,'fckboyash_',5),(881,23,'2022-11-11 22:00:00',1475,'sportsjunkie007',9),(882,16,'2022-10-10 14:00:00',891,'browergrischa',11),(883,1,'2022-09-06 15:00:00',280,'c_ajmani',3),(884,51,'2022-08-30 10:00:00',149,'tomihoooooo',2),(885,28,'2022-10-01 18:00:00',733,'gmanews',10),(886,16,'2022-09-26 19:00:00',644,'helena_431',12),(887,11,'2022-11-05 10:00:00',1355,'porscheclassy',2),(888,2,'2022-09-06 15:00:00',280,'vansonouis',9),(889,15,'2022-12-15 06:00:00',2071,'all_thats_left_',6),(890,14,'2022-11-12 06:00:00',1477,'enolamelyk',5),(891,18,'2022-09-27 06:00:00',649,'dbone_69',5),(892,20,'2022-12-22 19:00:00',2210,'anthonyoliva2',10),(893,23,'2022-11-20 17:00:00',1632,'shelovejordan',8),(894,6,'2022-12-20 07:00:00',2162,'silky0135',3),(895,21,'2022-08-28 17:00:00',120,'kkantbajpai',9),(896,140,'2022-09-25 21:00:00',628,'khanalpratik',2),(897,13,'2022-10-26 18:00:00',1183,'crankedswift',12),(898,4,'2022-09-22 22:00:00',575,'_greenwings',1),(899,12,'2022-10-19 15:00:00',1054,'myworldjalisco',6),(900,19,'2022-10-19 19:00:00',1058,'unicmanama',2),(901,29,'2022-11-14 23:00:00',1530,'estherfsedman',8),(902,19,'2022-12-27 08:00:00',2289,'visit_turkey',10),(903,6,'2022-12-11 21:00:00',2014,'segavox_44114',12),(904,2,'2022-09-08 20:00:00',321,'ryanfelsman',7),(905,16,'2022-12-11 14:00:00',2007,'vofnnamibia',6),(906,22,'2022-09-18 08:00:00',489,'natzumi27',5),(907,15,'2022-12-17 10:00:00',2111,'blancamiosi',1),(908,76,'2022-09-22 06:00:00',559,'saketsj2',1),(909,2,'2022-09-25 21:00:00',628,'jamesh97_',12),(910,5,'2022-10-10 14:00:00',891,'porscheclassy',11),(911,26,'2022-10-30 13:00:00',1250,'sportschatlive',5),(912,49,'2022-12-25 12:00:00',2257,'silky0135',9),(913,16,'2022-09-11 09:00:00',364,'c_ajmani',11),(914,22,'2022-10-21 14:00:00',1089,'alokshrivastav0',1),(915,38,'2022-10-22 10:00:00',1103,'robinpro84',9),(916,24,'2022-10-04 21:00:00',790,'lemickeli',11),(917,19,'2022-12-22 19:00:00',2210,'ushasudarshan27',5),(918,21,'2022-12-05 21:00:00',1906,'lotusbuddhababa',6),(919,1,'2022-11-28 07:00:00',1766,'knowlifemusic',2),(920,10,'2022-08-25 19:00:00',68,'the5thoctave',6),(921,15,'2022-11-23 16:00:00',1685,'jacquelinedsou4',3),(922,23,'2022-08-28 17:00:00',120,'ryandanielatt',3),(923,3,'2022-10-19 11:00:00',1050,'oyalea_',2),(924,89,'2022-11-11 22:00:00',1475,'theangrymick',2),(925,6,'2022-11-28 07:00:00',1766,'samcyliax',5),(926,33,'2022-09-03 13:00:00',224,'sabine_dhbw',10),(927,4,'2022-08-22 12:00:00',7,'phillyalertnews',4),(928,5,'2022-12-06 21:00:00',1924,'fakesbumtie',3),(929,18,'2022-12-31 09:00:00',2362,'_greenwings',9),(930,66,'2022-09-06 13:00:00',278,'jim_katz1',1),(931,20,'2022-12-21 19:00:00',2192,'3ishbeirut',8),(932,60,'2022-11-28 07:00:00',1766,'4marizumali',9),(933,11,'2022-09-07 20:00:00',303,'anthonyoliva2',5),(934,3,'2022-12-27 08:00:00',2289,'crimbosocks',3),(935,6,'2022-08-30 13:00:00',152,'ivansidorenko1',10),(936,4,'2022-12-26 14:00:00',2277,'jamesh97_',4),(937,11,'2022-09-17 06:00:00',469,'haarriisson',11),(938,9,'2022-11-03 09:00:00',1318,'todayspop',8),(939,14,'2022-10-19 18:00:00',1057,'robinpro84',10),(940,9,'2022-11-01 16:00:00',1289,'got2spd',3),(941,21,'2022-12-06 21:00:00',1924,'silky0135',10),(942,3,'2022-12-01 16:00:00',1829,'ferialhaffajee',6),(943,16,'2022-09-24 11:00:00',600,'khanalpratik',8),(944,10,'2022-11-01 16:00:00',1289,'janajaiz',12),(945,1,'2022-11-04 23:00:00',1350,'aniwahyagroup',6),(946,26,'2022-08-30 20:00:00',159,'si_ohumu',3),(947,13,'2022-11-21 19:00:00',1652,'hoenjojo',3),(948,50,'2022-10-23 15:00:00',1126,'oroomleb',1),(949,54,'2022-10-26 18:00:00',1183,'anthonyoliva2',1),(950,24,'2022-12-07 13:00:00',1934,'tomihoooooo',3),(951,3,'2022-11-06 06:00:00',1369,'ranjan_rkp',5),(952,18,'2022-12-08 15:00:00',1954,'juicedzevs',12),(953,13,'2022-11-21 09:00:00',1642,'stonericharde1',3),(954,11,'2022-11-20 17:00:00',1632,'juicedzevs',1),(955,10,'2022-10-03 16:00:00',767,'coleroberts95',12),(956,2,'2022-10-17 22:00:00',1025,'3ishbeirut',7),(957,5,'2022-12-01 12:00:00',1825,'missyflash',8),(958,114,'2022-08-27 14:00:00',99,'silky0135',2),(959,3,'2022-12-19 12:00:00',2149,'cxtieharold',8),(960,1,'2022-11-08 23:00:00',1422,'aniwahyagroup',4),(961,26,'2022-10-04 21:00:00',790,'epilepsysa',5),(962,48,'2022-08-28 17:00:00',120,'dinnidania',2),(963,12,'2022-12-15 07:00:00',2072,'hoenjojo',6),(964,10,'2022-11-21 09:00:00',1642,'rcp123456',4),(965,85,'2022-11-08 12:00:00',1411,'jacquelinedsou4',2),(966,5,'2022-12-13 09:00:00',2038,'dividendnew24x7',8),(967,3,'2022-10-04 07:00:00',776,'mrvvipak',7),(968,15,'2022-12-01 12:00:00',1825,'sportsjunkie007',3),(969,50,'2022-11-05 10:00:00',1355,'mhs95',11),(970,2,'2022-08-22 12:00:00',7,'carolyncbarthel',4),(971,11,'2022-12-31 09:00:00',2362,'passdriving1',8),(972,10,'2022-11-15 06:00:00',1531,'the01wingman',3),(973,7,'2022-09-12 19:00:00',392,'gaxenuwigub',8),(974,22,'2022-12-30 20:00:00',2355,'yvaiwhy',5),(975,145,'2022-10-03 16:00:00',767,'got2spd',2),(976,21,'2022-11-05 23:00:00',1368,'janajaiz',1),(977,3,'2022-12-21 19:00:00',2192,'browergrischa',7),(978,15,'2022-10-12 09:00:00',922,'pareshp94866251',7),(979,68,'2022-12-11 14:00:00',2007,'gaxenuwigub',9),(980,2,'2022-11-21 19:00:00',1652,'jamesh97_',12),(981,97,'2022-11-12 14:00:00',1485,'kevincosna',2),(982,168,'2022-12-05 23:00:00',1908,'ewancollinsee',2),(983,26,'2022-12-13 12:00:00',2041,'phantilador',5),(984,1,'2022-12-05 08:00:00',1893,'ushasudarshan27',10),(985,5,'2022-09-04 16:00:00',245,'chattingcat',4),(986,3,'2022-08-30 13:00:00',152,'iamaadi88',10);
/*!40000 ALTER TABLE `EquipmentRentals` ENABLE KEYS */;
UNLOCK TABLES;

--
-- Table structure for table `Equipments`
--

DROP TABLE IF EXISTS `Equipments`;
/*!40101 SET @saved_cs_client     = @@character_set_client */;
/*!50503 SET character_set_client = utf8mb4 */;
CREATE TABLE `Equipments` (
  `equipment_id` int NOT NULL AUTO_INCREMENT,
  `equipment_name` varchar(50) DEFAULT NULL,
  `equipment_count` int NOT NULL,
  `equipment_rent_per_hour` double DEFAULT NULL,
  `sport_id` int DEFAULT NULL,
  PRIMARY KEY (`equipment_id`),
  KEY `sport_id` (`sport_id`),
  CONSTRAINT `equipments_ibfk_1` FOREIGN KEY (`sport_id`) REFERENCES `Sports` (`sport_id`) ON DELETE CASCADE ON UPDATE CASCADE
) ENGINE=InnoDB AUTO_INCREMENT=13 DEFAULT CHARSET=utf8mb4 COLLATE=utf8mb4_0900_ai_ci;
/*!40101 SET character_set_client = @saved_cs_client */;

--
-- Dumping data for table `Equipments`
--

LOCK TABLES `Equipments` WRITE;
/*!40000 ALTER TABLE `Equipments` DISABLE KEYS */;
INSERT INTO `Equipments` VALUES (1,'Badminton Racquet',100,2,1),(2,'Badminton Shuttle',200,2,1),(3,'Basketball',30,0,2),(4,'Rock Climbing Gear',20,3,3),(5,'Swimming Tube',30,2,4),(6,'Swimming Float',30,3,4),(7,'Squash Racquet',20,2,8),(8,'Squash Balls',30,2,8),(9,'Racquetball Racquet',70,4,9),(10,'Racquetball Ball',40,2,9),(11,'TT Racquet',50,2,10),(12,'TT Ball',20,2,10);
/*!40000 ALTER TABLE `Equipments` ENABLE KEYS */;
UNLOCK TABLES;

--
-- Table structure for table `EventBookings`
--

DROP TABLE IF EXISTS `EventBookings`;
/*!40101 SET @saved_cs_client     = @@character_set_client */;
/*!50503 SET character_set_client = utf8mb4 */;
CREATE TABLE `EventBookings` (
  `ticket_id` int NOT NULL AUTO_INCREMENT,
  `net_id` varchar(30) DEFAULT NULL,
  `event_id` int DEFAULT NULL,
  `booking_date` datetime DEFAULT NULL,
  `ticket_count` int DEFAULT NULL,
  PRIMARY KEY (`ticket_id`),
  KEY `net_id` (`net_id`),
  KEY `event_id` (`event_id`),
  CONSTRAINT `eventbookings_ibfk_1` FOREIGN KEY (`net_id`) REFERENCES `Users` (`net_id`) ON DELETE CASCADE ON UPDATE CASCADE,
  CONSTRAINT `eventbookings_ibfk_2` FOREIGN KEY (`event_id`) REFERENCES `Events` (`event_id`) ON DELETE CASCADE ON UPDATE CASCADE
) ENGINE=InnoDB AUTO_INCREMENT=501 DEFAULT CHARSET=utf8mb4 COLLATE=utf8mb4_0900_ai_ci;
/*!40101 SET character_set_client = @saved_cs_client */;

--
-- Dumping data for table `EventBookings`
--

LOCK TABLES `EventBookings` WRITE;
/*!40000 ALTER TABLE `EventBookings` DISABLE KEYS */;
INSERT INTO `EventBookings` VALUES (1,'analogist',3,'2022-09-08 00:00:00',13),(2,'areptesa',9,'2022-08-28 00:00:00',6),(3,'adriankao',19,'2022-09-30 00:00:00',14),(4,'4omgnewsafrica',17,'2022-09-14 00:00:00',10),(5,'aniwahyagroup',4,'2022-09-09 00:00:00',6),(6,'babosier',9,'2022-09-15 00:00:00',12),(7,'alexandregarel',14,'2022-10-05 00:00:00',7),(8,'alokshrivastav0',4,'2022-10-19 00:00:00',8),(9,'barcrusherboats',15,'2022-09-06 00:00:00',1),(10,'_greenwings',10,'2022-10-17 00:00:00',6),(11,'adorablenz',13,'2022-10-15 00:00:00',7),(12,'appspolicyforum',10,'2022-09-29 00:00:00',1),(13,'7tstarkey',2,'2022-09-18 00:00:00',12),(14,'abbyantal',14,'2022-10-12 00:00:00',9),(15,'accessagric',18,'2022-09-10 00:00:00',14),(16,'az_4_trump',14,'2022-10-18 00:00:00',1),(17,'asiafilipinas',17,'2022-08-24 00:00:00',6),(18,'afropresencia',19,'2022-09-13 00:00:00',6),(19,'barishitay',18,'2022-09-20 00:00:00',14),(20,'abdallahcnn',11,'2022-09-25 00:00:00',8),(21,'_greenwings',2,'2022-09-19 00:00:00',8),(22,'abdallahcnn',7,'2022-09-11 00:00:00',2),(23,'adri16',9,'2022-10-18 00:00:00',6),(24,'_zeets',12,'2022-09-14 00:00:00',11),(25,'3novicesengland',12,'2022-10-08 00:00:00',3),(26,'aviram_loggie',11,'2022-09-05 00:00:00',3),(27,'arjujumand',8,'2022-09-11 00:00:00',13),(28,'amendolaart',4,'2022-08-30 00:00:00',8),(29,'babosier',17,'2022-10-10 00:00:00',2),(30,'azzsam',12,'2022-10-09 00:00:00',11),(31,'arjungautam8888',6,'2022-09-05 00:00:00',12),(32,'ashlyjbrooks',13,'2022-08-22 00:00:00',1),(33,'all_thats_left_',9,'2022-09-14 00:00:00',8),(34,'adenahollington',5,'2022-09-30 00:00:00',6),(35,'ablho',15,'2022-08-25 00:00:00',8),(36,'alondraweng',9,'2022-10-17 00:00:00',14),(37,'3ishbeirut',4,'2022-09-07 00:00:00',13),(38,'10coleman',16,'2022-09-24 00:00:00',8),(39,'adenahollington',17,'2022-08-25 00:00:00',12),(40,'adenahollington',1,'2022-10-18 00:00:00',7),(41,'amarieroldan',2,'2022-08-25 00:00:00',4),(42,'airydairy',1,'2022-09-04 00:00:00',3),(43,'accessagric',13,'2022-10-12 00:00:00',6),(44,'_zeets',9,'2022-09-18 00:00:00',6),(45,'3ishbeirut',10,'2022-09-13 00:00:00',8),(46,'areptesa',1,'2022-10-04 00:00:00',6),(47,'_jazzybelleee',13,'2022-08-30 00:00:00',9),(48,'basedblob20666',15,'2022-10-05 00:00:00',7),(49,'afropresencia',18,'2022-10-15 00:00:00',7),(50,'andpiacentinig',15,'2022-09-14 00:00:00',2),(51,'aleneb25',17,'2022-09-03 00:00:00',12),(52,'aniwahyagroup',17,'2022-10-17 00:00:00',1),(53,'abdallahcnn',5,'2022-09-19 00:00:00',4),(54,'andersenhotel',3,'2022-10-19 00:00:00',6),(55,'aii_haider',8,'2022-09-12 00:00:00',12),(56,'adri16',18,'2022-10-13 00:00:00',11),(57,'arshya',19,'2022-08-27 00:00:00',6),(58,'alayna_powers',10,'2022-09-10 00:00:00',7),(59,'_greenwings',6,'2022-10-15 00:00:00',3),(60,'anyagauld',3,'2022-08-28 00:00:00',7),(61,'adriankao',9,'2022-09-18 00:00:00',12),(62,'basedblob20666',16,'2022-10-12 00:00:00',6),(63,'barcadenigeria',15,'2022-09-16 00:00:00',1),(64,'123infographics',18,'2022-09-27 00:00:00',6),(65,'_zeets',13,'2022-10-05 00:00:00',11),(66,'anyagauld',15,'2022-10-08 00:00:00',2),(67,'_kushoo1',19,'2022-10-09 00:00:00',9),(68,'arshya',16,'2022-08-23 00:00:00',8),(69,'b_reesey',16,'2022-10-08 00:00:00',6),(70,'aotto1968_2',18,'2022-10-11 00:00:00',3),(71,'azzsam',6,'2022-09-30 00:00:00',11),(72,'_johnny215',3,'2022-08-25 00:00:00',11),(73,'afropresencia',18,'2022-09-13 00:00:00',2),(74,'asiafilipinas',13,'2022-09-08 00:00:00',7),(75,'afropresencia',13,'2022-10-15 00:00:00',10),(76,'b0_s8_hx',8,'2022-10-03 00:00:00',9),(77,'aviram_loggie',4,'2022-08-27 00:00:00',6),(78,'attilasvillains',18,'2022-10-12 00:00:00',3),(79,'arjujumand',19,'2022-08-24 00:00:00',7),(80,'artofevan',2,'2022-09-21 00:00:00',7),(81,'amirkhxn',8,'2022-09-20 00:00:00',13),(82,'aeringuy',18,'2022-10-16 00:00:00',3),(83,'bahamasfilmgirl',17,'2022-10-18 00:00:00',4),(84,'andrewlalex',14,'2022-10-11 00:00:00',9),(85,'bahamasfilmgirl',8,'2022-10-03 00:00:00',6),(86,'_thetonk',8,'2022-09-19 00:00:00',2),(87,'b_reesey',1,'2022-09-05 00:00:00',1),(88,'4travelproducts',7,'2022-09-11 00:00:00',12),(89,'aeringuy',3,'2022-08-25 00:00:00',7),(90,'all_thats_left_',18,'2022-08-22 00:00:00',7),(91,'_johnny215',16,'2022-09-02 00:00:00',4),(92,'basedblob20666',8,'2022-09-30 00:00:00',2),(93,'barishitay',1,'2022-08-26 00:00:00',6),(94,'4omgnewsafrica',4,'2022-09-12 00:00:00',9),(95,'3malcon',18,'2022-10-11 00:00:00',8),(96,'barishitay',11,'2022-09-21 00:00:00',7),(97,'ajfecko',12,'2022-08-25 00:00:00',8),(98,'baldryvera',11,'2022-10-07 00:00:00',1),(99,'all_jobs_',19,'2022-09-13 00:00:00',6),(100,'atifshah',17,'2022-08-30 00:00:00',9),(101,'armada207',1,'2022-10-17 00:00:00',11),(102,'all_jobs_',5,'2022-09-19 00:00:00',2),(103,'aescartin',13,'2022-10-06 00:00:00',2),(104,'3novicesengland',2,'2022-10-17 00:00:00',3),(105,'ahmdkhoirullah',16,'2022-10-18 00:00:00',14),(106,'abbyantal',12,'2022-08-29 00:00:00',4),(107,'afropresencia',1,'2022-10-05 00:00:00',13),(108,'andrewroquiz',6,'2022-10-13 00:00:00',4),(109,'aleneb25',13,'2022-08-26 00:00:00',8),(110,'barcrusherboats',11,'2022-10-04 00:00:00',13),(111,'andilemlondo',19,'2022-08-27 00:00:00',6),(112,'azizi_mustakim',11,'2022-10-08 00:00:00',4),(113,'b0_s8_hx',7,'2022-09-04 00:00:00',4),(114,'alondraweng',19,'2022-09-05 00:00:00',3),(115,'_johnny215',1,'2022-08-31 00:00:00',7),(116,'ashdrxms',14,'2022-10-03 00:00:00',11),(117,'antlerbunny',15,'2022-09-07 00:00:00',3),(118,'amarieroldan',7,'2022-09-25 00:00:00',9),(119,'aescartin',4,'2022-10-01 00:00:00',14),(120,'3novicesengland',15,'2022-09-26 00:00:00',6),(121,'azzsam',10,'2022-09-03 00:00:00',1),(122,'baldryvera',6,'2022-09-19 00:00:00',10),(123,'analogist',15,'2022-08-28 00:00:00',6),(124,'alexandregarel',11,'2022-09-12 00:00:00',8),(125,'abdallahcnn',1,'2022-10-16 00:00:00',10),(126,'babosier',11,'2022-10-10 00:00:00',3),(127,'4omgnewsafrica',13,'2022-09-06 00:00:00',13),(128,'adriankao',16,'2022-09-17 00:00:00',12),(129,'andariasbetteng',12,'2022-09-22 00:00:00',7),(130,'aliens68',17,'2022-10-14 00:00:00',13),(131,'ajlisteningpost',7,'2022-10-19 00:00:00',3),(132,'all_thats_left_',1,'2022-09-24 00:00:00',3),(133,'balram_insan',8,'2022-09-17 00:00:00',12),(134,'_jazzybelleee',10,'2022-10-17 00:00:00',8),(135,'adriankao',8,'2022-09-02 00:00:00',7),(136,'azzsam',13,'2022-09-26 00:00:00',10),(137,'alexsardar',11,'2022-10-06 00:00:00',12),(138,'appspolicyforum',12,'2022-08-24 00:00:00',2),(139,'azzsam',4,'2022-08-24 00:00:00',7),(140,'aescartin',1,'2022-09-27 00:00:00',10),(141,'_kushoo1',18,'2022-08-24 00:00:00',7),(142,'atirakhalisha',8,'2022-08-25 00:00:00',9),(143,'aniwahyagroup',8,'2022-08-29 00:00:00',2),(144,'bahamasfilmgirl',16,'2022-10-16 00:00:00',2),(145,'balram_insan',19,'2022-10-19 00:00:00',1),(146,'_eggcrown',2,'2022-09-16 00:00:00',12),(147,'3ishbeirut',11,'2022-09-04 00:00:00',14),(148,'abdallahcnn',11,'2022-09-06 00:00:00',6),(149,'aii_haider',10,'2022-09-22 00:00:00',8),(150,'arjungautam8888',12,'2022-08-23 00:00:00',8),(151,'alayna_powers',7,'2022-09-11 00:00:00',8),(152,'adenahollington',15,'2022-10-17 00:00:00',6),(153,'ashlyjbrooks',13,'2022-09-13 00:00:00',6),(154,'ablho',10,'2022-10-07 00:00:00',9),(155,'atirakhalisha',2,'2022-09-19 00:00:00',9),(156,'accessagric',18,'2022-08-29 00:00:00',3),(157,'arjungautam8888',12,'2022-10-17 00:00:00',2),(158,'akanev716',3,'2022-09-21 00:00:00',1),(159,'123infographics',4,'2022-09-14 00:00:00',7),(160,'ajfecko',16,'2022-09-11 00:00:00',12),(161,'aeringuy',6,'2022-09-06 00:00:00',11),(162,'b0_s8_hx',7,'2022-10-04 00:00:00',3),(163,'4omgnewsafrica',15,'2022-10-12 00:00:00',13),(164,'aminzulkarnain',10,'2022-09-10 00:00:00',3),(165,'alondraweng',8,'2022-09-11 00:00:00',7),(166,'asiafilipinas',5,'2022-09-06 00:00:00',10),(167,'aniwahyagroup',5,'2022-09-19 00:00:00',4),(168,'arshya',9,'2022-09-30 00:00:00',12),(169,'barcadenigeria',15,'2022-09-13 00:00:00',8),(170,'amarieroldan',15,'2022-09-16 00:00:00',1),(171,'aviram_loggie',17,'2022-09-05 00:00:00',12),(172,'115746999eric',10,'2022-08-31 00:00:00',6),(173,'asiafilipinas',1,'2022-09-03 00:00:00',7),(174,'ashlyjbrooks',12,'2022-09-09 00:00:00',6),(175,'adriankao',5,'2022-08-30 00:00:00',6),(176,'alokshrivastav0',19,'2022-10-12 00:00:00',5),(177,'4travelproducts',12,'2022-08-29 00:00:00',8),(178,'barcadenigeria',19,'2022-08-23 00:00:00',8),(179,'4marizumali',3,'2022-09-24 00:00:00',7),(180,'andpiacentinig',18,'2022-10-10 00:00:00',11),(181,'andrewroquiz',10,'2022-08-28 00:00:00',1),(182,'_kushoo1',16,'2022-10-19 00:00:00',8),(183,'areptesa',2,'2022-09-13 00:00:00',9),(184,'aeringuy',16,'2022-09-04 00:00:00',8),(185,'babosier',10,'2022-09-27 00:00:00',6),(186,'123infographics',17,'2022-10-10 00:00:00',13),(187,'b0_s8_hx',9,'2022-08-31 00:00:00',3),(188,'barcadenigeria',8,'2022-08-27 00:00:00',7),(189,'aviram_loggie',5,'2022-10-12 00:00:00',1),(190,'barcrusherboats',4,'2022-10-12 00:00:00',14),(191,'asian_cumdumps',19,'2022-10-03 00:00:00',13),(192,'antlerbunny',16,'2022-10-05 00:00:00',12),(193,'andersenhotel',17,'2022-10-20 00:00:00',8),(194,'barishitay',17,'2022-09-13 00:00:00',13),(195,'aleneb25',8,'2022-09-17 00:00:00',2),(196,'accessagric',13,'2022-10-03 00:00:00',9),(197,'ahmdkhoirullah',4,'2022-10-14 00:00:00',13),(198,'adorablenz',4,'2022-10-10 00:00:00',12),(199,'barbroe',17,'2022-08-30 00:00:00',14),(200,'all_jobs_',7,'2022-10-10 00:00:00',7),(201,'allthelovelinds',15,'2022-09-10 00:00:00',6),(202,'ajfecko',15,'2022-10-04 00:00:00',6),(203,'all_jobs_',18,'2022-10-09 00:00:00',2),(204,'ajfecko',8,'2022-10-10 00:00:00',7),(205,'barcrusherboats',10,'2022-10-18 00:00:00',14),(206,'aye_rain',3,'2022-09-02 00:00:00',2),(207,'barishitay',9,'2022-08-30 00:00:00',13),(208,'10coleman',11,'2022-10-15 00:00:00',8),(209,'all_thats_left_',14,'2022-09-18 00:00:00',8),(210,'andrewroquiz',11,'2022-10-19 00:00:00',8),(211,'b_reesey',10,'2022-08-24 00:00:00',6),(212,'aescartin',2,'2022-09-24 00:00:00',13),(213,'andilemlondo',4,'2022-10-08 00:00:00',13),(214,'_johnny215',4,'2022-09-07 00:00:00',4),(215,'airydairy',6,'2022-09-04 00:00:00',13),(216,'anonymtipster',7,'2022-10-17 00:00:00',7),(217,'_greenwings',7,'2022-10-19 00:00:00',8),(218,'anonymtipster',18,'2022-08-22 00:00:00',11),(219,'amirkhxn',13,'2022-09-29 00:00:00',4),(220,'airydairy',10,'2022-09-24 00:00:00',9),(221,'az_4_trump',15,'2022-10-13 00:00:00',5),(222,'aescartin',18,'2022-09-16 00:00:00',14),(223,'andersenhotel',15,'2022-08-23 00:00:00',3),(224,'areptesa',7,'2022-08-28 00:00:00',4),(225,'115746999eric',2,'2022-09-11 00:00:00',6),(226,'4travelproducts',15,'2022-09-23 00:00:00',6),(227,'andrewlalex',19,'2022-09-25 00:00:00',12),(228,'azzsam',11,'2022-09-28 00:00:00',14),(229,'arjungautam8888',17,'2022-09-15 00:00:00',7),(230,'_kushoo1',2,'2022-08-23 00:00:00',6),(231,'100thone',18,'2022-09-25 00:00:00',4),(232,'_kushoo1',8,'2022-09-17 00:00:00',13),(233,'ashdrxms',2,'2022-09-28 00:00:00',11),(234,'aidaadrianaa_',1,'2022-10-04 00:00:00',8),(235,'alondraweng',16,'2022-09-26 00:00:00',3),(236,'b0_s8_hx',17,'2022-09-13 00:00:00',12),(237,'adorablenz',5,'2022-09-06 00:00:00',9),(238,'africanewsaddic',10,'2022-09-18 00:00:00',10),(239,'ajfecko',16,'2022-09-03 00:00:00',13),(240,'anyagauld',7,'2022-08-24 00:00:00',11),(241,'abdallahcnn',17,'2022-10-11 00:00:00',7),(242,'babosier',5,'2022-08-27 00:00:00',12),(243,'alexandregarel',12,'2022-09-28 00:00:00',12),(244,'andpiacentinig',2,'2022-10-14 00:00:00',11),(245,'alokshrivastav0',12,'2022-09-29 00:00:00',14),(246,'barbroe',14,'2022-09-03 00:00:00',3),(247,'anyagauld',1,'2022-10-08 00:00:00',6),(248,'accessagric',14,'2022-10-11 00:00:00',8),(249,'123infographics',13,'2022-09-25 00:00:00',8),(250,'afrikaaman',12,'2022-10-02 00:00:00',6),(251,'appspolicyforum',14,'2022-08-25 00:00:00',2),(252,'115746999eric',4,'2022-10-08 00:00:00',4),(253,'barbroe',5,'2022-10-03 00:00:00',7),(254,'amirkhxn',17,'2022-09-24 00:00:00',12),(255,'asian_cumdumps',16,'2022-10-06 00:00:00',14),(256,'balram_insan',17,'2022-08-25 00:00:00',4),(257,'aotto1968_2',9,'2022-09-21 00:00:00',9),(258,'all_jobs_',11,'2022-09-01 00:00:00',9),(259,'arshya',11,'2022-10-12 00:00:00',12),(260,'3ishbeirut',3,'2022-10-16 00:00:00',8),(261,'aescartin',5,'2022-10-02 00:00:00',10),(262,'areptesa',10,'2022-09-22 00:00:00',11),(263,'appspolicyforum',7,'2022-08-29 00:00:00',8),(264,'4travelproducts',9,'2022-09-22 00:00:00',11),(265,'aii_haider',6,'2022-09-25 00:00:00',12),(266,'115746999eric',16,'2022-08-24 00:00:00',4),(267,'3novicesengland',17,'2022-10-17 00:00:00',8),(268,'b_reesey',4,'2022-09-25 00:00:00',6),(269,'antlerbunny',11,'2022-10-07 00:00:00',7),(270,'azzsam',7,'2022-09-11 00:00:00',6),(271,'b_reesey',9,'2022-09-24 00:00:00',10),(272,'alexandregarel',9,'2022-10-20 00:00:00',3),(273,'accessagric',6,'2022-10-04 00:00:00',3),(274,'4travelproducts',17,'2022-09-01 00:00:00',6),(275,'andersenhotel',16,'2022-10-06 00:00:00',8),(276,'barcrusherboats',3,'2022-09-20 00:00:00',3),(277,'alayna_powers',12,'2022-10-19 00:00:00',14),(278,'areptesa',2,'2022-10-15 00:00:00',2),(279,'arjujumand',15,'2022-10-05 00:00:00',2),(280,'barikris',15,'2022-10-20 00:00:00',6),(281,'afrikaaman',10,'2022-09-12 00:00:00',7),(282,'azzsam',14,'2022-08-22 00:00:00',4),(283,'andpiacentinig',5,'2022-09-14 00:00:00',7),(284,'_johnny215',14,'2022-08-24 00:00:00',11),(285,'aotto1968_2',2,'2022-10-14 00:00:00',13),(286,'airydairy',3,'2022-09-14 00:00:00',14),(287,'aminzulkarnain',16,'2022-09-14 00:00:00',13),(288,'ashdrxms',8,'2022-10-19 00:00:00',14),(289,'armada207',10,'2022-10-04 00:00:00',13),(290,'aniwahyagroup',17,'2022-09-17 00:00:00',3),(291,'4travelproducts',4,'2022-09-17 00:00:00',8),(292,'ablho',18,'2022-09-10 00:00:00',3),(293,'babesexpert',18,'2022-10-09 00:00:00',1),(294,'all_thats_left_',1,'2022-09-07 00:00:00',12),(295,'anyagauld',11,'2022-10-15 00:00:00',2),(296,'afrikaaman',6,'2022-09-05 00:00:00',8),(297,'aliens68',5,'2022-09-11 00:00:00',1),(298,'_eggcrown',8,'2022-10-01 00:00:00',4),(299,'b_reesey',19,'2022-10-13 00:00:00',8),(300,'aye_rain',11,'2022-09-27 00:00:00',14),(301,'_greenwings',13,'2022-10-19 00:00:00',12),(302,'arshya',14,'2022-10-16 00:00:00',12),(303,'all_thats_left_',12,'2022-09-01 00:00:00',4),(304,'aleneb25',16,'2022-09-15 00:00:00',13),(305,'anyagauld',10,'2022-10-10 00:00:00',7),(306,'115746999eric',15,'2022-09-10 00:00:00',7),(307,'aescartin',17,'2022-09-21 00:00:00',2),(308,'alondraweng',1,'2022-08-30 00:00:00',4),(309,'akanev716',3,'2022-10-20 00:00:00',7),(310,'barcadenigeria',8,'2022-09-07 00:00:00',14),(311,'115746999eric',18,'2022-09-23 00:00:00',7),(312,'115746999eric',15,'2022-09-14 00:00:00',8),(313,'allthelovelinds',15,'2022-09-01 00:00:00',10),(314,'aufreebets',18,'2022-09-10 00:00:00',10),(315,'atifshah',15,'2022-09-12 00:00:00',14),(316,'aotto1968_2',2,'2022-10-07 00:00:00',12),(317,'airydairy',6,'2022-09-07 00:00:00',13),(318,'4omgnewsafrica',14,'2022-09-10 00:00:00',6),(319,'7tstarkey',14,'2022-10-14 00:00:00',6),(320,'4marizumali',16,'2022-09-13 00:00:00',8),(321,'airydairy',14,'2022-09-22 00:00:00',7),(322,'aviram_loggie',10,'2022-09-29 00:00:00',12),(323,'aidaadrianaa_',1,'2022-10-15 00:00:00',9),(324,'asiafilipinas',1,'2022-09-19 00:00:00',2),(325,'aniwahyagroup',12,'2022-10-12 00:00:00',4),(326,'andrewroquiz',4,'2022-10-12 00:00:00',2),(327,'balram_insan',10,'2022-10-13 00:00:00',13),(328,'abdallahcnn',14,'2022-09-12 00:00:00',10),(329,'aleneb25',12,'2022-09-23 00:00:00',4),(330,'analogist',13,'2022-09-23 00:00:00',6),(331,'_greenwings',4,'2022-10-11 00:00:00',6),(332,'balram_insan',17,'2022-09-08 00:00:00',12),(333,'aii_haider',19,'2022-09-06 00:00:00',13),(334,'atirakhalisha',4,'2022-08-29 00:00:00',14),(335,'aniwahyagroup',3,'2022-09-17 00:00:00',7),(336,'ajfecko',12,'2022-09-26 00:00:00',11),(337,'7tstarkey',16,'2022-08-28 00:00:00',1),(338,'4marizumali',9,'2022-10-16 00:00:00',13),(339,'abbyantal',15,'2022-10-06 00:00:00',12),(340,'antwiivirus',17,'2022-10-10 00:00:00',13),(341,'ablho',6,'2022-10-08 00:00:00',8),(342,'babosier',9,'2022-09-28 00:00:00',2),(343,'_jazzybelleee',19,'2022-10-11 00:00:00',9),(344,'aviram_loggie',5,'2022-09-18 00:00:00',3),(345,'azzsam',1,'2022-09-30 00:00:00',10),(346,'adri16',16,'2022-08-27 00:00:00',4),(347,'abdallahcnn',4,'2022-09-17 00:00:00',6),(348,'anonymtipster',8,'2022-10-17 00:00:00',2),(349,'atirakhalisha',14,'2022-10-19 00:00:00',3),(350,'andilemlondo',19,'2022-10-11 00:00:00',13),(351,'aidaadrianaa_',6,'2022-10-02 00:00:00',1),(352,'alondraweng',6,'2022-10-19 00:00:00',4),(353,'atifshah',18,'2022-08-29 00:00:00',2),(354,'_eggcrown',17,'2022-09-20 00:00:00',12),(355,'adriankao',19,'2022-10-01 00:00:00',2),(356,'_johnny215',12,'2022-09-11 00:00:00',12),(357,'baldryvera',3,'2022-08-25 00:00:00',13),(358,'andpiacentinig',9,'2022-09-18 00:00:00',3),(359,'3ishbeirut',6,'2022-09-05 00:00:00',7),(360,'ashlyjbrooks',1,'2022-09-16 00:00:00',1),(361,'3ishbeirut',13,'2022-09-29 00:00:00',11),(362,'bahamasfilmgirl',1,'2022-09-08 00:00:00',8),(363,'ashlyjbrooks',12,'2022-09-04 00:00:00',6),(364,'arjungautam8888',12,'2022-10-02 00:00:00',13),(365,'balram_insan',18,'2022-10-09 00:00:00',6),(366,'4omgnewsafrica',4,'2022-10-14 00:00:00',8),(367,'ablho',4,'2022-09-25 00:00:00',3),(368,'4marizumali',13,'2022-10-20 00:00:00',12),(369,'bahamasfilmgirl',5,'2022-08-22 00:00:00',7),(370,'aminzulkarnain',4,'2022-10-13 00:00:00',2),(371,'abbyantal',13,'2022-09-21 00:00:00',8),(372,'barikris',16,'2022-10-03 00:00:00',8),(373,'alokshrivastav0',16,'2022-09-18 00:00:00',3),(374,'all_thats_left_',17,'2022-08-25 00:00:00',12),(375,'all_jobs_',18,'2022-09-01 00:00:00',9),(376,'basedblob20666',16,'2022-10-03 00:00:00',6),(377,'4travelproducts',2,'2022-10-15 00:00:00',12),(378,'123infographics',1,'2022-08-22 00:00:00',7),(379,'all_jobs_',6,'2022-10-02 00:00:00',2),(380,'_donlbr',11,'2022-10-16 00:00:00',8),(381,'aidaadrianaa_',14,'2022-08-29 00:00:00',7),(382,'accessagric',9,'2022-09-15 00:00:00',13),(383,'babesexpert',2,'2022-10-18 00:00:00',10),(384,'_greenwings',16,'2022-08-26 00:00:00',7),(385,'airydairy',14,'2022-10-11 00:00:00',7),(386,'barikris',5,'2022-09-15 00:00:00',12),(387,'appspolicyforum',8,'2022-10-01 00:00:00',11),(388,'aleneb25',9,'2022-09-01 00:00:00',2),(389,'_zeets',2,'2022-09-27 00:00:00',12),(390,'africanewsaddic',18,'2022-09-07 00:00:00',8),(391,'andersenhotel',18,'2022-10-03 00:00:00',10),(392,'alayna_powers',4,'2022-10-08 00:00:00',2),(393,'adorablenz',15,'2022-10-17 00:00:00',2),(394,'andpiacentinig',8,'2022-10-09 00:00:00',8),(395,'antlerbunny',2,'2022-08-27 00:00:00',1),(396,'ashlyjbrooks',16,'2022-10-11 00:00:00',6),(397,'amendolaart',13,'2022-09-06 00:00:00',4),(398,'4omgnewsafrica',12,'2022-09-13 00:00:00',11),(399,'attilasvillains',1,'2022-09-13 00:00:00',3),(400,'barcrusherboats',16,'2022-08-22 00:00:00',12),(401,'aescartin',9,'2022-10-11 00:00:00',11),(402,'afropresencia',3,'2022-08-24 00:00:00',6),(403,'aliens68',6,'2022-10-08 00:00:00',14),(404,'_zeets',5,'2022-09-29 00:00:00',13),(405,'123infographics',12,'2022-09-04 00:00:00',2),(406,'_donlbr',18,'2022-09-04 00:00:00',4),(407,'babesexpert',7,'2022-10-05 00:00:00',8),(408,'b_reesey',9,'2022-08-26 00:00:00',10),(409,'123infographics',8,'2022-10-06 00:00:00',6),(410,'africanewsaddic',5,'2022-08-26 00:00:00',6),(411,'afropresencia',16,'2022-09-13 00:00:00',13),(412,'all_thats_left_',6,'2022-10-17 00:00:00',7),(413,'alexsardar',8,'2022-10-07 00:00:00',6),(414,'_greenwings',19,'2022-10-05 00:00:00',4),(415,'airydairy',12,'2022-08-29 00:00:00',8),(416,'balram_insan',13,'2022-10-14 00:00:00',4),(417,'atirakhalisha',11,'2022-08-30 00:00:00',8),(418,'10coleman',5,'2022-10-14 00:00:00',10),(419,'amendolaart',6,'2022-08-27 00:00:00',8),(420,'amirkhxn',1,'2022-08-29 00:00:00',3),(421,'ajlisteningpost',10,'2022-08-31 00:00:00',7),(422,'aminzulkarnain',1,'2022-10-03 00:00:00',7),(423,'ablho',10,'2022-09-12 00:00:00',4),(424,'aeringuy',2,'2022-09-02 00:00:00',4),(425,'babesexpert',1,'2022-08-23 00:00:00',3),(426,'4omgnewsafrica',18,'2022-09-09 00:00:00',6),(427,'4travelproducts',4,'2022-09-17 00:00:00',12),(428,'aescartin',11,'2022-08-28 00:00:00',9),(429,'adenahollington',1,'2022-10-02 00:00:00',14),(430,'all_thats_left_',7,'2022-09-11 00:00:00',12),(431,'atirakhalisha',16,'2022-09-23 00:00:00',13),(432,'all_thats_left_',2,'2022-09-24 00:00:00',12),(433,'ajlisteningpost',9,'2022-09-24 00:00:00',6),(434,'basedblob20666',12,'2022-10-08 00:00:00',7),(435,'adriankao',14,'2022-10-02 00:00:00',3),(436,'_donlbr',6,'2022-09-10 00:00:00',4),(437,'airydairy',8,'2022-09-15 00:00:00',9),(438,'bahamasfilmgirl',14,'2022-10-04 00:00:00',11),(439,'aeringuy',1,'2022-09-08 00:00:00',3),(440,'ablho',17,'2022-09-15 00:00:00',6),(441,'babosier',4,'2022-10-01 00:00:00',7),(442,'bahamasfilmgirl',9,'2022-10-09 00:00:00',10),(443,'ablho',11,'2022-08-24 00:00:00',14),(444,'alayna_powers',19,'2022-10-19 00:00:00',6),(445,'analogist',19,'2022-09-04 00:00:00',6),(446,'_donlbr',4,'2022-08-27 00:00:00',7),(447,'atifshah',18,'2022-09-16 00:00:00',7),(448,'baldryvera',4,'2022-09-11 00:00:00',6),(449,'aufreebets',14,'2022-10-19 00:00:00',3),(450,'aufreebets',4,'2022-10-06 00:00:00',11),(451,'_zeets',16,'2022-09-07 00:00:00',9),(452,'_kushoo1',4,'2022-09-04 00:00:00',12),(453,'abdallahcnn',19,'2022-09-17 00:00:00',2),(454,'alokshrivastav0',6,'2022-10-03 00:00:00',3),(455,'aleneb25',16,'2022-10-18 00:00:00',1),(456,'aliens68',5,'2022-10-10 00:00:00',3),(457,'antlerbunny',19,'2022-09-21 00:00:00',7),(458,'aescartin',10,'2022-09-09 00:00:00',4),(459,'anonymtipster',2,'2022-10-18 00:00:00',6),(460,'10coleman',15,'2022-09-30 00:00:00',13),(461,'_jazzybelleee',4,'2022-08-31 00:00:00',6),(462,'arjungautam8888',17,'2022-09-11 00:00:00',13),(463,'aye_rain',4,'2022-10-13 00:00:00',4),(464,'amarieroldan',8,'2022-09-10 00:00:00',7),(465,'afrikaaman',11,'2022-09-20 00:00:00',8),(466,'andpiacentinig',5,'2022-09-21 00:00:00',7),(467,'anthonyoliva2',3,'2022-09-02 00:00:00',2),(468,'basedblob20666',16,'2022-08-26 00:00:00',14),(469,'115746999eric',8,'2022-09-26 00:00:00',2),(470,'ashlyjbrooks',5,'2022-09-07 00:00:00',2),(471,'amendolaart',10,'2022-10-09 00:00:00',4),(472,'3ishbeirut',12,'2022-10-04 00:00:00',13),(473,'babesexpert',19,'2022-08-30 00:00:00',7),(474,'alexandregarel',8,'2022-09-27 00:00:00',10),(475,'alexandregarel',9,'2022-08-25 00:00:00',6),(476,'alayna_powers',3,'2022-10-12 00:00:00',4),(477,'areptesa',8,'2022-10-18 00:00:00',12),(478,'armada207',8,'2022-09-13 00:00:00',8),(479,'ahmdkhoirullah',18,'2022-10-08 00:00:00',4),(480,'andariasbetteng',4,'2022-09-18 00:00:00',10),(481,'africanewsaddic',11,'2022-10-16 00:00:00',7),(482,'_johnny215',14,'2022-09-16 00:00:00',3),(483,'areptesa',4,'2022-09-28 00:00:00',13),(484,'atirakhalisha',9,'2022-09-19 00:00:00',8),(485,'aufreebets',16,'2022-09-06 00:00:00',6),(486,'baldryvera',11,'2022-09-19 00:00:00',4),(487,'barishitay',11,'2022-09-04 00:00:00',6),(488,'4travelproducts',9,'2022-10-03 00:00:00',2),(489,'arjujumand',12,'2022-10-20 00:00:00',8),(490,'atifshah',17,'2022-10-15 00:00:00',12),(491,'3novicesengland',12,'2022-08-22 00:00:00',3),(492,'aniwahyagroup',3,'2022-09-30 00:00:00',9),(493,'adorablenz',15,'2022-10-07 00:00:00',11),(494,'adenahollington',10,'2022-10-17 00:00:00',4),(495,'ashdrxms',5,'2022-09-10 00:00:00',14),(496,'ajfecko',8,'2022-09-20 00:00:00',6),(497,'adriankao',10,'2022-10-02 00:00:00',7),(498,'asiafilipinas',7,'2022-10-20 00:00:00',1),(499,'amirkhxn',11,'2022-09-10 00:00:00',4),(500,'az_4_trump',3,'2022-10-16 00:00:00',2);
/*!40000 ALTER TABLE `EventBookings` ENABLE KEYS */;
UNLOCK TABLES;

--
-- Table structure for table `Events`
--

DROP TABLE IF EXISTS `Events`;
/*!40101 SET @saved_cs_client     = @@character_set_client */;
/*!50503 SET character_set_client = utf8mb4 */;
CREATE TABLE `Events` (
  `event_id` int NOT NULL AUTO_INCREMENT,
  `event_name` varchar(50) DEFAULT NULL,
  `event_description` varchar(200) DEFAULT NULL,
  `event_capacity` int NOT NULL,
  `ticket_cost` double DEFAULT NULL,
  `event_date` date DEFAULT NULL,
  `event_start_time` time DEFAULT NULL,
  `event_end_time` time DEFAULT NULL,
  `facility_id` int DEFAULT NULL,
  `sport_id` int DEFAULT NULL,
  PRIMARY KEY (`event_id`),
  KEY `facility_id` (`facility_id`),
  KEY `sport_id` (`sport_id`),
  CONSTRAINT `events_ibfk_1` FOREIGN KEY (`facility_id`) REFERENCES `Facilities` (`facility_id`) ON DELETE CASCADE ON UPDATE CASCADE,
  CONSTRAINT `events_ibfk_2` FOREIGN KEY (`sport_id`) REFERENCES `Sports` (`sport_id`) ON DELETE CASCADE ON UPDATE CASCADE
) ENGINE=InnoDB AUTO_INCREMENT=20 DEFAULT CHARSET=utf8mb4 COLLATE=utf8mb4_0900_ai_ci;
/*!40101 SET character_set_client = @saved_cs_client */;

--
-- Dumping data for table `Events`
--

LOCK TABLES `Events` WRITE;
/*!40000 ALTER TABLE `Events` DISABLE KEYS */;
INSERT INTO `Events` VALUES (1,'Welcome Parade 2022','To introduce new students to the customs of UIUC',32000,10,'2022-08-14','18:00:00','20:30:00',96,11),(2,'Dance Auditions 2k22','Auditions',100,0,'2022-08-30','09:00:00','15:00:00',36,11),(3,'Volleyball Competition Fall 2022','Volleyball Competition',50,15,'2022-09-20','09:00:00','15:00:00',97,12),(4,'Volleyball Competition Fall 2022','Volleyball Competition',50,15,'2022-09-20','09:00:00','15:00:00',98,12),(5,'Volleyball Competition Fall 2022','Volleyball Competition',50,15,'2022-09-20','09:00:00','15:00:00',99,12),(6,'Volleyball Competition Fall 2022','Volleyball Competition',50,15,'2022-09-20','09:00:00','15:00:00',100,12),(7,'Volleyball Competition Fall 2022','Volleyball Competition',50,15,'2022-09-20','09:00:00','15:00:00',101,12),(8,'Volleyball Competition Fall 2022','Volleyball Competition',50,15,'2022-09-20','09:00:00','15:00:00',102,12),(9,'Swimming Fall 2022 Contest','Swimming Competition',50,8,'2022-10-01','09:00:00','15:00:00',33,4),(10,'Swimming Fall 2022 Contest','Swimming Competition',50,8,'2022-10-01','09:00:00','15:00:00',34,4),(11,'Garba Night 2022','Garba is usually performed for nine nights of Navratri around a centrally lit lamp or a picture or statue of goddess Durga, the feminine form of Divinity.',100,0,'2022-10-01','18:00:00','21:00:00',35,11),(12,'Table Tennis Fall 2022 Competition','TT Competition',70,5,'2022-10-10','09:00:00','15:00:00',86,10),(13,'Table Tennis Fall 2022 Competition','TT Competition',70,5,'2022-10-10','09:00:00','15:00:00',87,10),(14,'Table Tennis Fall 2022 Competition','TT Competition',70,5,'2022-10-10','09:00:00','15:00:00',88,10),(15,'Table Tennis Fall 2022 Competition','TT Competition',70,5,'2022-10-10','09:00:00','15:00:00',89,10),(16,'Table Tennis Fall 2022 Competition','TT Competition',70,5,'2022-10-10','09:00:00','15:00:00',90,10),(17,'Table Tennis Fall 2022 Competition','TT Competition',70,5,'2022-10-10','09:00:00','15:00:00',91,10),(18,'Table Tennis Fall 2022 Competition','TT Competition',70,5,'2022-10-10','09:00:00','15:00:00',92,10),(19,'Table Tennis Fall 2022 Competition','TT Competition',70,5,'2022-10-10','09:00:00','15:00:00',93,10);
/*!40000 ALTER TABLE `Events` ENABLE KEYS */;
UNLOCK TABLES;

--
-- Table structure for table `Facilities`
--

DROP TABLE IF EXISTS `Facilities`;
/*!40101 SET @saved_cs_client     = @@character_set_client */;
/*!50503 SET character_set_client = utf8mb4 */;
CREATE TABLE `Facilities` (
  `facility_id` int NOT NULL AUTO_INCREMENT,
  `facility_name` varchar(50) DEFAULT NULL,
  `sport_id` int DEFAULT NULL,
  PRIMARY KEY (`facility_id`),
  KEY `sport_id` (`sport_id`),
  CONSTRAINT `facilities_ibfk_1` FOREIGN KEY (`sport_id`) REFERENCES `Sports` (`sport_id`) ON DELETE CASCADE ON UPDATE CASCADE
) ENGINE=InnoDB AUTO_INCREMENT=113 DEFAULT CHARSET=utf8mb4 COLLATE=utf8mb4_0900_ai_ci;
/*!40101 SET character_set_client = @saved_cs_client */;

--
-- Dumping data for table `Facilities`
--

LOCK TABLES `Facilities` WRITE;
/*!40000 ALTER TABLE `Facilities` DISABLE KEYS */;
INSERT INTO `Facilities` VALUES (1,'Badminton Court 1',1),(2,'Badminton Court 2',1),(3,'Badminton Court 3',1),(4,'Badminton Court 4',1),(5,'Badminton Court 5',1),(6,'Badminton Court 6',1),(7,'Badminton Court 7',1),(8,'Badminton Court 8',1),(9,'Badminton Court 9',1),(10,'Badminton Court 10',1),(11,'Badminton Court 11',1),(12,'Badminton Court 12',1),(13,'Badminton Court 13',1),(14,'Badminton Court 14',1),(15,'Badminton Court 15',1),(16,'Basketball Court 1',2),(17,'Basketball Court 2',2),(18,'Basketball Court 3',2),(19,'Basketball Court 4',2),(20,'Basketball Court 5',2),(21,'Basketball Court 6',2),(22,'Basketball Court 7',2),(23,'Basketball Court 8',2),(24,'Basketball Court 9',2),(25,'Basketball Court 10',2),(26,'Basketball Court 11',2),(27,'Basketball Court 12',2),(28,'Basketball Court 13',2),(29,'Basketball Court 14',2),(30,'Basketball Court 15',2),(31,'Basketball Court 16',2),(32,'Climbing Wall 1',3),(33,'Swimming Pool 1',4),(34,'Swimming Pool 2',4),(35,'Multi Purpose Room 1',5),(36,'Multi Purpose Room 2',5),(37,'Multi Purpose Room 3',5),(38,'Multi Purpose Room 4',5),(39,'Multi Purpose Room 5',5),(40,'Multi Purpose Room 6',5),(41,'Multi Purpose Room 7',5),(42,'Multi Purpose Room 8',5),(43,'Multi Purpose Room 9',5),(44,'Multi Purpose Room 10',5),(45,'Multi Purpose Room 1',6),(46,'Multi Purpose Room 2',6),(47,'Multi Purpose Room 3',6),(48,'Multi Purpose Room 4',6),(49,'Multi Purpose Room 5',6),(50,'Multi Purpose Room 6',6),(51,'Multi Purpose Room 7',6),(52,'Multi Purpose Room 8',6),(53,'Multi Purpose Room 9',6),(54,'Multi Purpose Room 10',6),(55,'Multi Purpose Room 1',7),(56,'Multi Purpose Room 2',7),(57,'Multi Purpose Room 3',7),(58,'Multi Purpose Room 4',7),(59,'Multi Purpose Room 5',7),(60,'Multi Purpose Room 6',7),(61,'Multi Purpose Room 7',7),(62,'Multi Purpose Room 8',7),(63,'Multi Purpose Room 9',7),(64,'Multi Purpose Room 10',7),(65,'Squash Court 1',8),(66,'Squash Court 2',8),(67,'Squash Court 3',8),(68,'Squash Court 4',8),(69,'Squash Court 5',8),(70,'Racquetball Court 1',9),(71,'Racquetball Court 2',9),(72,'Racquetball Court 3',9),(73,'Racquetball Court 4',9),(74,'Racquetball Court 5',9),(75,'Racquetball Court 6',9),(76,'Racquetball Court 7',9),(77,'Racquetball Court 8',9),(78,'Racquetball Court 9',9),(79,'Racquetball Court 10',9),(80,'Racquetball Court 11',9),(81,'Racquetball Court 12',9),(82,'Racquetball Court 13',9),(83,'Racquetball Court 14',9),(84,'Racquetball Court 15',9),(85,'Racquetball Court 16',9),(86,'Table Tennis Table 1',10),(87,'Table Tennis Table 2',10),(88,'Table Tennis Table 3',10),(89,'Table Tennis Table 4',10),(90,'Table Tennis Table 5',10),(91,'Table Tennis Table 6',10),(92,'Table Tennis Table 7',10),(93,'Table Tennis Table 8',10),(94,'Table Tennis Table 9',10),(95,'Table Tennis Table 10',10),(96,'Memorial Stadium',11),(97,'Volleyball Court 1',12),(98,'Volleyball Court 2',12),(99,'Volleyball Court 3',12),(100,'Volleyball Court 4',12),(101,'Volleyball Court 5',12),(102,'Volleyball Court 6',12),(103,'Volleyball Court 7',12),(104,'Volleyball Court 8',12),(105,'Volleyball Court 9',12),(106,'Volleyball Court 10',12),(107,'Volleyball Court 11',12),(108,'Volleyball Court 12',12),(109,'Volleyball Court 13',12),(110,'Volleyball Court 14',12),(111,'Volleyball Court 15',12),(112,'Volleyball Court 16',12);
/*!40000 ALTER TABLE `Facilities` ENABLE KEYS */;
UNLOCK TABLES;

--
-- Table structure for table `Roles`
--

DROP TABLE IF EXISTS `Roles`;
/*!40101 SET @saved_cs_client     = @@character_set_client */;
/*!50503 SET character_set_client = utf8mb4 */;
CREATE TABLE `Roles` (
  `role_id` int NOT NULL AUTO_INCREMENT,
  `role_name` varchar(50) DEFAULT NULL,
  `role_description` varchar(200) DEFAULT NULL,
  PRIMARY KEY (`role_id`)
) ENGINE=InnoDB AUTO_INCREMENT=4 DEFAULT CHARSET=utf8mb4 COLLATE=utf8mb4_0900_ai_ci;
/*!40101 SET character_set_client = @saved_cs_client */;

--
-- Dumping data for table `Roles`
--

LOCK TABLES `Roles` WRITE;
/*!40000 ALTER TABLE `Roles` DISABLE KEYS */;
INSERT INTO `Roles` VALUES (1,'User','Users availing ARC facilities'),(2,'Administrator','Admin of the application'),(3,'Supervisor','Supervisors of different sports');
/*!40000 ALTER TABLE `Roles` ENABLE KEYS */;
UNLOCK TABLES;

--
-- Table structure for table `SlotBookings`
--

DROP TABLE IF EXISTS `SlotBookings`;
/*!40101 SET @saved_cs_client     = @@character_set_client */;
/*!50503 SET character_set_client = utf8mb4 */;
CREATE TABLE `SlotBookings` (
  `net_id` varchar(30) NOT NULL,
  `facility_id` int NOT NULL,
  `slot_id` int NOT NULL,
  `booking_date` datetime NOT NULL,
  PRIMARY KEY (`net_id`,`facility_id`,`booking_date`,`slot_id`),
  KEY `facility_id` (`facility_id`),
  KEY `slot_id` (`slot_id`),
  CONSTRAINT `slotbookings_ibfk_1` FOREIGN KEY (`net_id`) REFERENCES `Users` (`net_id`) ON DELETE CASCADE ON UPDATE CASCADE,
  CONSTRAINT `slotbookings_ibfk_2` FOREIGN KEY (`facility_id`) REFERENCES `Facilities` (`facility_id`) ON DELETE CASCADE ON UPDATE CASCADE,
  CONSTRAINT `slotbookings_ibfk_3` FOREIGN KEY (`slot_id`) REFERENCES `Slots` (`slot_id`) ON DELETE CASCADE ON UPDATE CASCADE
) ENGINE=InnoDB DEFAULT CHARSET=utf8mb4 COLLATE=utf8mb4_0900_ai_ci;
/*!40101 SET character_set_client = @saved_cs_client */;

--
-- Dumping data for table `SlotBookings`
--

LOCK TABLES `SlotBookings` WRITE;
/*!40000 ALTER TABLE `SlotBookings` DISABLE KEYS */;
INSERT INTO `SlotBookings` VALUES ('_jazzybelleee',1,14,'2022-12-20 00:00:00'),('ashdrxms',1,4,'2022-08-22 00:00:00'),('bates512',1,16,'2022-10-06 00:00:00'),('brewshirtclub',1,6,'2022-11-04 00:00:00'),('cisn_jack',1,18,'2022-09-02 00:00:00'),('citieswelike',1,6,'2022-10-07 00:00:00'),('coleroberts95',1,18,'2022-12-15 00:00:00'),('debdarkpetal',1,2,'2022-11-23 00:00:00'),('dinnidania',1,11,'2022-12-06 00:00:00'),('emiratesproj',1,12,'2022-12-03 00:00:00'),('fgc_bigbird',1,10,'2022-11-07 00:00:00'),('gregoktaveceyp',1,2,'2022-09-10 00:00:00'),('gregoktaveceyp',1,9,'2022-10-12 00:00:00'),('gupta2dec',1,16,'2022-09-10 00:00:00'),('i_am_coello',1,11,'2022-10-15 00:00:00'),('kerryswainbank',1,14,'2022-08-24 00:00:00'),('lemickeli',1,8,'2022-09-02 00:00:00'),('mason849',1,16,'2022-11-01 00:00:00'),('mikaylaaarae',1,11,'2022-10-02 00:00:00'),('ryanfelsman',1,16,'2022-10-29 00:00:00'),('sameerkarvemt',1,4,'2022-12-03 00:00:00'),('todayspop',1,2,'2022-12-09 00:00:00'),('tu_kwenn',1,17,'2022-10-25 00:00:00'),('uskeus',1,3,'2022-10-16 00:00:00'),('whisper5003',1,12,'2022-11-26 00:00:00'),('yusufsiyunda',1,6,'2022-09-08 00:00:00'),('4marizumali',2,1,'2022-09-12 00:00:00'),('babosier',2,14,'2022-11-12 00:00:00'),('billy_tully_13',2,14,'2022-11-08 00:00:00'),('daddy_styles69',2,1,'2022-10-15 00:00:00'),('donthatethegeek',2,7,'2022-09-10 00:00:00'),('dorinesez',2,4,'2022-12-15 00:00:00'),('fgc_bigbird',2,9,'2022-10-06 00:00:00'),('insandeepldh',2,13,'2022-12-24 00:00:00'),('jwwatson1',2,12,'2022-12-22 00:00:00'),('lebzaa15',2,14,'2022-11-11 00:00:00'),('lorensantiago80',2,9,'2022-10-11 00:00:00'),('lynnqunns',2,18,'2022-12-06 00:00:00'),('mcshea1',2,18,'2022-11-03 00:00:00'),('origanalist',2,10,'2022-12-04 00:00:00'),('rachithsridhar',2,16,'2022-09-22 00:00:00'),('radioessexnews',2,6,'2022-08-29 00:00:00'),('robinpro84',2,7,'2022-10-09 00:00:00'),('samcyliax',2,7,'2022-09-08 00:00:00'),('specialcarpk',2,3,'2022-11-18 00:00:00'),('uskeus',2,13,'2022-09-21 00:00:00'),('verejohansen',2,4,'2022-09-28 00:00:00'),('visit_turkey',2,6,'2022-09-08 00:00:00'),('whisper5003',2,1,'2022-11-25 00:00:00'),('_thetonk',3,4,'2022-12-17 00:00:00'),('appspolicyforum',3,6,'2022-10-05 00:00:00'),('ashdrxms',3,10,'2022-11-13 00:00:00'),('bates512',3,16,'2022-09-22 00:00:00'),('cnni',3,14,'2022-11-20 00:00:00'),('coleroberts95',3,4,'2022-11-06 00:00:00'),('dgpetrie',3,8,'2022-08-27 00:00:00'),('dloglesby57',3,16,'2022-09-04 00:00:00'),('evidenceaid',3,15,'2022-10-28 00:00:00'),('evidenceaid',3,8,'2022-12-15 00:00:00'),('foleymusic2015',3,11,'2022-09-29 00:00:00'),('gabiangelsanche',3,14,'2022-12-20 00:00:00'),('jacintasv',3,3,'2022-09-23 00:00:00'),('jimfacette',3,9,'2022-11-30 00:00:00'),('langa_joshua',3,5,'2022-12-26 00:00:00'),('lebzaa15',3,2,'2022-10-27 00:00:00'),('lebzaa15',3,12,'2022-12-07 00:00:00'),('megmarie64',3,10,'2022-11-09 00:00:00'),('rsharma027',3,8,'2022-11-15 00:00:00'),('specialcarpk',3,11,'2022-11-06 00:00:00'),('trinz33',3,12,'2022-09-28 00:00:00'),('4omgnewsafrica',4,5,'2022-10-23 00:00:00'),('attilasvillains',4,11,'2022-10-20 00:00:00'),('debdarkpetal',4,1,'2022-11-09 00:00:00'),('elasha_farmer',4,3,'2022-08-23 00:00:00'),('giditti',4,15,'2022-11-03 00:00:00'),('jimfacette',4,5,'2022-12-16 00:00:00'),('kamarul_izzat',4,10,'2022-11-03 00:00:00'),('lorensantiago80',4,10,'2022-09-01 00:00:00'),('megmarie64',4,15,'2022-10-02 00:00:00'),('nwatudaniel',4,9,'2022-12-10 00:00:00'),('otaku_brony',4,9,'2022-12-13 00:00:00'),('panacheprince',4,3,'2022-09-25 00:00:00'),('rosegoldgrassi',4,15,'2022-09-23 00:00:00'),('rosegoldgrassi',4,16,'2022-09-25 00:00:00'),('sameerkarvemt',4,8,'2022-12-21 00:00:00'),('svnaidoo',4,13,'2022-09-30 00:00:00'),('tbpletcher29',4,2,'2022-09-03 00:00:00'),('unicmanama',4,10,'2022-08-25 00:00:00'),('unicmanama',4,10,'2022-12-29 00:00:00'),('abdallahcnn',5,16,'2022-09-19 00:00:00'),('dgpetrie',5,7,'2022-10-25 00:00:00'),('elaine94149937',5,9,'2022-10-21 00:00:00'),('gregory_stat',5,15,'2022-11-12 00:00:00'),('hongxiubae',5,8,'2022-10-09 00:00:00'),('hongxiubae',5,16,'2022-10-20 00:00:00'),('ishqdmaria',5,1,'2022-12-16 00:00:00'),('jaymiedels',5,16,'2022-08-29 00:00:00'),('jojohunney',5,9,'2022-09-20 00:00:00'),('kamarul_izzat',5,16,'2022-12-02 00:00:00'),('lifeofaroman',5,12,'2022-12-16 00:00:00'),('radiountar',5,18,'2022-09-07 00:00:00'),('segavox_44114',5,5,'2022-08-28 00:00:00'),('4omgnewsafrica',6,17,'2022-11-17 00:00:00'),('abbyantal',6,1,'2022-12-24 00:00:00'),('citieswelike',6,10,'2022-10-25 00:00:00'),('elasha_farmer',6,11,'2022-12-16 00:00:00'),('gupta2dec',6,10,'2022-09-11 00:00:00'),('jojohunney',6,17,'2022-10-27 00:00:00'),('loriewimble',6,18,'2022-12-04 00:00:00'),('ranjan_rkp',6,10,'2022-10-05 00:00:00'),('segavox_44114',6,12,'2022-09-24 00:00:00'),('totalupdet',6,4,'2022-09-29 00:00:00'),('tre_pound_713',6,10,'2022-09-18 00:00:00'),('yaasiros',6,17,'2022-10-31 00:00:00'),('yousif199531',6,18,'2022-08-31 00:00:00'),('yousif199531',6,3,'2022-10-26 00:00:00'),('yusufsiyunda',6,16,'2022-09-06 00:00:00'),('115746999eric',7,13,'2022-11-29 00:00:00'),('4marizumali',7,10,'2022-12-11 00:00:00'),('4omgnewsafrica',7,9,'2022-10-31 00:00:00'),('abbyantal',7,18,'2022-11-17 00:00:00'),('ashdrxms',7,18,'2022-09-30 00:00:00'),('clibustwitch',7,3,'2022-10-25 00:00:00'),('clibustwitch',7,3,'2022-11-02 00:00:00'),('cnni',7,11,'2022-08-30 00:00:00'),('debdarkpetal',7,2,'2022-10-04 00:00:00'),('dorinesez',7,17,'2022-11-03 00:00:00'),('emotional__man',7,10,'2022-10-09 00:00:00'),('jacintasv',7,17,'2022-11-09 00:00:00'),('ldydrums',7,9,'2022-10-29 00:00:00'),('mitarank',7,7,'2022-10-15 00:00:00'),('mitarank',7,3,'2022-12-20 00:00:00'),('ndinlnd',7,16,'2022-11-08 00:00:00'),('ndinlnd',7,7,'2022-12-31 00:00:00'),('nycsportslaw',7,7,'2022-10-17 00:00:00'),('panacheprince',7,7,'2022-09-11 00:00:00'),('ranjan_rkp',7,5,'2022-11-04 00:00:00'),('rgrabel5',7,9,'2022-10-02 00:00:00'),('tbpletcher29',7,13,'2022-10-29 00:00:00'),('todayspop',7,4,'2022-10-20 00:00:00'),('tre_pound_713',7,3,'2022-10-04 00:00:00'),('tre_pound_713',7,7,'2022-11-28 00:00:00'),('yousif199531',7,2,'2022-08-30 00:00:00'),('appspolicyforum',8,16,'2022-10-03 00:00:00'),('babosier',8,2,'2022-11-01 00:00:00'),('bravehart60',8,17,'2022-12-26 00:00:00'),('brewshirtclub',8,14,'2022-11-18 00:00:00'),('carpetbaby20',8,15,'2022-09-26 00:00:00'),('donthatethegeek',8,16,'2022-09-19 00:00:00'),('donthatethegeek',8,7,'2022-11-19 00:00:00'),('jayaa03',8,14,'2022-12-01 00:00:00'),('kerryswainbank',8,12,'2022-09-20 00:00:00'),('ndinlnd',8,5,'2022-09-08 00:00:00'),('origanalist',8,10,'2022-10-31 00:00:00'),('sakitty_ptx',8,8,'2022-08-23 00:00:00'),('thor_long11',8,17,'2022-09-21 00:00:00'),('visit_turkey',8,5,'2022-08-23 00:00:00'),('4omgnewsafrica',9,16,'2022-09-07 00:00:00'),('antwiivirus',9,12,'2022-11-20 00:00:00'),('beem_team',9,1,'2022-09-24 00:00:00'),('bravehart60',9,5,'2022-11-23 00:00:00'),('debdarkpetal',9,5,'2022-08-27 00:00:00'),('elaine94149937',9,9,'2022-09-02 00:00:00'),('insandeepldh',9,2,'2022-09-04 00:00:00'),('kamarul_izzat',9,18,'2022-12-17 00:00:00'),('kamil36afna',9,2,'2022-12-06 00:00:00'),('kay_alexis9',9,7,'2022-09-04 00:00:00'),('lifeofaroman',9,16,'2022-11-27 00:00:00'),('loriewimble',9,2,'2022-08-31 00:00:00'),('marctheshark111',9,17,'2022-12-16 00:00:00'),('mcshea1',9,4,'2022-08-31 00:00:00'),('rachel_dz',9,12,'2022-09-28 00:00:00'),('rachel_dz',9,16,'2022-10-07 00:00:00'),('rzhprmdz',9,1,'2022-11-13 00:00:00'),('shashashabooyea',9,17,'2022-11-03 00:00:00'),('sircapoako',9,11,'2022-09-05 00:00:00'),('the5thoctave',9,15,'2022-12-09 00:00:00'),('attilasvillains',10,14,'2022-12-22 00:00:00'),('brewshirtclub',10,8,'2022-09-22 00:00:00'),('coleroberts95',10,11,'2022-09-21 00:00:00'),('donraul100',10,11,'2022-10-17 00:00:00'),('elisamarie223',10,10,'2022-12-30 00:00:00'),('emotional__man',10,15,'2022-11-24 00:00:00'),('futballg',10,10,'2022-10-27 00:00:00'),('jaymiedels',10,4,'2022-10-31 00:00:00'),('kamarul_izzat',10,10,'2022-09-22 00:00:00'),('kamil36afna',10,14,'2022-12-12 00:00:00'),('karan_mehta10',10,4,'2022-11-23 00:00:00'),('kevincosna',10,1,'2022-11-28 00:00:00'),('kkantbajpai',10,8,'2022-09-09 00:00:00'),('myrettanababan',10,12,'2022-11-03 00:00:00'),('thedon___',10,15,'2022-11-07 00:00:00'),('uchennadumetol2',10,5,'2022-09-04 00:00:00'),('3ishbeirut',11,1,'2022-12-03 00:00:00'),('4omgnewsafrica',11,4,'2022-12-12 00:00:00'),('chattingcat',11,18,'2022-09-09 00:00:00'),('dgpetrie',11,15,'2022-11-29 00:00:00'),('evidenceaid',11,18,'2022-08-25 00:00:00'),('gabiangelsanche',11,9,'2022-08-28 00:00:00'),('giditti',11,5,'2022-09-04 00:00:00'),('giditti',11,13,'2022-10-28 00:00:00'),('kay_alexis9',11,5,'2022-09-28 00:00:00'),('kerryswainbank',11,10,'2022-11-08 00:00:00'),('kevincosna',11,14,'2022-09-16 00:00:00'),('lbgupta7',11,5,'2022-12-11 00:00:00'),('lebzaa15',11,16,'2022-10-12 00:00:00'),('missmerl_',11,16,'2022-09-12 00:00:00'),('otaku_brony',11,8,'2022-12-29 00:00:00'),('rgrabel5',11,7,'2022-11-08 00:00:00'),('beem_team',12,12,'2022-12-15 00:00:00'),('clibustwitch',12,6,'2022-09-16 00:00:00'),('daddy_styles69',12,15,'2022-09-25 00:00:00'),('emiratesproj',12,8,'2022-10-20 00:00:00'),('festindecuervo',12,15,'2022-11-17 00:00:00'),('jwwatson1',12,18,'2022-08-28 00:00:00'),('kylepettine',12,12,'2022-09-10 00:00:00'),('ldydrums',12,8,'2022-10-25 00:00:00'),('lebzaa15',12,10,'2022-12-17 00:00:00'),('lianethompson',12,17,'2022-09-23 00:00:00'),('mason849',12,2,'2022-09-11 00:00:00'),('mhs95',12,16,'2022-12-27 00:00:00'),('nirvnoana',12,3,'2022-12-17 00:00:00'),('tbpletcher29',12,15,'2022-10-31 00:00:00'),('babosier',13,7,'2022-10-06 00:00:00'),('festindecuervo',13,12,'2022-12-21 00:00:00'),('fgc_bigbird',13,14,'2022-10-02 00:00:00'),('fgc_bigbird',13,8,'2022-11-18 00:00:00'),('futballg',13,1,'2022-09-27 00:00:00'),('i_am_coello',13,7,'2022-08-31 00:00:00'),('kay_alexis9',13,14,'2022-10-25 00:00:00'),('ku5h4l',13,7,'2022-12-29 00:00:00'),('lebzaa15',13,17,'2022-09-17 00:00:00'),('lebzaa15',13,13,'2022-10-29 00:00:00'),('lianethompson',13,18,'2022-11-03 00:00:00'),('lorensantiago80',13,9,'2022-10-07 00:00:00'),('megmarie64',13,13,'2022-10-14 00:00:00'),('mhs95',13,7,'2022-09-29 00:00:00'),('nwatudaniel',13,5,'2022-09-19 00:00:00'),('panacheprince',13,16,'2022-11-16 00:00:00'),('robinpro84',13,1,'2022-09-30 00:00:00'),('rom1520',13,6,'2022-09-18 00:00:00'),('sakitty_ptx',13,7,'2022-12-01 00:00:00'),('stevewillmott',13,11,'2022-09-21 00:00:00'),('syriaconflict',13,8,'2022-12-02 00:00:00'),('4marizumali',14,3,'2022-11-03 00:00:00'),('ajfecko',14,11,'2022-11-11 00:00:00'),('appspolicyforum',14,15,'2022-12-24 00:00:00'),('babosier',14,11,'2022-12-14 00:00:00'),('carpetbaby20',14,2,'2022-09-06 00:00:00'),('daddy_styles69',14,12,'2022-12-03 00:00:00'),('delazorro',14,1,'2022-11-10 00:00:00'),('fgc_bigbird',14,6,'2022-12-20 00:00:00'),('ganakar',14,8,'2022-12-28 00:00:00'),('jaymiedels',14,14,'2022-08-28 00:00:00'),('lianethompson',14,15,'2022-11-03 00:00:00'),('ndinlnd',14,14,'2022-09-20 00:00:00'),('rgrabel5',14,13,'2022-11-23 00:00:00'),('segavox_44114',14,14,'2022-10-27 00:00:00'),('yaasiros',14,18,'2022-10-13 00:00:00'),('_jazzybelleee',15,6,'2022-10-28 00:00:00'),('charlessanfili1',15,8,'2022-10-25 00:00:00'),('coleroberts95',15,17,'2022-09-28 00:00:00'),('ishqdmaria',15,15,'2022-11-03 00:00:00'),('jaymiedels',15,9,'2022-11-18 00:00:00'),('jaymiedels',15,17,'2022-11-22 00:00:00'),('jojohunney',15,3,'2022-12-29 00:00:00'),('juliazalutskaja',15,11,'2022-12-21 00:00:00'),('lynnqunns',15,5,'2022-12-14 00:00:00'),('rsharma027',15,9,'2022-10-16 00:00:00'),('samcyliax',15,6,'2022-08-28 00:00:00'),('shibwec',15,3,'2022-10-29 00:00:00'),('stevewillmott',15,11,'2022-09-15 00:00:00'),('visit_turkey',15,5,'2022-08-23 00:00:00'),('_jazzybelleee',16,12,'2022-11-11 00:00:00'),('4marizumali',16,1,'2022-12-06 00:00:00'),('africanewsaddic',16,14,'2022-10-26 00:00:00'),('allthelovelinds',16,18,'2022-12-26 00:00:00'),('bates512',16,12,'2022-09-13 00:00:00'),('charlessanfili1',16,11,'2022-11-15 00:00:00'),('chattingcat',16,14,'2022-09-19 00:00:00'),('donthatethegeek',16,5,'2022-08-31 00:00:00'),('gabiangelsanche',16,13,'2022-12-12 00:00:00'),('i_phil_u',16,1,'2022-12-31 00:00:00'),('kerynr_artist',16,10,'2022-09-25 00:00:00'),('lebzaa15',16,11,'2022-11-21 00:00:00'),('lindzym',16,12,'2022-12-19 00:00:00'),('mhs95',16,12,'2022-12-31 00:00:00'),('nirvnoana',16,13,'2022-11-21 00:00:00'),('piercingheart',16,8,'2022-11-14 00:00:00'),('rgrabel5',16,6,'2022-12-29 00:00:00'),('svnaidoo',16,13,'2022-10-14 00:00:00'),('the5thoctave',16,6,'2022-11-27 00:00:00'),('triplec1998',16,4,'2022-10-14 00:00:00'),('africanewsaddic',17,18,'2022-11-06 00:00:00'),('antwiivirus',17,17,'2022-09-30 00:00:00'),('babosier',17,17,'2022-09-09 00:00:00'),('daddy_styles69',17,7,'2022-09-20 00:00:00'),('debdarkpetal',17,11,'2022-11-24 00:00:00'),('enlifeag',17,12,'2022-12-09 00:00:00'),('fgc_bigbird',17,4,'2022-11-27 00:00:00'),('jacintasv',17,2,'2022-11-09 00:00:00'),('jojohunney',17,9,'2022-09-22 00:00:00'),('juliazalutskaja',17,15,'2022-11-18 00:00:00'),('kamarul_izzat',17,4,'2022-08-28 00:00:00'),('kerryswainbank',17,18,'2022-11-20 00:00:00'),('marctheshark111',17,11,'2022-08-28 00:00:00'),('nycsportslaw',17,1,'2022-08-27 00:00:00'),('shibwec',17,1,'2022-10-06 00:00:00'),('yaasiros',17,6,'2022-09-12 00:00:00'),('abbyantal',18,4,'2022-08-28 00:00:00'),('ashdrxms',18,12,'2022-12-22 00:00:00'),('attilasvillains',18,10,'2022-09-12 00:00:00'),('cachbbw',18,4,'2022-09-25 00:00:00'),('coleroberts95',18,11,'2022-11-04 00:00:00'),('emiratesproj',18,3,'2022-12-09 00:00:00'),('juliaadamson4',18,2,'2022-10-05 00:00:00'),('ku5h4l',18,8,'2022-10-27 00:00:00'),('ldydrums',18,5,'2022-12-03 00:00:00'),('loriewimble',18,8,'2022-09-24 00:00:00'),('panacheprince',18,18,'2022-09-14 00:00:00'),('rsharma027',18,13,'2022-09-11 00:00:00'),('rsharma027',18,4,'2022-12-05 00:00:00'),('thedon___',18,18,'2022-11-20 00:00:00'),('verejohansen',18,18,'2022-11-12 00:00:00'),('yaasiros',18,6,'2022-11-09 00:00:00'),('4omgnewsafrica',19,10,'2022-10-18 00:00:00'),('bates512',19,7,'2022-11-11 00:00:00'),('cisn_jack',19,2,'2022-11-18 00:00:00'),('delazorro',19,10,'2022-11-04 00:00:00'),('dgpetrie',19,3,'2022-12-14 00:00:00'),('erionveliaj',19,12,'2022-12-25 00:00:00'),('fgc_bigbird',19,3,'2022-10-17 00:00:00'),('jwwatson1',19,11,'2022-09-11 00:00:00'),('kay_alexis9',19,10,'2022-10-11 00:00:00'),('kimballbainbri1',19,4,'2022-10-28 00:00:00'),('ldydrums',19,1,'2022-10-11 00:00:00'),('myrettanababan',19,6,'2022-12-14 00:00:00'),('nirvnoana',19,16,'2022-09-27 00:00:00'),('otaku_brony',19,14,'2022-09-22 00:00:00'),('pauloosting',19,6,'2022-12-22 00:00:00'),('radiountar',19,12,'2022-08-26 00:00:00'),('specialcarpk',19,4,'2022-12-19 00:00:00'),('thor_long11',19,9,'2022-12-16 00:00:00'),('bravehart60',20,8,'2022-12-03 00:00:00'),('brewshirtclub',20,16,'2022-09-24 00:00:00'),('cachbbw',20,5,'2022-09-28 00:00:00'),('carpetbaby20',20,7,'2022-12-13 00:00:00'),('gabiangelsanche',20,17,'2022-10-02 00:00:00'),('lifeofaroman',20,10,'2022-11-21 00:00:00'),('nwatudaniel',20,10,'2022-11-18 00:00:00'),('rachithsridhar',20,15,'2022-12-09 00:00:00'),('segavox_44114',20,15,'2022-12-11 00:00:00'),('shashashabooyea',20,12,'2022-10-12 00:00:00'),('stevewillmott',20,12,'2022-10-14 00:00:00'),('tbpletcher29',20,3,'2022-12-31 00:00:00'),('3ishbeirut',21,6,'2022-09-25 00:00:00'),('aleneb25',21,9,'2022-10-30 00:00:00'),('brewshirtclub',21,3,'2022-11-21 00:00:00'),('carpetbaby20',21,18,'2022-09-07 00:00:00'),('filawumobewuju',21,1,'2022-12-02 00:00:00'),('foleymusic2015',21,12,'2022-12-09 00:00:00'),('gregorydundas1',21,4,'2022-12-29 00:00:00'),('jimfacette',21,16,'2022-11-22 00:00:00'),('jimfacette',21,17,'2022-11-26 00:00:00'),('justinmanis32',21,8,'2022-08-25 00:00:00'),('lorensantiago80',21,14,'2022-10-24 00:00:00'),('lynnqunns',21,14,'2022-10-02 00:00:00'),('lynnqunns',21,14,'2022-10-14 00:00:00'),('mika0562',21,12,'2022-09-08 00:00:00'),('pauloosting',21,6,'2022-12-12 00:00:00'),('radioessexnews',21,1,'2022-08-30 00:00:00'),('thedon___',21,3,'2022-11-25 00:00:00'),('tre_pound_713',21,6,'2022-12-21 00:00:00'),('verejohansen',21,11,'2022-10-24 00:00:00'),('chattingcat',22,2,'2022-10-22 00:00:00'),('evidenceaid',22,3,'2022-12-11 00:00:00'),('futballg',22,10,'2022-12-31 00:00:00'),('lianethompson',22,18,'2022-12-19 00:00:00'),('lindzym',22,2,'2022-09-04 00:00:00'),('myrettanababan',22,10,'2022-09-10 00:00:00'),('ranjan_rkp',22,2,'2022-12-08 00:00:00'),('rosegoldgrassi',22,5,'2022-11-09 00:00:00'),('stevewillmott',22,12,'2022-09-08 00:00:00'),('triplec1998',22,16,'2022-09-17 00:00:00'),('abbyantal',23,5,'2022-11-27 00:00:00'),('ajfecko',23,3,'2022-12-25 00:00:00'),('appspolicyforum',23,16,'2022-08-22 00:00:00'),('elaine94149937',23,17,'2022-08-26 00:00:00'),('flawlessa_k',23,7,'2022-09-28 00:00:00'),('gabiangelsanche',23,4,'2022-11-15 00:00:00'),('insandeepldh',23,8,'2022-12-09 00:00:00'),('jullietsl',23,11,'2022-10-21 00:00:00'),('kamarul_izzat',23,8,'2022-11-24 00:00:00'),('kerryswainbank',23,10,'2022-10-04 00:00:00'),('mhs95',23,7,'2022-09-02 00:00:00'),('missophia2015',23,7,'2022-11-25 00:00:00'),('radiountar',23,2,'2022-11-07 00:00:00'),('rom1520',23,9,'2022-08-24 00:00:00'),('samcyliax',23,7,'2022-10-08 00:00:00'),('tu_kwenn',23,15,'2022-09-01 00:00:00'),('uchennadumetol2',23,1,'2022-09-24 00:00:00'),('umshahad1986',23,2,'2022-09-22 00:00:00'),('verejohansen',23,6,'2022-09-28 00:00:00'),('xorands',23,5,'2022-11-14 00:00:00'),('yusufsiyunda',23,16,'2022-09-01 00:00:00'),('_thetonk',24,2,'2022-11-14 00:00:00'),('charlessanfili1',24,16,'2022-09-14 00:00:00'),('charlessanfili1',24,17,'2022-10-23 00:00:00'),('clibustwitch',24,18,'2022-12-11 00:00:00'),('dlphilippines',24,13,'2022-09-09 00:00:00'),('emotional__man',24,13,'2022-11-13 00:00:00'),('enlifeag',24,3,'2022-12-05 00:00:00'),('fruityknebels',24,1,'2022-09-01 00:00:00'),('jimfacette',24,14,'2022-12-18 00:00:00'),('kay_alexis9',24,8,'2022-10-19 00:00:00'),('loriewimble',24,11,'2022-09-17 00:00:00'),('mason849',24,9,'2022-10-03 00:00:00'),('nwatudaniel',24,18,'2022-09-12 00:00:00'),('robinpro84',24,15,'2022-09-27 00:00:00'),('sienk0',24,7,'2022-11-07 00:00:00'),('tu_kwenn',24,2,'2022-11-03 00:00:00'),('tu_kwenn',24,3,'2022-12-30 00:00:00'),('uchennadumetol2',24,5,'2022-12-27 00:00:00'),('uskeus',24,18,'2022-09-01 00:00:00'),('visit_turkey',24,15,'2022-12-05 00:00:00'),('_jazzybelleee',25,14,'2022-10-21 00:00:00'),('antwiivirus',25,1,'2022-11-04 00:00:00'),('brewshirtclub',25,11,'2022-09-12 00:00:00'),('cachbbw',25,5,'2022-12-19 00:00:00'),('clivemiriam',25,5,'2022-12-23 00:00:00'),('elaine94149937',25,6,'2022-10-08 00:00:00'),('fgc_bigbird',25,6,'2022-12-16 00:00:00'),('filawumobewuju',25,15,'2022-11-28 00:00:00'),('futballg',25,12,'2022-12-24 00:00:00'),('gupta2dec',25,13,'2022-12-22 00:00:00'),('ishqdmaria',25,14,'2022-12-13 00:00:00'),('jwwatson1',25,11,'2022-09-16 00:00:00'),('kay_alexis9',25,2,'2022-10-01 00:00:00'),('ldydrums',25,6,'2022-09-28 00:00:00'),('ldydrums',25,7,'2022-10-25 00:00:00'),('passdriving1',25,12,'2022-08-29 00:00:00'),('pauloosting',25,15,'2022-12-30 00:00:00'),('sumairgohar6',25,7,'2022-12-21 00:00:00'),('totalupdet',25,13,'2022-11-05 00:00:00'),('trinz33',25,9,'2022-12-08 00:00:00'),('truemira',25,14,'2022-11-05 00:00:00'),('uskeus',25,1,'2022-12-23 00:00:00'),('yousif199531',25,15,'2022-10-20 00:00:00'),('b_reesey',26,15,'2022-10-26 00:00:00'),('charlessanfili1',26,10,'2022-10-03 00:00:00'),('csaraf2',26,15,'2022-10-16 00:00:00'),('daddy_styles69',26,9,'2022-10-10 00:00:00'),('delazorro',26,1,'2022-10-06 00:00:00'),('elasha_farmer',26,3,'2022-09-07 00:00:00'),('gregory_stat',26,15,'2022-12-14 00:00:00'),('jacintasv',26,6,'2022-12-31 00:00:00'),('jameslfrancis',26,11,'2022-09-06 00:00:00'),('justinsweitzah',26,8,'2022-10-24 00:00:00'),('kay_alexis9',26,10,'2022-11-09 00:00:00'),('kerynr_artist',26,13,'2022-12-02 00:00:00'),('langa_joshua',26,5,'2022-11-20 00:00:00'),('nirvnoana',26,6,'2022-08-29 00:00:00'),('nirvnoana',26,12,'2022-10-31 00:00:00'),('pauloosting',26,10,'2022-12-14 00:00:00'),('pcb_cricket_pk',26,7,'2022-10-12 00:00:00'),('susansopine',26,7,'2022-11-09 00:00:00'),('svnaidoo',26,2,'2022-10-27 00:00:00'),('ushasudarshan27',26,15,'2022-09-06 00:00:00'),('verejohansen',26,17,'2022-10-18 00:00:00'),('wildgees8',26,9,'2022-12-28 00:00:00'),('yusufsiyunda',26,5,'2022-10-11 00:00:00'),('aeringuy',27,3,'2022-10-11 00:00:00'),('bates512',27,7,'2022-11-09 00:00:00'),('cachbbw',27,9,'2022-09-25 00:00:00'),('charlessanfili1',27,3,'2022-10-12 00:00:00'),('chattingcat',27,2,'2022-09-26 00:00:00'),('coleroberts95',27,7,'2022-11-16 00:00:00'),('erionveliaj',27,10,'2022-09-10 00:00:00'),('foleymusic2015',27,12,'2022-11-09 00:00:00'),('giditti',27,14,'2022-12-24 00:00:00'),('gregory_stat',27,11,'2022-10-13 00:00:00'),('jullietsl',27,9,'2022-10-09 00:00:00'),('jwwatson1',27,15,'2022-10-20 00:00:00'),('kevincosna',27,14,'2022-12-29 00:00:00'),('mason849',27,14,'2022-10-19 00:00:00'),('pauloosting',27,4,'2022-09-29 00:00:00'),('ranjan_rkp',27,15,'2022-09-25 00:00:00'),('rom1520',27,5,'2022-11-28 00:00:00'),('rom1520',27,17,'2022-12-17 00:00:00'),('svnaidoo',27,18,'2022-10-15 00:00:00'),('syriaconflict',27,4,'2022-10-01 00:00:00'),('thor_long11',27,15,'2022-11-01 00:00:00'),('truemira',27,18,'2022-11-22 00:00:00'),('tz_very_own',27,11,'2022-10-26 00:00:00'),('whisper5003',27,2,'2022-09-19 00:00:00'),('_jazzybelleee',28,1,'2022-12-27 00:00:00'),('allthelovelinds',28,4,'2022-11-22 00:00:00'),('antwiivirus',28,16,'2022-11-12 00:00:00'),('b_reesey',28,10,'2022-09-10 00:00:00'),('brewshirtclub',28,9,'2022-11-03 00:00:00'),('carpetbaby20',28,5,'2022-10-03 00:00:00'),('cnni',28,9,'2022-08-27 00:00:00'),('dloglesby57',28,15,'2022-10-24 00:00:00'),('donraul100',28,7,'2022-09-09 00:00:00'),('foleymusic2015',28,10,'2022-09-08 00:00:00'),('i_phil_u',28,12,'2022-12-28 00:00:00'),('jayaa03',28,8,'2022-08-29 00:00:00'),('justinmanis32',28,11,'2022-12-07 00:00:00'),('lorensantiago80',28,13,'2022-12-31 00:00:00'),('myrettanababan',28,1,'2022-09-06 00:00:00'),('nadjacydney',28,17,'2022-11-05 00:00:00'),('passdriving1',28,10,'2022-11-30 00:00:00'),('pauloosting',28,16,'2022-12-22 00:00:00'),('ranjan_rkp',28,4,'2022-11-18 00:00:00'),('rzhprmdz',28,7,'2022-10-15 00:00:00'),('sydneyaustral_a',28,18,'2022-10-28 00:00:00'),('thedon___',28,13,'2022-11-10 00:00:00'),('tre_pound_713',28,5,'2022-08-27 00:00:00'),('daddy_styles69',29,18,'2022-10-08 00:00:00'),('i_am_coello',29,13,'2022-09-02 00:00:00'),('jaymiedels',29,5,'2022-10-22 00:00:00'),('kerynr_artist',29,12,'2022-10-28 00:00:00'),('lianethompson',29,3,'2022-09-13 00:00:00'),('lorensantiago80',29,15,'2022-09-28 00:00:00'),('lynnqunns',29,3,'2022-10-21 00:00:00'),('mikaylaaarae',29,11,'2022-10-21 00:00:00'),('missophia2015',29,12,'2022-10-24 00:00:00'),('mukziey',29,3,'2022-12-03 00:00:00'),('nwatudaniel',29,6,'2022-12-04 00:00:00'),('piercingheart',29,6,'2022-09-01 00:00:00'),('rzhprmdz',29,3,'2022-12-07 00:00:00'),('shibwec',29,18,'2022-10-24 00:00:00'),('sydneyaustral_a',29,17,'2022-09-12 00:00:00'),('verejohansen',29,9,'2022-08-28 00:00:00'),('visit_turkey',29,14,'2022-10-30 00:00:00'),('yousif199531',29,6,'2022-12-18 00:00:00'),('yusufsiyunda',29,7,'2022-11-03 00:00:00'),('_thetonk',30,2,'2022-11-19 00:00:00'),('allthelovelinds',30,4,'2022-10-12 00:00:00'),('babosier',30,2,'2022-12-23 00:00:00'),('brewshirtclub',30,18,'2022-12-21 00:00:00'),('cachbbw',30,17,'2022-10-07 00:00:00'),('clivemiriam',30,18,'2022-10-30 00:00:00'),('ganakar',30,9,'2022-11-13 00:00:00'),('jimfacette',30,17,'2022-10-16 00:00:00'),('jonathan_joyce',30,11,'2022-10-17 00:00:00'),('jullietsl',30,11,'2022-10-06 00:00:00'),('justinsweitzah',30,14,'2022-11-29 00:00:00'),('langa_joshua',30,10,'2022-10-23 00:00:00'),('lunaclaveria',30,6,'2022-09-20 00:00:00'),('nadjacydney',30,6,'2022-11-11 00:00:00'),('nirvnoana',30,10,'2022-12-16 00:00:00'),('sumairgohar6',30,13,'2022-09-03 00:00:00'),('svnaidoo',30,17,'2022-09-03 00:00:00'),('ushasudarshan27',30,1,'2022-12-02 00:00:00'),('vinksharma',30,10,'2022-11-27 00:00:00'),('visit_turkey',30,14,'2022-11-27 00:00:00'),('yusufsiyunda',30,11,'2022-10-23 00:00:00'),('charlessanfili1',31,11,'2022-11-08 00:00:00'),('donthatethegeek',31,9,'2022-11-13 00:00:00'),('evidenceaid',31,16,'2022-09-23 00:00:00'),('gregorydundas1',31,5,'2022-09-10 00:00:00'),('gupta2dec',31,1,'2022-11-03 00:00:00'),('jaymiedels',31,14,'2022-10-19 00:00:00'),('jeannine_c_',31,2,'2022-11-09 00:00:00'),('juliazalutskaja',31,18,'2022-10-11 00:00:00'),('kamil36afna',31,16,'2022-12-03 00:00:00'),('ku5h4l',31,17,'2022-12-30 00:00:00'),('mcshea1',31,4,'2022-09-15 00:00:00'),('mikaylaaarae',31,11,'2022-10-05 00:00:00'),('sumairgohar6',31,14,'2022-11-24 00:00:00'),('verejohansen',31,18,'2022-12-19 00:00:00'),('visit_turkey',31,13,'2022-12-29 00:00:00'),('4omgnewsafrica',32,10,'2022-10-30 00:00:00'),('chadsaaiman',32,18,'2022-11-23 00:00:00'),('erionveliaj',32,9,'2022-12-02 00:00:00'),('evidenceaid',32,6,'2022-11-24 00:00:00'),('flawlessa_k',32,11,'2022-12-18 00:00:00'),('jimfacette',32,5,'2022-09-23 00:00:00'),('juliaadamson4',32,5,'2022-10-09 00:00:00'),('justsayhelo',32,4,'2022-12-19 00:00:00'),('lifeofaroman',32,18,'2022-10-30 00:00:00'),('loriewimble',32,2,'2022-10-02 00:00:00'),('mika0562',32,2,'2022-09-28 00:00:00'),('mika0562',32,3,'2022-12-22 00:00:00'),('missmerl_',32,18,'2022-11-16 00:00:00'),('piercingheart',32,15,'2022-11-15 00:00:00'),('rom1520',32,1,'2022-11-02 00:00:00'),('sienk0',32,13,'2022-09-06 00:00:00'),('syriaconflict',32,9,'2022-10-08 00:00:00'),('the5thoctave',32,4,'2022-09-07 00:00:00'),('4marizumali',33,9,'2022-09-14 00:00:00'),('abbyantal',33,17,'2022-12-01 00:00:00'),('charlessanfili1',33,1,'2022-09-25 00:00:00'),('chattingcat',33,1,'2022-12-01 00:00:00'),('cisn_jack',33,14,'2022-08-29 00:00:00'),('coleroberts95',33,2,'2022-09-12 00:00:00'),('coleroberts95',33,12,'2022-11-10 00:00:00'),('emiratesproj',33,12,'2022-12-06 00:00:00'),('enlifeag',33,14,'2022-12-02 00:00:00'),('festindecuervo',33,5,'2022-12-14 00:00:00'),('filawumobewuju',33,5,'2022-10-10 00:00:00'),('justinmanis32',33,5,'2022-09-19 00:00:00'),('jwwatson1',33,4,'2022-12-05 00:00:00'),('kamarul_izzat',33,16,'2022-12-02 00:00:00'),('kay_alexis9',33,3,'2022-10-22 00:00:00'),('lianethompson',33,12,'2022-12-24 00:00:00'),('shashashabooyea',33,8,'2022-12-20 00:00:00'),('svnaidoo',33,18,'2022-10-21 00:00:00'),('trinz33',33,13,'2022-09-26 00:00:00'),('yaasiros',33,18,'2022-12-12 00:00:00'),('yousif199531',33,3,'2022-11-29 00:00:00'),('_thetonk',34,1,'2022-09-12 00:00:00'),('4omgnewsafrica',34,15,'2022-12-20 00:00:00'),('abdallahcnn',34,6,'2022-10-05 00:00:00'),('aleneb25',34,8,'2022-09-21 00:00:00'),('brewshirtclub',34,8,'2022-11-03 00:00:00'),('chadsaaiman',34,4,'2022-12-17 00:00:00'),('delazorro',34,1,'2022-09-19 00:00:00'),('elasha_farmer',34,8,'2022-10-07 00:00:00'),('emiratesproj',34,7,'2022-10-28 00:00:00'),('flawlessa_k',34,5,'2022-11-23 00:00:00'),('insandeepldh',34,3,'2022-11-11 00:00:00'),('kamarul_izzat',34,13,'2022-09-09 00:00:00'),('missophia2015',34,15,'2022-10-09 00:00:00'),('pcb_cricket_pk',34,13,'2022-10-02 00:00:00'),('sakitty_ptx',34,12,'2022-12-11 00:00:00'),('thedon___',34,18,'2022-11-09 00:00:00'),('todayspop',34,11,'2022-10-15 00:00:00'),('tz_very_own',34,4,'2022-09-14 00:00:00'),('115746999eric',35,1,'2022-11-03 00:00:00'),('aleneb25',35,2,'2022-09-19 00:00:00'),('emotional__man',35,6,'2022-09-02 00:00:00'),('karan_mehta10',35,11,'2022-12-16 00:00:00'),('lbgupta7',35,9,'2022-11-20 00:00:00'),('lorensantiago80',35,4,'2022-09-28 00:00:00'),('mhs95',35,9,'2022-09-24 00:00:00'),('myrettanababan',35,14,'2022-12-29 00:00:00'),('ndinlnd',35,14,'2022-11-20 00:00:00'),('panacheprince',35,12,'2022-12-03 00:00:00'),('todayspop',35,9,'2022-10-14 00:00:00'),('abdallahcnn',36,2,'2022-12-29 00:00:00'),('coleroberts95',36,6,'2022-12-13 00:00:00'),('csaraf2',36,3,'2022-11-13 00:00:00'),('dlphilippines',36,4,'2022-12-11 00:00:00'),('donraul100',36,14,'2022-12-26 00:00:00'),('elasha_farmer',36,7,'2022-12-22 00:00:00'),('emotional__man',36,10,'2022-11-21 00:00:00'),('futballg',36,13,'2022-10-16 00:00:00'),('gabiangelsanche',36,12,'2022-10-14 00:00:00'),('kevincosna',36,18,'2022-10-21 00:00:00'),('lianethompson',36,17,'2022-09-06 00:00:00'),('mukziey',36,15,'2022-11-03 00:00:00'),('pranayrayv',36,9,'2022-11-12 00:00:00'),('ryanfelsman',36,7,'2022-08-28 00:00:00'),('syriaconflict',36,8,'2022-10-11 00:00:00'),('4marizumali',37,18,'2022-12-13 00:00:00'),('4omgnewsafrica',37,14,'2022-12-07 00:00:00'),('brewshirtclub',37,1,'2022-11-27 00:00:00'),('clivemiriam',37,8,'2022-11-13 00:00:00'),('dgpetrie',37,2,'2022-12-04 00:00:00'),('erionveliaj',37,1,'2022-12-20 00:00:00'),('evidenceaid',37,3,'2022-11-05 00:00:00'),('hongxiubae',37,4,'2022-10-06 00:00:00'),('ivansidorenko1',37,2,'2022-12-28 00:00:00'),('jaymiedels',37,3,'2022-11-20 00:00:00'),('junhyeok_sg',37,7,'2022-11-15 00:00:00'),('langa_joshua',37,2,'2022-08-27 00:00:00'),('lianethompson',37,2,'2022-08-31 00:00:00'),('mitarank',37,6,'2022-10-07 00:00:00'),('pcb_cricket_pk',37,18,'2022-11-05 00:00:00'),('robinpro84',37,1,'2022-11-21 00:00:00'),('rosegoldgrassi',37,6,'2022-10-03 00:00:00'),('triplec1998',37,11,'2022-08-29 00:00:00'),('uchennadumetol2',37,4,'2022-10-21 00:00:00'),('b_reesey',38,17,'2022-10-22 00:00:00'),('bates512',38,12,'2022-10-22 00:00:00'),('carpetbaby20',38,6,'2022-10-27 00:00:00'),('dlphilippines',38,10,'2022-10-27 00:00:00'),('dorinesez',38,15,'2022-12-24 00:00:00'),('kamarul_izzat',38,3,'2022-09-20 00:00:00'),('karan_mehta10',38,10,'2022-12-13 00:00:00'),('lmbokoma',38,2,'2022-11-20 00:00:00'),('nadjacydney',38,6,'2022-08-25 00:00:00'),('ndinlnd',38,11,'2022-12-11 00:00:00'),('rachel_dz',38,7,'2022-12-24 00:00:00'),('radiountar',38,4,'2022-10-30 00:00:00'),('sumairgohar6',38,1,'2022-11-02 00:00:00'),('sydneyaustral_a',38,1,'2022-09-13 00:00:00'),('trinz33',38,9,'2022-12-09 00:00:00'),('allthelovelinds',39,12,'2022-12-02 00:00:00'),('ashdrxms',39,8,'2022-12-19 00:00:00'),('cachbbw',39,2,'2022-10-06 00:00:00'),('i_am_coello',39,16,'2022-10-19 00:00:00'),('lemickeli',39,11,'2022-12-22 00:00:00'),('nycsportslaw',39,7,'2022-10-17 00:00:00'),('pcb_cricket_pk',39,5,'2022-08-29 00:00:00'),('radiountar',39,12,'2022-08-25 00:00:00'),('sakitty_ptx',39,3,'2022-09-12 00:00:00'),('shibwec',39,13,'2022-09-12 00:00:00'),('syriaconflict',39,5,'2022-08-30 00:00:00'),('visit_turkey',39,9,'2022-11-24 00:00:00'),('xorands',39,9,'2022-09-15 00:00:00'),('4omgnewsafrica',40,2,'2022-12-11 00:00:00'),('b_reesey',40,8,'2022-09-07 00:00:00'),('cachbbw',40,7,'2022-12-29 00:00:00'),('chattingcat',40,12,'2022-12-29 00:00:00'),('dloglesby57',40,11,'2022-09-02 00:00:00'),('gabiangelsanche',40,1,'2022-10-30 00:00:00'),('giditti',40,16,'2022-12-11 00:00:00'),('jimfacette',40,6,'2022-09-06 00:00:00'),('lmbokoma',40,3,'2022-11-13 00:00:00'),('mcshea1',40,1,'2022-12-14 00:00:00'),('rachithsridhar',40,4,'2022-10-19 00:00:00'),('tu_kwenn',40,8,'2022-08-24 00:00:00'),('appspolicyforum',41,9,'2022-08-26 00:00:00'),('attilasvillains',41,11,'2022-12-01 00:00:00'),('elisamarie223',41,17,'2022-11-03 00:00:00'),('gregoktaveceyp',41,12,'2022-11-10 00:00:00'),('jonathan_joyce',41,13,'2022-11-28 00:00:00'),('mukziey',41,12,'2022-12-26 00:00:00'),('nwatudaniel',41,12,'2022-09-08 00:00:00'),('origanalist',41,3,'2022-12-31 00:00:00'),('syriaconflict',41,5,'2022-11-30 00:00:00'),('theangrymick',41,15,'2022-10-11 00:00:00'),('b_reesey',42,17,'2022-12-19 00:00:00'),('city7tv',42,18,'2022-11-18 00:00:00'),('clivemiriam',42,13,'2022-11-22 00:00:00'),('csaraf2',42,9,'2022-12-15 00:00:00'),('delazorro',42,7,'2022-09-19 00:00:00'),('dinnidania',42,15,'2022-10-11 00:00:00'),('donraul100',42,16,'2022-10-10 00:00:00'),('fruityknebels',42,12,'2022-11-11 00:00:00'),('jeannine_c_',42,13,'2022-10-02 00:00:00'),('kerynr_artist',42,14,'2022-12-05 00:00:00'),('kkantbajpai',42,2,'2022-09-26 00:00:00'),('kkantbajpai',42,13,'2022-12-06 00:00:00'),('lianethompson',42,6,'2022-09-26 00:00:00'),('lorensantiago80',42,9,'2022-11-21 00:00:00'),('lunaclaveria',42,17,'2022-10-18 00:00:00'),('mhs95',42,14,'2022-10-23 00:00:00'),('mika0562',42,3,'2022-08-26 00:00:00'),('myrettanababan',42,3,'2022-08-22 00:00:00'),('otaku_brony',42,8,'2022-10-07 00:00:00'),('ranjan_rkp',42,2,'2022-10-13 00:00:00'),('rosegoldgrassi',42,4,'2022-09-27 00:00:00'),('sameerkarvemt',42,1,'2022-11-29 00:00:00'),('shashashabooyea',42,2,'2022-08-24 00:00:00'),('trinz33',42,5,'2022-11-14 00:00:00'),('tu_kwenn',42,2,'2022-10-09 00:00:00'),('xorands',42,3,'2022-12-31 00:00:00'),('ajfecko',43,8,'2022-11-22 00:00:00'),('ashdrxms',43,8,'2022-10-17 00:00:00'),('billy_tully_13',43,13,'2022-12-14 00:00:00'),('csaraf2',43,10,'2022-10-20 00:00:00'),('ganakar',43,8,'2022-10-06 00:00:00'),('i_am_coello',43,2,'2022-09-27 00:00:00'),('karan_mehta10',43,16,'2022-11-28 00:00:00'),('kerryswainbank',43,2,'2022-10-02 00:00:00'),('langa_joshua',43,9,'2022-10-30 00:00:00'),('ldydrums',43,8,'2022-09-13 00:00:00'),('shashashabooyea',43,9,'2022-11-24 00:00:00'),('todayspop',43,6,'2022-12-05 00:00:00'),('ushasudarshan27',43,13,'2022-09-25 00:00:00'),('whisper5003',43,12,'2022-11-25 00:00:00'),('xorands',43,13,'2022-10-18 00:00:00'),('yaasiros',43,6,'2022-12-09 00:00:00'),('beem_team',44,17,'2022-12-04 00:00:00'),('clibustwitch',44,14,'2022-09-04 00:00:00'),('coleroberts95',44,18,'2022-10-08 00:00:00'),('dgpetrie',44,11,'2022-11-05 00:00:00'),('fgc_bigbird',44,1,'2022-10-07 00:00:00'),('juliaadamson4',44,2,'2022-10-02 00:00:00'),('juliazalutskaja',44,2,'2022-11-25 00:00:00'),('junhyeok_sg',44,2,'2022-12-11 00:00:00'),('justinsweitzah',44,1,'2022-11-05 00:00:00'),('justsayhelo',44,5,'2022-09-07 00:00:00'),('ku5h4l',44,3,'2022-11-12 00:00:00'),('lorensantiago80',44,10,'2022-09-20 00:00:00'),('missmerl_',44,13,'2022-12-01 00:00:00'),('rosegoldgrassi',44,6,'2022-11-29 00:00:00'),('shibwec',44,6,'2022-12-27 00:00:00'),('the5thoctave',44,4,'2022-09-24 00:00:00'),('trinz33',44,1,'2022-12-05 00:00:00'),('visit_turkey',44,14,'2022-09-23 00:00:00'),('yousif199531',44,6,'2022-09-18 00:00:00'),('abdallahcnn',45,7,'2022-11-16 00:00:00'),('carpetbaby20',45,16,'2022-09-09 00:00:00'),('chadsaaiman',45,15,'2022-09-14 00:00:00'),('clivemiriam',45,14,'2022-09-07 00:00:00'),('dlphilippines',45,15,'2022-10-10 00:00:00'),('emiratesproj',45,4,'2022-09-11 00:00:00'),('gregoktaveceyp',45,9,'2022-12-21 00:00:00'),('gregory_stat',45,10,'2022-09-06 00:00:00'),('ivansidorenko1',45,14,'2022-10-16 00:00:00'),('junhyeok_sg',45,3,'2022-12-01 00:00:00'),('kamil36afna',45,9,'2022-09-16 00:00:00'),('karan_mehta10',45,4,'2022-10-24 00:00:00'),('nadjacydney',45,15,'2022-09-21 00:00:00'),('sumairgohar6',45,2,'2022-12-08 00:00:00'),('uchennadumetol2',45,7,'2022-08-27 00:00:00'),('visit_turkey',45,3,'2022-09-05 00:00:00'),('wildgees8',45,12,'2022-09-25 00:00:00'),('beem_team',46,18,'2022-12-07 00:00:00'),('charlessanfili1',46,6,'2022-11-23 00:00:00'),('clibustwitch',46,7,'2022-12-06 00:00:00'),('elisamarie223',46,6,'2022-11-23 00:00:00'),('emiratesproj',46,5,'2022-09-10 00:00:00'),('futballg',46,2,'2022-09-20 00:00:00'),('futballg',46,8,'2022-12-27 00:00:00'),('jullietsl',46,13,'2022-10-30 00:00:00'),('justinmanis32',46,15,'2022-09-15 00:00:00'),('justinsweitzah',46,16,'2022-11-19 00:00:00'),('kamarul_izzat',46,4,'2022-10-06 00:00:00'),('loriewimble',46,12,'2022-09-16 00:00:00'),('marctheshark111',46,12,'2022-12-19 00:00:00'),('mhs95',46,15,'2022-08-28 00:00:00'),('mukziey',46,8,'2022-09-15 00:00:00'),('piercingheart',46,16,'2022-12-14 00:00:00'),('robinpro84',46,4,'2022-11-12 00:00:00'),('rosegoldgrassi',46,7,'2022-11-11 00:00:00'),('sydneyaustral_a',46,11,'2022-11-11 00:00:00'),('totalupdet',46,14,'2022-12-02 00:00:00'),('tre_pound_713',46,4,'2022-10-15 00:00:00'),('tre_pound_713',46,15,'2022-12-28 00:00:00'),('_jazzybelleee',47,15,'2022-11-16 00:00:00'),('allthelovelinds',47,15,'2022-12-23 00:00:00'),('b_reesey',47,9,'2022-08-23 00:00:00'),('chadsaaiman',47,6,'2022-11-23 00:00:00'),('cisn_jack',47,15,'2022-10-15 00:00:00'),('debdarkpetal',47,7,'2022-12-16 00:00:00'),('dinnidania',47,18,'2022-12-11 00:00:00'),('fruityknebels',47,5,'2022-10-19 00:00:00'),('kay_alexis9',47,11,'2022-11-26 00:00:00'),('kylepettine',47,1,'2022-12-17 00:00:00'),('pranayrayv',47,16,'2022-12-01 00:00:00'),('ranjan_rkp',47,10,'2022-12-12 00:00:00'),('rgrabel5',47,3,'2022-08-27 00:00:00'),('sienk0',47,2,'2022-10-23 00:00:00'),('the5thoctave',47,17,'2022-10-28 00:00:00'),('thor_long11',47,14,'2022-10-18 00:00:00'),('uchennadumetol2',47,17,'2022-12-25 00:00:00'),('uskeus',47,15,'2022-12-11 00:00:00'),('_jazzybelleee',48,15,'2022-12-21 00:00:00'),('beem_team',48,5,'2022-10-15 00:00:00'),('cachbbw',48,11,'2022-09-02 00:00:00'),('emiratesproj',48,1,'2022-11-17 00:00:00'),('futballg',48,11,'2022-10-15 00:00:00'),('ganakar',48,8,'2022-12-17 00:00:00'),('insandeepldh',48,18,'2022-09-18 00:00:00'),('insandeepldh',48,18,'2022-10-22 00:00:00'),('jacintasv',48,1,'2022-10-15 00:00:00'),('jaymiedels',48,4,'2022-12-10 00:00:00'),('jullietsl',48,1,'2022-09-20 00:00:00'),('ldydrums',48,11,'2022-10-03 00:00:00'),('lunaclaveria',48,13,'2022-09-17 00:00:00'),('lunaclaveria',48,9,'2022-10-25 00:00:00'),('mcshea1',48,5,'2022-09-01 00:00:00'),('otaku_brony',48,15,'2022-11-13 00:00:00'),('pauloosting',48,6,'2022-11-28 00:00:00'),('rachel_dz',48,16,'2022-11-22 00:00:00'),('rom1520',48,3,'2022-12-14 00:00:00'),('samcyliax',48,7,'2022-12-23 00:00:00'),('specialcarpk',48,2,'2022-10-03 00:00:00'),('tre_pound_713',48,18,'2022-11-30 00:00:00'),('_jazzybelleee',49,13,'2022-11-29 00:00:00'),('ganakar',49,1,'2022-12-18 00:00:00'),('giditti',49,10,'2022-10-30 00:00:00'),('jojohunney',49,7,'2022-12-28 00:00:00'),('juliazalutskaja',49,7,'2022-12-13 00:00:00'),('ldydrums',49,16,'2022-11-04 00:00:00'),('missmerl_',49,16,'2022-10-02 00:00:00'),('missophia2015',49,9,'2022-11-30 00:00:00'),('radioessexnews',49,11,'2022-12-29 00:00:00'),('ryanfelsman',49,6,'2022-09-11 00:00:00'),('segavox_44114',49,5,'2022-09-17 00:00:00'),('sienk0',49,1,'2022-09-17 00:00:00'),('sienk0',49,2,'2022-11-07 00:00:00'),('tbpletcher29',49,15,'2022-08-24 00:00:00'),('theangrymick',49,10,'2022-10-25 00:00:00'),('uskeus',49,18,'2022-10-15 00:00:00'),('yaasiros',49,3,'2022-10-04 00:00:00'),('africanewsaddic',50,13,'2022-10-22 00:00:00'),('beem_team',50,5,'2022-10-10 00:00:00'),('coleroberts95',50,16,'2022-09-28 00:00:00'),('ganakar',50,4,'2022-11-24 00:00:00'),('kamil36afna',50,3,'2022-10-22 00:00:00'),('lbgupta7',50,5,'2022-11-06 00:00:00'),('lianethompson',50,10,'2022-09-20 00:00:00'),('lynnqunns',50,13,'2022-08-22 00:00:00'),('mikaylaaarae',50,16,'2022-09-15 00:00:00'),('nirvnoana',50,13,'2022-08-24 00:00:00'),('rgrabel5',50,8,'2022-08-27 00:00:00'),('shibwec',50,11,'2022-09-27 00:00:00'),('susansopine',50,3,'2022-11-01 00:00:00'),('tre_pound_713',50,4,'2022-09-21 00:00:00'),('trinz33',50,18,'2022-12-11 00:00:00'),('uskeus',50,16,'2022-11-29 00:00:00'),('3ishbeirut',51,17,'2022-08-31 00:00:00'),('cnni',51,6,'2022-09-03 00:00:00'),('evidenceaid',51,3,'2022-11-27 00:00:00'),('filawumobewuju',51,18,'2022-11-09 00:00:00'),('i_phil_u',51,7,'2022-11-20 00:00:00'),('i_phil_u',51,6,'2022-12-03 00:00:00'),('jameslfrancis',51,18,'2022-11-26 00:00:00'),('juliazalutskaja',51,3,'2022-09-18 00:00:00'),('kamil36afna',51,16,'2022-12-10 00:00:00'),('rom1520',51,2,'2022-09-06 00:00:00'),('specialcarpk',51,13,'2022-11-16 00:00:00'),('whisper5003',51,18,'2022-09-30 00:00:00'),('ashdrxms',52,18,'2022-11-19 00:00:00'),('attilasvillains',52,10,'2022-10-29 00:00:00'),('b_reesey',52,5,'2022-11-21 00:00:00'),('dlphilippines',52,10,'2022-09-02 00:00:00'),('donraul100',52,9,'2022-09-25 00:00:00'),('ishqdmaria',52,11,'2022-12-01 00:00:00'),('lebzaa15',52,15,'2022-11-22 00:00:00'),('marctheshark111',52,2,'2022-10-19 00:00:00'),('megmarie64',52,4,'2022-09-11 00:00:00'),('missmerl_',52,10,'2022-08-22 00:00:00'),('missophia2015',52,13,'2022-12-12 00:00:00'),('rachel_dz',52,3,'2022-11-03 00:00:00'),('sakitty_ptx',52,1,'2022-09-12 00:00:00'),('sienk0',52,18,'2022-12-04 00:00:00'),('susansopine',52,14,'2022-10-22 00:00:00'),('vinksharma',52,18,'2022-11-23 00:00:00'),('appspolicyforum',53,12,'2022-11-23 00:00:00'),('cachbbw',53,6,'2022-09-27 00:00:00'),('carpetbaby20',53,10,'2022-10-07 00:00:00'),('charlessanfili1',53,10,'2022-12-10 00:00:00'),('fruityknebels',53,3,'2022-11-06 00:00:00'),('fruityknebels',53,1,'2022-12-25 00:00:00'),('ganakar',53,11,'2022-09-02 00:00:00'),('ishqdmaria',53,9,'2022-10-09 00:00:00'),('jaymiedels',53,4,'2022-11-20 00:00:00'),('kerynr_artist',53,15,'2022-11-02 00:00:00'),('kimballbainbri1',53,15,'2022-10-28 00:00:00'),('ku5h4l',53,16,'2022-12-20 00:00:00'),('kylepettine',53,13,'2022-12-29 00:00:00'),('lbgupta7',53,14,'2022-09-27 00:00:00'),('marctheshark111',53,1,'2022-12-04 00:00:00'),('mason849',53,12,'2022-11-06 00:00:00'),('mikaylaaarae',53,11,'2022-12-28 00:00:00'),('mitarank',53,16,'2022-12-02 00:00:00'),('rsharma027',53,3,'2022-12-13 00:00:00'),('sumairgohar6',53,12,'2022-09-09 00:00:00'),('verejohansen',53,6,'2022-10-24 00:00:00'),('visit_turkey',53,10,'2022-08-27 00:00:00'),('wildgees8',53,17,'2022-11-06 00:00:00'),('_jazzybelleee',54,17,'2022-10-14 00:00:00'),('4omgnewsafrica',54,8,'2022-12-03 00:00:00'),('ashdrxms',54,2,'2022-10-31 00:00:00'),('cnni',54,14,'2022-11-16 00:00:00'),('csaraf2',54,2,'2022-11-30 00:00:00'),('dgpetrie',54,11,'2022-12-02 00:00:00'),('flawlessa_k',54,16,'2022-12-15 00:00:00'),('jeannine_c_',54,10,'2022-10-11 00:00:00'),('karan_mehta10',54,11,'2022-11-26 00:00:00'),('kkantbajpai',54,3,'2022-10-24 00:00:00'),('mason849',54,16,'2022-12-01 00:00:00'),('missophia2015',54,12,'2022-12-24 00:00:00'),('myrettanababan',54,10,'2022-09-14 00:00:00'),('pcb_cricket_pk',54,14,'2022-12-24 00:00:00'),('radiountar',54,17,'2022-12-20 00:00:00'),('rosegoldgrassi',54,9,'2022-10-23 00:00:00'),('ryanfelsman',54,13,'2022-12-16 00:00:00'),('the5thoctave',54,5,'2022-12-24 00:00:00'),('whisper5003',54,13,'2022-11-08 00:00:00'),('whisper5003',54,18,'2022-11-24 00:00:00'),('clibustwitch',55,9,'2022-11-10 00:00:00'),('csaraf2',55,18,'2022-11-11 00:00:00'),('dinnidania',55,14,'2022-09-27 00:00:00'),('dloglesby57',55,6,'2022-08-25 00:00:00'),('donraul100',55,8,'2022-09-07 00:00:00'),('donraul100',55,5,'2022-11-30 00:00:00'),('emiratesproj',55,13,'2022-12-05 00:00:00'),('erionveliaj',55,7,'2022-12-16 00:00:00'),('festindecuervo',55,5,'2022-10-20 00:00:00'),('filawumobewuju',55,9,'2022-09-10 00:00:00'),('fruityknebels',55,8,'2022-10-25 00:00:00'),('justsayhelo',55,2,'2022-11-09 00:00:00'),('lynnqunns',55,4,'2022-10-29 00:00:00'),('mika0562',55,11,'2022-10-31 00:00:00'),('munsinglaw',55,18,'2022-12-04 00:00:00'),('nonaharman',55,8,'2022-08-26 00:00:00'),('panacheprince',55,6,'2022-12-18 00:00:00'),('piercingheart',55,7,'2022-09-28 00:00:00'),('rom1520',55,1,'2022-11-16 00:00:00'),('rzhprmdz',55,8,'2022-08-24 00:00:00'),('susansopine',55,15,'2022-12-02 00:00:00'),('umshahad1986',55,16,'2022-10-07 00:00:00'),('unanoviacabrona',55,18,'2022-08-25 00:00:00'),('unicmanama',55,9,'2022-08-23 00:00:00'),('4marizumali',56,7,'2022-08-24 00:00:00'),('abbyantal',56,15,'2022-10-20 00:00:00'),('africanewsaddic',56,16,'2022-09-15 00:00:00'),('africanewsaddic',56,2,'2022-09-29 00:00:00'),('antwiivirus',56,6,'2022-11-05 00:00:00'),('bravehart60',56,12,'2022-12-02 00:00:00'),('dgpetrie',56,16,'2022-09-28 00:00:00'),('erionveliaj',56,18,'2022-08-24 00:00:00'),('ganakar',56,13,'2022-12-05 00:00:00'),('jameslfrancis',56,2,'2022-09-28 00:00:00'),('jullietsl',56,8,'2022-09-25 00:00:00'),('lemickeli',56,12,'2022-12-13 00:00:00'),('lifeofaroman',56,1,'2022-09-03 00:00:00'),('megmarie64',56,18,'2022-12-18 00:00:00'),('mikaylaaarae',56,10,'2022-11-08 00:00:00'),('rachithsridhar',56,6,'2022-10-01 00:00:00'),('rosegoldgrassi',56,4,'2022-12-31 00:00:00'),('rsharma027',56,8,'2022-12-14 00:00:00'),('tbpletcher29',56,8,'2022-12-12 00:00:00'),('tu_kwenn',56,4,'2022-11-03 00:00:00'),('uskeus',56,1,'2022-09-01 00:00:00'),('yusufsiyunda',56,8,'2022-09-25 00:00:00'),('allthelovelinds',57,11,'2022-11-01 00:00:00'),('bates512',57,5,'2022-10-05 00:00:00'),('bates512',57,6,'2022-10-28 00:00:00'),('city7tv',57,6,'2022-10-30 00:00:00'),('foleymusic2015',57,14,'2022-11-13 00:00:00'),('hongxiubae',57,16,'2022-12-01 00:00:00'),('ivansidorenko1',57,18,'2022-11-27 00:00:00'),('juliazalutskaja',57,12,'2022-12-05 00:00:00'),('justinmanis32',57,8,'2022-10-03 00:00:00'),('karan_mehta10',57,16,'2022-09-11 00:00:00'),('kerynr_artist',57,15,'2022-10-11 00:00:00'),('mikaylaaarae',57,11,'2022-08-29 00:00:00'),('rom1520',57,9,'2022-09-16 00:00:00'),('sakitty_ptx',57,11,'2022-10-08 00:00:00'),('sircapoako',57,6,'2022-08-25 00:00:00'),('verejohansen',57,10,'2022-10-21 00:00:00'),('4marizumali',58,3,'2022-10-19 00:00:00'),('allthelovelinds',58,15,'2022-09-14 00:00:00'),('city7tv',58,7,'2022-11-30 00:00:00'),('clibustwitch',58,10,'2022-12-07 00:00:00'),('festindecuervo',58,8,'2022-10-20 00:00:00'),('giditti',58,6,'2022-09-01 00:00:00'),('hongxiubae',58,17,'2022-10-06 00:00:00'),('juliaadamson4',58,12,'2022-12-18 00:00:00'),('kerynr_artist',58,16,'2022-11-04 00:00:00'),('lebzaa15',58,10,'2022-11-13 00:00:00'),('megmarie64',58,6,'2022-10-07 00:00:00'),('megmarie64',58,18,'2022-11-05 00:00:00'),('mhs95',58,5,'2022-12-22 00:00:00'),('mikaylaaarae',58,9,'2022-11-02 00:00:00'),('mitarank',58,2,'2022-12-27 00:00:00'),('munsinglaw',58,18,'2022-10-16 00:00:00'),('pcb_cricket_pk',58,8,'2022-09-30 00:00:00'),('rsharma027',58,17,'2022-09-10 00:00:00'),('susansopine',58,13,'2022-09-21 00:00:00'),('thedon___',58,1,'2022-11-25 00:00:00'),('thedon___',58,14,'2022-12-14 00:00:00'),('todayspop',58,16,'2022-09-27 00:00:00'),('tz_very_own',58,16,'2022-08-31 00:00:00'),('abdallahcnn',59,15,'2022-10-16 00:00:00'),('festindecuervo',59,7,'2022-11-11 00:00:00'),('giditti',59,18,'2022-10-26 00:00:00'),('jayaa03',59,3,'2022-10-01 00:00:00'),('jonathan_joyce',59,12,'2022-08-25 00:00:00'),('juliazalutskaja',59,12,'2022-09-08 00:00:00'),('kerynr_artist',59,14,'2022-09-10 00:00:00'),('megmarie64',59,12,'2022-10-22 00:00:00'),('megmarie64',59,14,'2022-12-11 00:00:00'),('piercingheart',59,8,'2022-10-29 00:00:00'),('ranjan_rkp',59,12,'2022-09-08 00:00:00'),('rzhprmdz',59,18,'2022-10-14 00:00:00'),('sakitty_ptx',59,8,'2022-12-06 00:00:00'),('sienk0',59,13,'2022-10-15 00:00:00'),('_thetonk',60,13,'2022-10-30 00:00:00'),('abdallahcnn',60,13,'2022-12-04 00:00:00'),('csaraf2',60,15,'2022-11-29 00:00:00'),('flawlessa_k',60,14,'2022-09-19 00:00:00'),('gregorydundas1',60,15,'2022-12-30 00:00:00'),('hongxiubae',60,18,'2022-09-24 00:00:00'),('jojohunney',60,15,'2022-10-01 00:00:00'),('juliaadamson4',60,15,'2022-09-18 00:00:00'),('justsayhelo',60,17,'2022-11-04 00:00:00'),('rom1520',60,17,'2022-10-23 00:00:00'),('ryanfelsman',60,1,'2022-11-26 00:00:00'),('sameerkarvemt',60,1,'2022-09-23 00:00:00'),('wildgees8',60,9,'2022-10-04 00:00:00'),('_jazzybelleee',61,18,'2022-11-12 00:00:00'),('antwiivirus',61,12,'2022-12-26 00:00:00'),('attilasvillains',61,10,'2022-10-11 00:00:00'),('daddy_styles69',61,9,'2022-08-27 00:00:00'),('dinnidania',61,9,'2022-11-25 00:00:00'),('dloglesby57',61,1,'2022-12-16 00:00:00'),('elaine94149937',61,14,'2022-12-29 00:00:00'),('festindecuervo',61,10,'2022-08-26 00:00:00'),('hongxiubae',61,10,'2022-12-09 00:00:00'),('insandeepldh',61,16,'2022-11-26 00:00:00'),('lemickeli',61,15,'2022-10-31 00:00:00'),('lemickeli',61,9,'2022-11-08 00:00:00'),('lindzym',61,18,'2022-12-03 00:00:00'),('lorensantiago80',61,15,'2022-09-03 00:00:00'),('loriewimble',61,5,'2022-11-09 00:00:00'),('pauloosting',61,16,'2022-10-15 00:00:00'),('sameerkarvemt',61,17,'2022-12-24 00:00:00'),('vinksharma',61,8,'2022-11-03 00:00:00'),('yusufsiyunda',61,3,'2022-12-20 00:00:00'),('115746999eric',62,17,'2022-10-30 00:00:00'),('ajfecko',62,15,'2022-11-28 00:00:00'),('beem_team',62,17,'2022-12-02 00:00:00'),('chattingcat',62,6,'2022-09-28 00:00:00'),('city7tv',62,14,'2022-10-06 00:00:00'),('csaraf2',62,3,'2022-12-08 00:00:00'),('hongxiubae',62,6,'2022-10-02 00:00:00'),('jullietsl',62,11,'2022-12-29 00:00:00'),('lemickeli',62,13,'2022-09-04 00:00:00'),('lmbokoma',62,7,'2022-10-25 00:00:00'),('rzhprmdz',62,16,'2022-11-27 00:00:00'),('sakitty_ptx',62,14,'2022-10-11 00:00:00'),('shashashabooyea',62,13,'2022-09-01 00:00:00'),('tweetivy20',62,8,'2022-09-13 00:00:00'),('ushasudarshan27',62,15,'2022-10-06 00:00:00'),('aleneb25',63,5,'2022-10-27 00:00:00'),('gabiangelsanche',63,10,'2022-10-20 00:00:00'),('gregoktaveceyp',63,8,'2022-09-02 00:00:00'),('gregorydundas1',63,17,'2022-09-09 00:00:00'),('i_phil_u',63,1,'2022-10-21 00:00:00'),('ishqdmaria',63,2,'2022-09-22 00:00:00'),('ishqdmaria',63,11,'2022-10-24 00:00:00'),('kerryswainbank',63,11,'2022-09-20 00:00:00'),('lebzaa15',63,18,'2022-11-25 00:00:00'),('loriewimble',63,7,'2022-12-10 00:00:00'),('mhs95',63,16,'2022-11-06 00:00:00'),('mikaylaaarae',63,7,'2022-12-15 00:00:00'),('mikaylareneee',63,11,'2022-09-03 00:00:00'),('nadjacydney',63,17,'2022-09-14 00:00:00'),('nirvnoana',63,3,'2022-09-12 00:00:00'),('nwatudaniel',63,10,'2022-10-24 00:00:00'),('origanalist',63,14,'2022-09-22 00:00:00'),('rachel_dz',63,1,'2022-12-17 00:00:00'),('robinpro84',63,13,'2022-12-17 00:00:00'),('ryanfelsman',63,4,'2022-10-14 00:00:00'),('shibwec',63,2,'2022-10-28 00:00:00'),('totalupdet',63,15,'2022-10-12 00:00:00'),('wildgees8',63,15,'2022-09-24 00:00:00'),('3ishbeirut',64,12,'2022-10-01 00:00:00'),('abbyantal',64,7,'2022-11-04 00:00:00'),('ajfecko',64,10,'2022-12-20 00:00:00'),('charlessanfili1',64,17,'2022-09-13 00:00:00'),('coleroberts95',64,13,'2022-11-21 00:00:00'),('dgpetrie',64,13,'2022-12-22 00:00:00'),('dhiraj1c',64,10,'2022-09-13 00:00:00'),('erionveliaj',64,15,'2022-11-29 00:00:00'),('flawlessa_k',64,6,'2022-11-15 00:00:00'),('foleymusic2015',64,12,'2022-09-23 00:00:00'),('gregoktaveceyp',64,17,'2022-12-19 00:00:00'),('ivansidorenko1',64,3,'2022-10-11 00:00:00'),('kamil36afna',64,12,'2022-09-19 00:00:00'),('kerynr_artist',64,12,'2022-10-26 00:00:00'),('lynnqunns',64,1,'2022-09-09 00:00:00'),('nycsportslaw',64,8,'2022-12-06 00:00:00'),('pauloosting',64,10,'2022-12-07 00:00:00'),('rachel_dz',64,9,'2022-10-14 00:00:00'),('robinpro84',64,10,'2022-12-13 00:00:00'),('sameerkarvemt',64,16,'2022-09-24 00:00:00'),('sircapoako',64,16,'2022-11-01 00:00:00'),('theangrymick',64,17,'2022-09-05 00:00:00'),('theangrymick',64,9,'2022-10-31 00:00:00'),('ushasudarshan27',64,7,'2022-11-22 00:00:00'),('yaasiros',64,15,'2022-11-28 00:00:00'),('yaasiros',64,6,'2022-11-30 00:00:00'),('antwiivirus',65,5,'2022-10-10 00:00:00'),('dorinesez',65,18,'2022-11-27 00:00:00'),('emiratesproj',65,3,'2022-10-28 00:00:00'),('erionveliaj',65,8,'2022-10-17 00:00:00'),('evidenceaid',65,8,'2022-10-12 00:00:00'),('ivansidorenko1',65,14,'2022-10-12 00:00:00'),('junhyeok_sg',65,4,'2022-09-01 00:00:00'),('justinsweitzah',65,14,'2022-09-12 00:00:00'),('kamarul_izzat',65,3,'2022-12-09 00:00:00'),('kerryswainbank',65,8,'2022-10-05 00:00:00'),('kerryswainbank',65,12,'2022-12-09 00:00:00'),('kevincosna',65,18,'2022-09-16 00:00:00'),('lorensantiago80',65,17,'2022-10-22 00:00:00'),('nadjacydney',65,2,'2022-12-28 00:00:00'),('pauloosting',65,10,'2022-10-11 00:00:00'),('specialcarpk',65,10,'2022-12-19 00:00:00'),('syriaconflict',65,12,'2022-09-07 00:00:00'),('4omgnewsafrica',66,10,'2022-12-25 00:00:00'),('aeringuy',66,9,'2022-11-25 00:00:00'),('brewshirtclub',66,4,'2022-10-30 00:00:00'),('charlessanfili1',66,6,'2022-12-27 00:00:00'),('coleroberts95',66,10,'2022-11-11 00:00:00'),('dgpetrie',66,16,'2022-11-07 00:00:00'),('emotional__man',66,12,'2022-09-13 00:00:00'),('evidenceaid',66,9,'2022-10-19 00:00:00'),('ishqdmaria',66,5,'2022-12-04 00:00:00'),('justsayhelo',66,16,'2022-11-24 00:00:00'),('kkantbajpai',66,17,'2022-10-07 00:00:00'),('mikaylareneee',66,7,'2022-10-18 00:00:00'),('mitarank',66,9,'2022-10-03 00:00:00'),('sameerkarvemt',66,10,'2022-10-26 00:00:00'),('shashashabooyea',66,12,'2022-10-31 00:00:00'),('theangrymick',66,2,'2022-10-02 00:00:00'),('4omgnewsafrica',67,2,'2022-10-17 00:00:00'),('carpetbaby20',67,15,'2022-11-18 00:00:00'),('coleroberts95',67,4,'2022-10-30 00:00:00'),('csaraf2',67,13,'2022-09-26 00:00:00'),('ganakar',67,2,'2022-12-25 00:00:00'),('ishqdmaria',67,15,'2022-12-26 00:00:00'),('ivansidorenko1',67,1,'2022-10-09 00:00:00'),('jayaa03',67,17,'2022-11-13 00:00:00'),('justsayhelo',67,1,'2022-11-23 00:00:00'),('langa_joshua',67,18,'2022-08-31 00:00:00'),('nwatudaniel',67,5,'2022-09-16 00:00:00'),('radioessexnews',67,1,'2022-08-25 00:00:00'),('rgrabel5',67,7,'2022-09-27 00:00:00'),('rosegoldgrassi',67,16,'2022-09-14 00:00:00'),('sienk0',67,2,'2022-11-10 00:00:00'),('yaasiros',67,7,'2022-12-16 00:00:00'),('115746999eric',68,2,'2022-12-30 00:00:00'),('bravehart60',68,10,'2022-12-24 00:00:00'),('i_am_coello',68,7,'2022-11-17 00:00:00'),('jeannine_c_',68,2,'2022-12-18 00:00:00'),('jeannine_c_',68,8,'2022-12-26 00:00:00'),('juliazalutskaja',68,14,'2022-11-13 00:00:00'),('ku5h4l',68,6,'2022-08-28 00:00:00'),('langa_joshua',68,16,'2022-12-11 00:00:00'),('lindzym',68,10,'2022-11-24 00:00:00'),('marctheshark111',68,14,'2022-11-07 00:00:00'),('mika0562',68,1,'2022-09-12 00:00:00'),('missmerl_',68,7,'2022-09-29 00:00:00'),('panacheprince',68,17,'2022-09-13 00:00:00'),('rzhprmdz',68,4,'2022-10-05 00:00:00'),('samcyliax',68,2,'2022-11-09 00:00:00'),('sydneyaustral_a',68,5,'2022-10-09 00:00:00'),('tre_pound_713',68,16,'2022-12-24 00:00:00'),('umshahad1986',68,8,'2022-10-08 00:00:00'),('yousif199531',68,11,'2022-10-07 00:00:00'),('ajfecko',69,9,'2022-09-26 00:00:00'),('gabiangelsanche',69,5,'2022-11-04 00:00:00'),('jonathan_joyce',69,13,'2022-10-22 00:00:00'),('juliaadamson4',69,8,'2022-12-30 00:00:00'),('junhyeok_sg',69,15,'2022-11-04 00:00:00'),('karan_mehta10',69,15,'2022-09-02 00:00:00'),('nadjacydney',69,8,'2022-12-02 00:00:00'),('ndinlnd',69,17,'2022-11-22 00:00:00'),('ryanfelsman',69,8,'2022-10-18 00:00:00'),('trinz33',69,14,'2022-09-18 00:00:00'),('allthelovelinds',70,16,'2022-11-02 00:00:00'),('allthelovelinds',70,7,'2022-12-31 00:00:00'),('antwiivirus',70,5,'2022-10-30 00:00:00'),('coleroberts95',70,14,'2022-11-28 00:00:00'),('gregoktaveceyp',70,18,'2022-12-18 00:00:00'),('insandeepldh',70,12,'2022-10-08 00:00:00'),('lianethompson',70,12,'2022-10-31 00:00:00'),('lifeofaroman',70,18,'2022-11-25 00:00:00'),('lunaclaveria',70,5,'2022-10-13 00:00:00'),('pauloosting',70,5,'2022-09-13 00:00:00'),('rom1520',70,6,'2022-10-23 00:00:00'),('sameerkarvemt',70,15,'2022-10-16 00:00:00'),('segavox_44114',70,4,'2022-12-31 00:00:00'),('unanoviacabrona',70,6,'2022-12-21 00:00:00'),('whisper5003',70,10,'2022-12-28 00:00:00'),('abbyantal',71,9,'2022-09-20 00:00:00'),('aeringuy',71,18,'2022-09-13 00:00:00'),('emotional__man',71,18,'2022-12-31 00:00:00'),('flawlessa_k',71,10,'2022-11-17 00:00:00'),('ganakar',71,6,'2022-11-07 00:00:00'),('gregorydundas1',71,11,'2022-09-15 00:00:00'),('ishqdmaria',71,17,'2022-08-30 00:00:00'),('ivansidorenko1',71,4,'2022-10-04 00:00:00'),('jeannine_c_',71,5,'2022-09-15 00:00:00'),('jimfacette',71,10,'2022-09-03 00:00:00'),('jojohunney',71,10,'2022-10-30 00:00:00'),('lianethompson',71,6,'2022-12-04 00:00:00'),('lmbokoma',71,5,'2022-09-15 00:00:00'),('mukziey',71,16,'2022-11-02 00:00:00'),('munsinglaw',71,3,'2022-10-08 00:00:00'),('nonaharman',71,8,'2022-11-15 00:00:00'),('passdriving1',71,10,'2022-09-05 00:00:00'),('passdriving1',71,10,'2022-11-11 00:00:00'),('shibwec',71,18,'2022-10-11 00:00:00'),('stevewillmott',71,10,'2022-10-30 00:00:00'),('tbpletcher29',71,9,'2022-11-08 00:00:00'),('tbpletcher29',71,8,'2022-12-30 00:00:00'),('totalupdet',71,18,'2022-09-19 00:00:00'),('unicmanama',71,6,'2022-12-22 00:00:00'),('_thetonk',72,1,'2022-11-06 00:00:00'),('allthelovelinds',72,1,'2022-09-12 00:00:00'),('cachbbw',72,4,'2022-09-01 00:00:00'),('clivemiriam',72,3,'2022-12-24 00:00:00'),('fgc_bigbird',72,6,'2022-08-31 00:00:00'),('foleymusic2015',72,5,'2022-12-02 00:00:00'),('gregory_stat',72,4,'2022-11-25 00:00:00'),('juliazalutskaja',72,15,'2022-10-04 00:00:00'),('juliazalutskaja',72,10,'2022-12-28 00:00:00'),('justinmanis32',72,18,'2022-10-25 00:00:00'),('jwwatson1',72,4,'2022-10-08 00:00:00'),('loriewimble',72,18,'2022-09-07 00:00:00'),('lunaclaveria',72,14,'2022-08-31 00:00:00'),('rachithsridhar',72,17,'2022-12-23 00:00:00'),('stevewillmott',72,18,'2022-08-30 00:00:00'),('yaasiros',72,9,'2022-11-19 00:00:00'),('abdallahcnn',73,12,'2022-11-07 00:00:00'),('aleneb25',73,5,'2022-08-26 00:00:00'),('beem_team',73,12,'2022-12-30 00:00:00'),('chattingcat',73,17,'2022-12-29 00:00:00'),('clibustwitch',73,14,'2022-12-16 00:00:00'),('coleroberts95',73,5,'2022-11-12 00:00:00'),('dlphilippines',73,3,'2022-11-02 00:00:00'),('donraul100',73,14,'2022-11-09 00:00:00'),('donthatethegeek',73,3,'2022-12-31 00:00:00'),('futballg',73,15,'2022-09-05 00:00:00'),('hongxiubae',73,14,'2022-11-21 00:00:00'),('jameslfrancis',73,14,'2022-12-26 00:00:00'),('jimfacette',73,18,'2022-08-30 00:00:00'),('kamil36afna',73,14,'2022-12-11 00:00:00'),('kerynr_artist',73,14,'2022-11-02 00:00:00'),('lbgupta7',73,13,'2022-10-20 00:00:00'),('lianethompson',73,6,'2022-09-30 00:00:00'),('lifeofaroman',73,4,'2022-11-30 00:00:00'),('munsinglaw',73,5,'2022-11-23 00:00:00'),('nonaharman',73,10,'2022-12-16 00:00:00'),('nwatudaniel',73,2,'2022-12-04 00:00:00'),('origanalist',73,7,'2022-12-12 00:00:00'),('passdriving1',73,2,'2022-11-23 00:00:00'),('pauloosting',73,6,'2022-10-26 00:00:00'),('rachel_dz',73,10,'2022-12-07 00:00:00'),('sircapoako',73,14,'2022-09-28 00:00:00'),('unanoviacabrona',73,18,'2022-11-01 00:00:00'),('unanoviacabrona',73,3,'2022-12-26 00:00:00'),('unicmanama',73,11,'2022-11-26 00:00:00'),('_thetonk',74,15,'2022-09-01 00:00:00'),('attilasvillains',74,16,'2022-09-15 00:00:00'),('daddy_styles69',74,18,'2022-11-27 00:00:00'),('delazorro',74,6,'2022-11-10 00:00:00'),('dorinesez',74,14,'2022-09-16 00:00:00'),('fruityknebels',74,11,'2022-11-10 00:00:00'),('fruityknebels',74,1,'2022-12-07 00:00:00'),('gupta2dec',74,12,'2022-10-12 00:00:00'),('ishqdmaria',74,5,'2022-09-29 00:00:00'),('jwwatson1',74,14,'2022-09-08 00:00:00'),('kerynr_artist',74,9,'2022-09-17 00:00:00'),('ku5h4l',74,13,'2022-12-05 00:00:00'),('lbgupta7',74,13,'2022-08-26 00:00:00'),('lbgupta7',74,10,'2022-11-16 00:00:00'),('origanalist',74,9,'2022-11-29 00:00:00'),('stevewillmott',74,10,'2022-09-14 00:00:00'),('trinz33',74,1,'2022-10-30 00:00:00'),('trinz33',74,2,'2022-12-28 00:00:00'),('xorands',74,14,'2022-12-14 00:00:00'),('_thetonk',75,15,'2022-11-20 00:00:00'),('115746999eric',75,9,'2022-10-02 00:00:00'),('attilasvillains',75,15,'2022-09-29 00:00:00'),('coleroberts95',75,4,'2022-10-12 00:00:00'),('dlphilippines',75,14,'2022-11-19 00:00:00'),('gregory_stat',75,13,'2022-12-30 00:00:00'),('ivansidorenko1',75,1,'2022-12-15 00:00:00'),('jonathan_joyce',75,10,'2022-12-26 00:00:00'),('kay_alexis9',75,1,'2022-10-11 00:00:00'),('lmbokoma',75,17,'2022-09-16 00:00:00'),('loriewimble',75,5,'2022-08-22 00:00:00'),('nycsportslaw',75,1,'2022-08-31 00:00:00'),('nycsportslaw',75,6,'2022-11-18 00:00:00'),('panacheprince',75,12,'2022-09-30 00:00:00'),('todayspop',75,11,'2022-11-13 00:00:00'),('tre_pound_713',75,15,'2022-10-23 00:00:00'),('uchennadumetol2',75,2,'2022-10-18 00:00:00'),('uskeus',75,4,'2022-11-17 00:00:00'),('_thetonk',76,10,'2022-09-15 00:00:00'),('115746999eric',76,10,'2022-12-06 00:00:00'),('aeringuy',76,9,'2022-11-28 00:00:00'),('bates512',76,11,'2022-08-28 00:00:00'),('bates512',76,5,'2022-09-16 00:00:00'),('carpetbaby20',76,9,'2022-09-27 00:00:00'),('dloglesby57',76,9,'2022-09-04 00:00:00'),('elasha_farmer',76,7,'2022-12-05 00:00:00'),('foleymusic2015',76,1,'2022-11-03 00:00:00'),('ganakar',76,2,'2022-11-08 00:00:00'),('gregoktaveceyp',76,9,'2022-12-07 00:00:00'),('jameslfrancis',76,2,'2022-10-10 00:00:00'),('jullietsl',76,2,'2022-11-25 00:00:00'),('jwwatson1',76,13,'2022-12-29 00:00:00'),('lmbokoma',76,2,'2022-09-19 00:00:00'),('marctheshark111',76,5,'2022-11-08 00:00:00'),('nadjacydney',76,4,'2022-12-13 00:00:00'),('rzhprmdz',76,9,'2022-08-25 00:00:00'),('shashashabooyea',76,10,'2022-12-21 00:00:00'),('svnaidoo',76,11,'2022-10-24 00:00:00'),('aleneb25',77,5,'2022-11-08 00:00:00'),('appspolicyforum',77,4,'2022-10-06 00:00:00'),('carpetbaby20',77,12,'2022-09-05 00:00:00'),('clibustwitch',77,5,'2022-10-18 00:00:00'),('i_am_coello',77,3,'2022-11-22 00:00:00'),('jimfacette',77,10,'2022-11-23 00:00:00'),('jullietsl',77,9,'2022-12-17 00:00:00'),('kamarul_izzat',77,11,'2022-12-28 00:00:00'),('kay_alexis9',77,18,'2022-09-09 00:00:00'),('kevincosna',77,17,'2022-12-24 00:00:00'),('langa_joshua',77,6,'2022-09-16 00:00:00'),('lynnqunns',77,7,'2022-11-22 00:00:00'),('piercingheart',77,18,'2022-11-26 00:00:00'),('rachel_dz',77,2,'2022-11-11 00:00:00'),('robinpro84',77,6,'2022-12-14 00:00:00'),('sakitty_ptx',77,17,'2022-10-15 00:00:00'),('samcyliax',77,4,'2022-12-28 00:00:00'),('theangrymick',77,3,'2022-09-07 00:00:00'),('theangrymick',77,16,'2022-10-27 00:00:00'),('todayspop',77,17,'2022-09-20 00:00:00'),('whisper5003',77,10,'2022-11-06 00:00:00'),('4omgnewsafrica',78,15,'2022-10-20 00:00:00'),('charlessanfili1',78,1,'2022-11-27 00:00:00'),('cnni',78,8,'2022-11-11 00:00:00'),('coleroberts95',78,4,'2022-11-17 00:00:00'),('coleroberts95',78,12,'2022-12-20 00:00:00'),('donraul100',78,8,'2022-10-02 00:00:00'),('fruityknebels',78,8,'2022-12-24 00:00:00'),('jayaa03',78,9,'2022-09-16 00:00:00'),('kimballbainbri1',78,8,'2022-09-19 00:00:00'),('pcb_cricket_pk',78,17,'2022-11-15 00:00:00'),('rom1520',78,10,'2022-12-31 00:00:00'),('tre_pound_713',78,6,'2022-10-27 00:00:00'),('wildgees8',78,8,'2022-12-31 00:00:00'),('4marizumali',79,13,'2022-09-16 00:00:00'),('4marizumali',79,12,'2022-11-08 00:00:00'),('dgpetrie',79,12,'2022-10-08 00:00:00'),('dgpetrie',79,4,'2022-12-10 00:00:00'),('dorinesez',79,3,'2022-12-30 00:00:00'),('emotional__man',79,1,'2022-12-01 00:00:00'),('jonathan_joyce',79,12,'2022-09-10 00:00:00'),('kevincosna',79,7,'2022-11-29 00:00:00'),('nonaharman',79,18,'2022-09-07 00:00:00'),('origanalist',79,9,'2022-09-12 00:00:00'),('trinz33',79,17,'2022-10-01 00:00:00'),('donthatethegeek',80,9,'2022-12-30 00:00:00'),('kamil36afna',80,17,'2022-12-01 00:00:00'),('kerynr_artist',80,11,'2022-12-10 00:00:00'),('kylepettine',80,6,'2022-12-30 00:00:00'),('marctheshark111',80,3,'2022-11-03 00:00:00'),('nirvnoana',80,15,'2022-11-25 00:00:00'),('origanalist',80,14,'2022-11-29 00:00:00'),('panacheprince',80,9,'2022-12-31 00:00:00'),('rachel_dz',80,15,'2022-11-07 00:00:00'),('radioessexnews',80,6,'2022-12-02 00:00:00'),('todayspop',80,10,'2022-11-19 00:00:00'),('unanoviacabrona',80,4,'2022-11-23 00:00:00'),('yusufsiyunda',80,6,'2022-09-13 00:00:00'),('yusufsiyunda',80,16,'2022-09-19 00:00:00'),('ashdrxms',81,14,'2022-08-28 00:00:00'),('billy_tully_13',81,6,'2022-09-09 00:00:00'),('dgpetrie',81,14,'2022-12-16 00:00:00'),('festindecuervo',81,16,'2022-09-24 00:00:00'),('ganakar',81,10,'2022-08-24 00:00:00'),('gregoktaveceyp',81,5,'2022-12-21 00:00:00'),('i_am_coello',81,17,'2022-09-01 00:00:00'),('i_phil_u',81,12,'2022-12-19 00:00:00'),('jaymiedels',81,2,'2022-11-15 00:00:00'),('mhs95',81,12,'2022-12-28 00:00:00'),('mikaylareneee',81,10,'2022-10-20 00:00:00'),('nonaharman',81,8,'2022-10-19 00:00:00'),('nwatudaniel',81,8,'2022-12-25 00:00:00'),('rachithsridhar',81,18,'2022-10-28 00:00:00'),('rosegoldgrassi',81,12,'2022-10-08 00:00:00'),('sircapoako',81,5,'2022-09-29 00:00:00'),('syriaconflict',81,18,'2022-09-04 00:00:00'),('trinz33',81,13,'2022-09-26 00:00:00'),('brewshirtclub',82,8,'2022-12-28 00:00:00'),('cnni',82,11,'2022-12-12 00:00:00'),('erionveliaj',82,1,'2022-12-17 00:00:00'),('evidenceaid',82,13,'2022-12-06 00:00:00'),('langa_joshua',82,14,'2022-11-01 00:00:00'),('lemickeli',82,6,'2022-10-16 00:00:00'),('mika0562',82,10,'2022-09-24 00:00:00'),('nirvnoana',82,17,'2022-10-14 00:00:00'),('carpetbaby20',83,1,'2022-09-01 00:00:00'),('cisn_jack',83,1,'2022-09-26 00:00:00'),('clibustwitch',83,2,'2022-10-02 00:00:00'),('delazorro',83,18,'2022-11-21 00:00:00'),('evidenceaid',83,4,'2022-12-05 00:00:00'),('filawumobewuju',83,11,'2022-12-16 00:00:00'),('futballg',83,9,'2022-09-14 00:00:00'),('i_am_coello',83,13,'2022-12-29 00:00:00'),('kamarul_izzat',83,17,'2022-12-01 00:00:00'),('kimballbainbri1',83,7,'2022-10-18 00:00:00'),('kkantbajpai',83,1,'2022-10-05 00:00:00'),('ldydrums',83,18,'2022-12-09 00:00:00'),('mcshea1',83,17,'2022-12-24 00:00:00'),('mikaylaaarae',83,17,'2022-10-17 00:00:00'),('mitarank',83,6,'2022-12-15 00:00:00'),('munsinglaw',83,11,'2022-12-06 00:00:00'),('nadjacydney',83,11,'2022-12-25 00:00:00'),('radioessexnews',83,2,'2022-11-19 00:00:00'),('sumairgohar6',83,7,'2022-08-28 00:00:00'),('uskeus',83,10,'2022-09-04 00:00:00'),('visit_turkey',83,17,'2022-08-24 00:00:00'),('babosier',84,12,'2022-11-02 00:00:00'),('carpetbaby20',84,1,'2022-09-05 00:00:00'),('chadsaaiman',84,15,'2022-10-05 00:00:00'),('delazorro',84,16,'2022-08-26 00:00:00'),('dinnidania',84,12,'2022-09-30 00:00:00'),('ishqdmaria',84,10,'2022-12-18 00:00:00'),('ivansidorenko1',84,17,'2022-10-15 00:00:00'),('jeannine_c_',84,9,'2022-11-11 00:00:00'),('kerryswainbank',84,15,'2022-10-25 00:00:00'),('myrettanababan',84,12,'2022-12-15 00:00:00'),('myrettanababan',84,8,'2022-12-27 00:00:00'),('nycsportslaw',84,1,'2022-09-04 00:00:00'),('stevewillmott',84,6,'2022-12-27 00:00:00'),('susansopine',84,15,'2022-12-10 00:00:00'),('tweetivy20',84,11,'2022-09-25 00:00:00'),('umshahad1986',84,8,'2022-11-10 00:00:00'),('vinksharma',84,16,'2022-11-22 00:00:00'),('bravehart60',85,10,'2022-10-01 00:00:00'),('chadsaaiman',85,5,'2022-11-15 00:00:00'),('clibustwitch',85,8,'2022-08-26 00:00:00'),('dloglesby57',85,12,'2022-09-08 00:00:00'),('elasha_farmer',85,11,'2022-12-24 00:00:00'),('elisamarie223',85,10,'2022-09-16 00:00:00'),('enlifeag',85,4,'2022-12-20 00:00:00'),('fgc_bigbird',85,1,'2022-09-10 00:00:00'),('gabiangelsanche',85,8,'2022-11-20 00:00:00'),('gregoktaveceyp',85,15,'2022-10-26 00:00:00'),('sakitty_ptx',85,13,'2022-09-16 00:00:00'),('shashashabooyea',85,8,'2022-08-22 00:00:00'),('theangrymick',85,14,'2022-09-08 00:00:00'),('tre_pound_713',85,2,'2022-10-07 00:00:00'),('unicmanama',85,6,'2022-11-07 00:00:00'),('vinksharma',85,14,'2022-11-20 00:00:00'),('elaine94149937',86,4,'2022-11-16 00:00:00'),('emiratesproj',86,16,'2022-12-16 00:00:00'),('evidenceaid',86,16,'2022-08-30 00:00:00'),('fruityknebels',86,13,'2022-10-24 00:00:00'),('jwwatson1',86,6,'2022-09-19 00:00:00'),('mhs95',86,14,'2022-11-09 00:00:00'),('mika0562',86,3,'2022-09-28 00:00:00'),('mika0562',86,4,'2022-12-21 00:00:00'),('mitarank',86,17,'2022-12-17 00:00:00'),('myrettanababan',86,13,'2022-09-04 00:00:00'),('nonaharman',86,9,'2022-11-05 00:00:00'),('ranjan_rkp',86,14,'2022-09-30 00:00:00'),('robinpro84',86,6,'2022-11-27 00:00:00'),('3ishbeirut',87,15,'2022-10-08 00:00:00'),('antwiivirus',87,12,'2022-08-29 00:00:00'),('carpetbaby20',87,18,'2022-10-07 00:00:00'),('dinnidania',87,2,'2022-12-11 00:00:00'),('donthatethegeek',87,6,'2022-10-26 00:00:00'),('dorinesez',87,14,'2022-09-05 00:00:00'),('elaine94149937',87,4,'2022-12-24 00:00:00'),('ishqdmaria',87,14,'2022-10-23 00:00:00'),('justinsweitzah',87,15,'2022-12-02 00:00:00'),('kamarul_izzat',87,7,'2022-12-13 00:00:00'),('kay_alexis9',87,5,'2022-11-10 00:00:00'),('lebzaa15',87,15,'2022-10-22 00:00:00'),('passdriving1',87,17,'2022-11-15 00:00:00'),('passdriving1',87,14,'2022-11-21 00:00:00'),('sienk0',87,6,'2022-10-26 00:00:00'),('todayspop',87,5,'2022-10-16 00:00:00'),('truemira',87,2,'2022-09-26 00:00:00'),('tweetivy20',87,10,'2022-12-06 00:00:00'),('cachbbw',88,4,'2022-10-09 00:00:00'),('citieswelike',88,9,'2022-11-29 00:00:00'),('clivemiriam',88,2,'2022-10-01 00:00:00'),('debdarkpetal',88,17,'2022-11-11 00:00:00'),('jacintasv',88,17,'2022-09-12 00:00:00'),('lunaclaveria',88,7,'2022-09-21 00:00:00'),('missophia2015',88,14,'2022-10-13 00:00:00'),('panacheprince',88,15,'2022-11-21 00:00:00'),('radioessexnews',88,12,'2022-09-07 00:00:00'),('stevewillmott',88,17,'2022-09-26 00:00:00'),('thor_long11',88,1,'2022-11-27 00:00:00'),('uchennadumetol2',88,2,'2022-09-22 00:00:00'),('xorands',88,3,'2022-10-25 00:00:00'),('xorands',88,17,'2022-12-24 00:00:00'),('attilasvillains',89,3,'2022-12-01 00:00:00'),('coleroberts95',89,2,'2022-09-15 00:00:00'),('daddy_styles69',89,18,'2022-12-04 00:00:00'),('delazorro',89,5,'2022-09-16 00:00:00'),('delazorro',89,18,'2022-12-07 00:00:00'),('elaine94149937',89,8,'2022-09-05 00:00:00'),('erionveliaj',89,2,'2022-12-09 00:00:00'),('festindecuervo',89,14,'2022-10-15 00:00:00'),('flawlessa_k',89,4,'2022-12-28 00:00:00'),('insandeepldh',89,1,'2022-10-13 00:00:00'),('jimfacette',89,12,'2022-12-19 00:00:00'),('jullietsl',89,10,'2022-12-03 00:00:00'),('kamil36afna',89,2,'2022-12-28 00:00:00'),('karan_mehta10',89,8,'2022-12-21 00:00:00'),('lbgupta7',89,4,'2022-08-31 00:00:00'),('lbgupta7',89,15,'2022-09-26 00:00:00'),('lindzym',89,5,'2022-08-22 00:00:00'),('nwatudaniel',89,16,'2022-10-15 00:00:00'),('nycsportslaw',89,15,'2022-10-17 00:00:00'),('otaku_brony',89,7,'2022-09-22 00:00:00'),('passdriving1',89,13,'2022-12-20 00:00:00'),('piercingheart',89,3,'2022-08-30 00:00:00'),('rzhprmdz',89,1,'2022-11-01 00:00:00'),('sameerkarvemt',89,17,'2022-11-26 00:00:00'),('specialcarpk',89,7,'2022-12-13 00:00:00'),('tweetivy20',89,7,'2022-11-10 00:00:00'),('ajfecko',90,18,'2022-11-06 00:00:00'),('ajfecko',90,6,'2022-11-15 00:00:00'),('babosier',90,3,'2022-12-11 00:00:00'),('brewshirtclub',90,17,'2022-12-21 00:00:00'),('csaraf2',90,10,'2022-08-23 00:00:00'),('fgc_bigbird',90,3,'2022-12-28 00:00:00'),('ganakar',90,9,'2022-12-05 00:00:00'),('justinsweitzah',90,9,'2022-09-05 00:00:00'),('kamil36afna',90,7,'2022-12-07 00:00:00'),('lebzaa15',90,10,'2022-10-21 00:00:00'),('lemickeli',90,16,'2022-09-19 00:00:00'),('lemickeli',90,13,'2022-12-27 00:00:00'),('lmbokoma',90,15,'2022-09-27 00:00:00'),('lunaclaveria',90,15,'2022-12-22 00:00:00'),('panacheprince',90,9,'2022-12-21 00:00:00'),('radiountar',90,3,'2022-09-05 00:00:00'),('radiountar',90,12,'2022-09-09 00:00:00'),('sameerkarvemt',90,5,'2022-10-01 00:00:00'),('uskeus',90,8,'2022-10-20 00:00:00'),('xorands',90,11,'2022-12-15 00:00:00'),('ajfecko',91,18,'2022-11-04 00:00:00'),('allthelovelinds',91,1,'2022-12-06 00:00:00'),('antwiivirus',91,8,'2022-12-14 00:00:00'),('delazorro',91,11,'2022-11-30 00:00:00'),('dgpetrie',91,1,'2022-11-11 00:00:00'),('dinnidania',91,15,'2022-11-10 00:00:00'),('dorinesez',91,8,'2022-09-18 00:00:00'),('erionveliaj',91,13,'2022-11-02 00:00:00'),('giditti',91,6,'2022-09-18 00:00:00'),('hongxiubae',91,3,'2022-10-26 00:00:00'),('ivansidorenko1',91,3,'2022-12-31 00:00:00'),('jeannine_c_',91,1,'2022-12-10 00:00:00'),('sienk0',91,6,'2022-10-13 00:00:00'),('tbpletcher29',91,15,'2022-09-20 00:00:00'),('trinz33',91,17,'2022-12-20 00:00:00'),('aeringuy',92,3,'2022-11-23 00:00:00'),('aeringuy',92,9,'2022-12-06 00:00:00'),('carpetbaby20',92,7,'2022-12-26 00:00:00'),('cnni',92,15,'2022-11-23 00:00:00'),('dgpetrie',92,10,'2022-10-14 00:00:00'),('elasha_farmer',92,6,'2022-11-12 00:00:00'),('jameslfrancis',92,12,'2022-09-28 00:00:00'),('junhyeok_sg',92,4,'2022-10-12 00:00:00'),('kamarul_izzat',92,8,'2022-09-21 00:00:00'),('lynnqunns',92,3,'2022-09-10 00:00:00'),('mcshea1',92,13,'2022-09-22 00:00:00'),('rachithsridhar',92,6,'2022-10-03 00:00:00'),('ryanfelsman',92,8,'2022-12-10 00:00:00'),('specialcarpk',92,8,'2022-11-29 00:00:00'),('trinz33',92,12,'2022-09-05 00:00:00'),('uchennadumetol2',92,14,'2022-08-30 00:00:00'),('whisper5003',92,2,'2022-12-31 00:00:00'),('aleneb25',93,18,'2022-09-12 00:00:00'),('attilasvillains',93,14,'2022-11-30 00:00:00'),('city7tv',93,13,'2022-08-27 00:00:00'),('city7tv',93,11,'2022-10-03 00:00:00'),('elaine94149937',93,5,'2022-11-21 00:00:00'),('hongxiubae',93,17,'2022-11-30 00:00:00'),('i_am_coello',93,11,'2022-11-29 00:00:00'),('jayaa03',93,5,'2022-09-18 00:00:00'),('kevincosna',93,1,'2022-09-06 00:00:00'),('missophia2015',93,9,'2022-10-12 00:00:00'),('mukziey',93,4,'2022-09-26 00:00:00'),('panacheprince',93,7,'2022-12-18 00:00:00'),('ranjan_rkp',93,5,'2022-08-29 00:00:00'),('rsharma027',93,11,'2022-12-22 00:00:00'),('rzhprmdz',93,6,'2022-12-15 00:00:00'),('specialcarpk',93,10,'2022-12-30 00:00:00'),('tu_kwenn',93,3,'2022-09-23 00:00:00'),('unanoviacabrona',93,10,'2022-12-07 00:00:00'),('uskeus',93,12,'2022-10-09 00:00:00'),('uskeus',93,5,'2022-12-13 00:00:00'),('4marizumali',94,13,'2022-09-21 00:00:00'),('ashdrxms',94,18,'2022-08-28 00:00:00'),('carpetbaby20',94,1,'2022-11-21 00:00:00'),('cnni',94,1,'2022-11-01 00:00:00'),('dhiraj1c',94,15,'2022-12-19 00:00:00'),('donthatethegeek',94,5,'2022-09-14 00:00:00'),('elisamarie223',94,13,'2022-09-03 00:00:00'),('fruityknebels',94,3,'2022-10-01 00:00:00'),('ishqdmaria',94,11,'2022-09-10 00:00:00'),('jayaa03',94,15,'2022-10-28 00:00:00'),('karan_mehta10',94,9,'2022-11-01 00:00:00'),('langa_joshua',94,12,'2022-12-13 00:00:00'),('lemickeli',94,5,'2022-10-09 00:00:00'),('ndinlnd',94,10,'2022-10-09 00:00:00'),('shashashabooyea',94,16,'2022-12-07 00:00:00'),('thor_long11',94,15,'2022-10-12 00:00:00'),('triplec1998',94,10,'2022-11-19 00:00:00'),('vinksharma',94,1,'2022-10-17 00:00:00'),('_jazzybelleee',95,15,'2022-11-02 00:00:00'),('115746999eric',95,5,'2022-12-03 00:00:00'),('ajfecko',95,9,'2022-10-13 00:00:00'),('beem_team',95,18,'2022-12-29 00:00:00'),('city7tv',95,17,'2022-10-26 00:00:00'),('dhiraj1c',95,9,'2022-11-14 00:00:00'),('enlifeag',95,5,'2022-11-08 00:00:00'),('insandeepldh',95,15,'2022-10-18 00:00:00'),('jaymiedels',95,17,'2022-11-05 00:00:00'),('kamil36afna',95,15,'2022-08-27 00:00:00'),('kimballbainbri1',95,16,'2022-09-16 00:00:00'),('lebzaa15',95,1,'2022-09-25 00:00:00'),('lorensantiago80',95,13,'2022-09-14 00:00:00'),('mhs95',95,10,'2022-12-10 00:00:00'),('pranayrayv',95,11,'2022-11-19 00:00:00'),('rachithsridhar',95,2,'2022-11-30 00:00:00'),('rachithsridhar',95,15,'2022-12-02 00:00:00'),('radioessexnews',95,13,'2022-08-24 00:00:00'),('radiountar',95,12,'2022-10-26 00:00:00'),('umshahad1986',95,8,'2022-10-11 00:00:00'),('3ishbeirut',96,7,'2022-10-29 00:00:00'),('beem_team',96,2,'2022-09-12 00:00:00'),('giditti',96,12,'2022-12-31 00:00:00'),('hongxiubae',96,11,'2022-11-27 00:00:00'),('ivansidorenko1',96,12,'2022-12-28 00:00:00'),('jwwatson1',96,10,'2022-10-24 00:00:00'),('otaku_brony',96,5,'2022-11-17 00:00:00'),('rachel_dz',96,9,'2022-08-23 00:00:00'),('sameerkarvemt',96,2,'2022-12-04 00:00:00'),('shashashabooyea',96,1,'2022-11-08 00:00:00'),('susansopine',96,11,'2022-11-28 00:00:00'),('the5thoctave',96,16,'2022-11-18 00:00:00'),('thedon___',96,15,'2022-10-16 00:00:00'),('b_reesey',97,5,'2022-12-05 00:00:00'),('babosier',97,8,'2022-09-07 00:00:00'),('dloglesby57',97,18,'2022-10-06 00:00:00'),('gregory_stat',97,3,'2022-10-31 00:00:00'),('gregory_stat',97,3,'2022-11-29 00:00:00'),('justinsweitzah',97,11,'2022-09-16 00:00:00'),('karan_mehta10',97,11,'2022-10-15 00:00:00'),('lorensantiago80',97,15,'2022-09-16 00:00:00'),('lunaclaveria',97,14,'2022-09-03 00:00:00'),('lynnqunns',97,11,'2022-08-26 00:00:00'),('mcshea1',97,2,'2022-10-23 00:00:00'),('mika0562',97,4,'2022-11-17 00:00:00'),('missophia2015',97,7,'2022-11-19 00:00:00'),('nwatudaniel',97,10,'2022-12-09 00:00:00'),('specialcarpk',97,5,'2022-11-25 00:00:00'),('sumairgohar6',97,13,'2022-10-24 00:00:00'),('uchennadumetol2',97,5,'2022-11-18 00:00:00'),('unicmanama',97,9,'2022-09-06 00:00:00'),('wildgees8',97,15,'2022-10-02 00:00:00'),('africanewsaddic',98,10,'2022-10-18 00:00:00'),('charlessanfili1',98,18,'2022-10-06 00:00:00'),('citieswelike',98,16,'2022-12-15 00:00:00'),('delazorro',98,9,'2022-11-18 00:00:00'),('ivansidorenko1',98,4,'2022-12-06 00:00:00'),('kamarul_izzat',98,6,'2022-11-05 00:00:00'),('kkantbajpai',98,2,'2022-08-26 00:00:00'),('marctheshark111',98,5,'2022-10-30 00:00:00'),('megmarie64',98,15,'2022-11-22 00:00:00'),('mika0562',98,2,'2022-10-22 00:00:00'),('mitarank',98,15,'2022-12-16 00:00:00'),('ndinlnd',98,16,'2022-12-19 00:00:00'),('nonaharman',98,13,'2022-08-26 00:00:00'),('samcyliax',98,3,'2022-11-18 00:00:00'),('sircapoako',98,5,'2022-11-14 00:00:00'),('susansopine',98,16,'2022-12-08 00:00:00'),('sydneyaustral_a',98,5,'2022-09-24 00:00:00'),('tbpletcher29',98,9,'2022-08-30 00:00:00'),('triplec1998',98,16,'2022-09-06 00:00:00'),('unicmanama',98,17,'2022-11-18 00:00:00'),('visit_turkey',98,1,'2022-08-28 00:00:00'),('citieswelike',99,3,'2022-09-07 00:00:00'),('coleroberts95',99,7,'2022-11-18 00:00:00'),('dhiraj1c',99,16,'2022-09-23 00:00:00'),('dloglesby57',99,14,'2022-12-14 00:00:00'),('jonathan_joyce',99,6,'2022-08-24 00:00:00'),('justinmanis32',99,3,'2022-08-30 00:00:00'),('lemickeli',99,16,'2022-11-02 00:00:00'),('mikaylareneee',99,15,'2022-12-17 00:00:00'),('missmerl_',99,16,'2022-09-24 00:00:00'),('radioessexnews',99,3,'2022-10-26 00:00:00'),('robinpro84',99,16,'2022-09-09 00:00:00'),('rzhprmdz',99,11,'2022-10-05 00:00:00'),('todayspop',99,11,'2022-10-17 00:00:00'),('unicmanama',99,11,'2022-09-06 00:00:00'),('vinksharma',99,15,'2022-12-04 00:00:00'),('_jazzybelleee',100,11,'2022-09-11 00:00:00'),('abbyantal',100,10,'2022-10-12 00:00:00'),('abdallahcnn',100,5,'2022-12-30 00:00:00'),('ajfecko',100,1,'2022-12-03 00:00:00'),('charlessanfili1',100,16,'2022-10-26 00:00:00'),('cnni',100,10,'2022-10-05 00:00:00'),('emiratesproj',100,12,'2022-09-25 00:00:00'),('kylepettine',100,17,'2022-10-02 00:00:00'),('pauloosting',100,5,'2022-10-15 00:00:00'),('pranayrayv',100,18,'2022-12-11 00:00:00'),('rosegoldgrassi',100,15,'2022-11-02 00:00:00'),('rzhprmdz',100,1,'2022-11-11 00:00:00'),('samcyliax',100,18,'2022-12-28 00:00:00'),('svnaidoo',100,3,'2022-11-20 00:00:00'),('sydneyaustral_a',100,4,'2022-10-11 00:00:00'),('tbpletcher29',100,13,'2022-09-30 00:00:00'),('antwiivirus',101,14,'2022-10-02 00:00:00'),('appspolicyforum',101,6,'2022-12-13 00:00:00'),('attilasvillains',101,17,'2022-11-17 00:00:00'),('coleroberts95',101,7,'2022-09-20 00:00:00'),('dgpetrie',101,13,'2022-09-25 00:00:00'),('dorinesez',101,18,'2022-11-24 00:00:00'),('jacintasv',101,11,'2022-11-24 00:00:00'),('kylepettine',101,17,'2022-11-29 00:00:00'),('lifeofaroman',101,13,'2022-12-20 00:00:00'),('lindzym',101,17,'2022-10-15 00:00:00'),('mika0562',101,5,'2022-12-25 00:00:00'),('origanalist',101,16,'2022-10-18 00:00:00'),('stevewillmott',101,3,'2022-12-29 00:00:00'),('_jazzybelleee',102,9,'2022-09-28 00:00:00'),('citieswelike',102,15,'2022-09-03 00:00:00'),('cnni',102,7,'2022-12-05 00:00:00'),('dorinesez',102,6,'2022-10-01 00:00:00'),('evidenceaid',102,10,'2022-12-29 00:00:00'),('gupta2dec',102,16,'2022-09-26 00:00:00'),('i_am_coello',102,10,'2022-09-29 00:00:00'),('ishqdmaria',102,2,'2022-11-11 00:00:00'),('jwwatson1',102,17,'2022-12-24 00:00:00'),('ku5h4l',102,8,'2022-11-17 00:00:00'),('mika0562',102,13,'2022-10-28 00:00:00'),('mitarank',102,4,'2022-11-20 00:00:00'),('nadjacydney',102,18,'2022-11-14 00:00:00'),('stevewillmott',102,17,'2022-10-16 00:00:00'),('susansopine',102,18,'2022-12-06 00:00:00'),('tbpletcher29',102,18,'2022-09-18 00:00:00'),('tre_pound_713',102,7,'2022-12-27 00:00:00'),('tweetivy20',102,17,'2022-11-21 00:00:00'),('115746999eric',103,9,'2022-11-21 00:00:00'),('abbyantal',103,13,'2022-11-08 00:00:00'),('carpetbaby20',103,17,'2022-10-13 00:00:00'),('dloglesby57',103,17,'2022-12-28 00:00:00'),('futballg',103,14,'2022-11-12 00:00:00'),('hongxiubae',103,2,'2022-10-02 00:00:00'),('kevincosna',103,15,'2022-12-23 00:00:00'),('langa_joshua',103,14,'2022-10-18 00:00:00'),('lianethompson',103,8,'2022-12-18 00:00:00'),('mikaylaaarae',103,5,'2022-11-22 00:00:00'),('nadjacydney',103,4,'2022-11-11 00:00:00'),('sameerkarvemt',103,8,'2022-12-06 00:00:00'),('todayspop',103,1,'2022-08-27 00:00:00'),('vinksharma',103,8,'2022-10-26 00:00:00'),('yousif199531',103,16,'2022-09-06 00:00:00'),('appspolicyforum',104,12,'2022-10-15 00:00:00'),('dgpetrie',104,15,'2022-09-12 00:00:00'),('dhiraj1c',104,7,'2022-08-31 00:00:00'),('filawumobewuju',104,3,'2022-09-13 00:00:00'),('futballg',104,4,'2022-10-22 00:00:00'),('juliaadamson4',104,5,'2022-10-07 00:00:00'),('junhyeok_sg',104,15,'2022-10-23 00:00:00'),('ldydrums',104,14,'2022-09-27 00:00:00'),('lemickeli',104,4,'2022-10-13 00:00:00'),('lemickeli',104,5,'2022-12-05 00:00:00'),('lorensantiago80',104,12,'2022-12-20 00:00:00'),('lunaclaveria',104,11,'2022-08-31 00:00:00'),('ranjan_rkp',104,18,'2022-12-02 00:00:00'),('sakitty_ptx',104,2,'2022-12-11 00:00:00'),('unicmanama',104,12,'2022-10-09 00:00:00'),('whisper5003',104,8,'2022-11-25 00:00:00'),('yaasiros',104,11,'2022-11-18 00:00:00'),('aeringuy',105,9,'2022-12-20 00:00:00'),('allthelovelinds',105,4,'2022-10-21 00:00:00'),('babosier',105,16,'2022-09-15 00:00:00'),('billy_tully_13',105,18,'2022-10-24 00:00:00'),('brewshirtclub',105,1,'2022-11-22 00:00:00'),('csaraf2',105,6,'2022-11-11 00:00:00'),('festindecuervo',105,1,'2022-10-21 00:00:00'),('giditti',105,10,'2022-09-04 00:00:00'),('jwwatson1',105,12,'2022-10-12 00:00:00'),('myrettanababan',105,13,'2022-09-27 00:00:00'),('truemira',105,5,'2022-09-04 00:00:00'),('wildgees8',105,9,'2022-12-18 00:00:00'),('_jazzybelleee',106,14,'2022-11-29 00:00:00'),('_thetonk',106,7,'2022-10-25 00:00:00'),('4marizumali',106,13,'2022-09-05 00:00:00'),('abdallahcnn',106,4,'2022-09-22 00:00:00'),('bravehart60',106,8,'2022-09-05 00:00:00'),('cisn_jack',106,5,'2022-10-04 00:00:00'),('cisn_jack',106,5,'2022-12-23 00:00:00'),('coleroberts95',106,10,'2022-12-21 00:00:00'),('delazorro',106,3,'2022-10-22 00:00:00'),('elaine94149937',106,12,'2022-12-18 00:00:00'),('emiratesproj',106,13,'2022-12-12 00:00:00'),('jayaa03',106,8,'2022-10-30 00:00:00'),('justinmanis32',106,5,'2022-10-14 00:00:00'),('kkantbajpai',106,16,'2022-09-16 00:00:00'),('langa_joshua',106,7,'2022-10-07 00:00:00'),('mason849',106,14,'2022-11-01 00:00:00'),('megmarie64',106,15,'2022-12-02 00:00:00'),('mika0562',106,13,'2022-08-30 00:00:00'),('munsinglaw',106,9,'2022-08-24 00:00:00'),('myrettanababan',106,17,'2022-09-29 00:00:00'),('nirvnoana',106,3,'2022-11-29 00:00:00'),('pcb_cricket_pk',106,13,'2022-09-22 00:00:00'),('sakitty_ptx',106,15,'2022-08-30 00:00:00'),('sydneyaustral_a',106,15,'2022-11-08 00:00:00'),('thor_long11',106,5,'2022-09-10 00:00:00'),('triplec1998',106,6,'2022-09-13 00:00:00'),('uskeus',106,9,'2022-08-31 00:00:00'),('wildgees8',106,15,'2022-08-31 00:00:00'),('_jazzybelleee',107,16,'2022-11-30 00:00:00'),('africanewsaddic',107,11,'2022-10-27 00:00:00'),('city7tv',107,18,'2022-09-26 00:00:00'),('clibustwitch',107,16,'2022-10-04 00:00:00'),('dhiraj1c',107,2,'2022-08-30 00:00:00'),('filawumobewuju',107,3,'2022-10-30 00:00:00'),('flawlessa_k',107,1,'2022-09-16 00:00:00'),('giditti',107,4,'2022-12-27 00:00:00'),('gregory_stat',107,5,'2022-11-02 00:00:00'),('ishqdmaria',107,13,'2022-09-08 00:00:00'),('kay_alexis9',107,4,'2022-08-29 00:00:00'),('lindzym',107,12,'2022-09-30 00:00:00'),('megmarie64',107,10,'2022-11-10 00:00:00'),('mikaylareneee',107,17,'2022-12-01 00:00:00'),('munsinglaw',107,4,'2022-12-08 00:00:00'),('pranayrayv',107,8,'2022-11-02 00:00:00'),('radioessexnews',107,10,'2022-09-09 00:00:00'),('samcyliax',107,9,'2022-10-01 00:00:00'),('sameerkarvemt',107,2,'2022-09-14 00:00:00'),('sameerkarvemt',107,9,'2022-12-25 00:00:00'),('shashashabooyea',107,3,'2022-11-17 00:00:00'),('susansopine',107,6,'2022-10-16 00:00:00'),('svnaidoo',107,7,'2022-12-06 00:00:00'),('sydneyaustral_a',107,10,'2022-08-29 00:00:00'),('sydneyaustral_a',107,9,'2022-10-04 00:00:00'),('thor_long11',107,8,'2022-11-06 00:00:00'),('tre_pound_713',107,13,'2022-12-29 00:00:00'),('tweetivy20',107,14,'2022-11-15 00:00:00'),('unanoviacabrona',107,9,'2022-10-26 00:00:00'),('yaasiros',107,12,'2022-09-02 00:00:00'),('allthelovelinds',108,15,'2022-08-22 00:00:00'),('donthatethegeek',108,15,'2022-10-31 00:00:00'),('fruityknebels',108,14,'2022-10-26 00:00:00'),('futballg',108,6,'2022-12-17 00:00:00'),('ldydrums',108,13,'2022-11-28 00:00:00'),('mikaylareneee',108,16,'2022-12-10 00:00:00'),('mitarank',108,12,'2022-12-08 00:00:00'),('rachel_dz',108,11,'2022-12-06 00:00:00'),('segavox_44114',108,5,'2022-09-01 00:00:00'),('sircapoako',108,4,'2022-08-22 00:00:00'),('sydneyaustral_a',108,2,'2022-08-31 00:00:00'),('thor_long11',108,3,'2022-11-08 00:00:00'),('abbyantal',109,14,'2022-09-21 00:00:00'),('abdallahcnn',109,14,'2022-12-02 00:00:00'),('allthelovelinds',109,12,'2022-11-11 00:00:00'),('appspolicyforum',109,14,'2022-09-12 00:00:00'),('brewshirtclub',109,12,'2022-10-14 00:00:00'),('justinsweitzah',109,7,'2022-12-17 00:00:00'),('nwatudaniel',109,14,'2022-09-23 00:00:00'),('panacheprince',109,15,'2022-08-27 00:00:00'),('panacheprince',109,8,'2022-09-19 00:00:00'),('tweetivy20',109,17,'2022-12-14 00:00:00'),('yousif199531',109,6,'2022-12-20 00:00:00'),('yusufsiyunda',109,12,'2022-12-26 00:00:00'),('billy_tully_13',110,12,'2022-11-26 00:00:00'),('chadsaaiman',110,10,'2022-10-28 00:00:00'),('chattingcat',110,7,'2022-10-16 00:00:00'),('cnni',110,17,'2022-12-15 00:00:00'),('dloglesby57',110,5,'2022-12-17 00:00:00'),('juliazalutskaja',110,10,'2022-11-23 00:00:00'),('kamarul_izzat',110,8,'2022-10-12 00:00:00'),('kerryswainbank',110,7,'2022-10-22 00:00:00'),('lebzaa15',110,4,'2022-09-07 00:00:00'),('mason849',110,18,'2022-11-08 00:00:00'),('ndinlnd',110,9,'2022-09-06 00:00:00'),('nwatudaniel',110,10,'2022-09-12 00:00:00'),('ranjan_rkp',110,1,'2022-12-24 00:00:00'),('tre_pound_713',110,16,'2022-11-24 00:00:00'),('trinz33',110,16,'2022-10-15 00:00:00'),('truemira',110,15,'2022-11-07 00:00:00'),('unicmanama',110,4,'2022-10-27 00:00:00'),('verejohansen',110,8,'2022-08-31 00:00:00'),('yousif199531',110,17,'2022-08-29 00:00:00'),('115746999eric',111,17,'2022-09-18 00:00:00'),('elaine94149937',111,16,'2022-09-25 00:00:00'),('gabiangelsanche',111,5,'2022-12-10 00:00:00'),('jacintasv',111,7,'2022-12-20 00:00:00'),('kamarul_izzat',111,13,'2022-11-04 00:00:00'),('lebzaa15',111,4,'2022-10-09 00:00:00'),('lebzaa15',111,18,'2022-10-13 00:00:00'),('lebzaa15',111,1,'2022-12-19 00:00:00'),('lmbokoma',111,16,'2022-12-31 00:00:00'),('lunaclaveria',111,18,'2022-10-10 00:00:00'),('mika0562',111,8,'2022-11-18 00:00:00'),('rgrabel5',111,1,'2022-12-27 00:00:00'),('rsharma027',111,10,'2022-11-20 00:00:00'),('samcyliax',111,15,'2022-09-27 00:00:00'),('stevewillmott',111,8,'2022-09-24 00:00:00'),('sumairgohar6',111,1,'2022-09-04 00:00:00'),('theangrymick',111,18,'2022-09-15 00:00:00'),('todayspop',111,7,'2022-10-10 00:00:00'),('triplec1998',111,15,'2022-10-22 00:00:00'),('ajfecko',112,14,'2022-09-05 00:00:00'),('citieswelike',112,15,'2022-11-25 00:00:00'),('emiratesproj',112,9,'2022-09-12 00:00:00'),('ganakar',112,9,'2022-11-20 00:00:00'),('jwwatson1',112,13,'2022-09-14 00:00:00'),('kylepettine',112,11,'2022-10-26 00:00:00'),('lbgupta7',112,16,'2022-09-19 00:00:00'),('lbgupta7',112,1,'2022-10-08 00:00:00'),('lmbokoma',112,11,'2022-09-02 00:00:00'),('marctheshark111',112,5,'2022-12-16 00:00:00'),('mukziey',112,4,'2022-12-26 00:00:00'),('nadjacydney',112,14,'2022-09-15 00:00:00'),('rzhprmdz',112,10,'2022-11-05 00:00:00'),('segavox_44114',112,6,'2022-12-07 00:00:00'),('shibwec',112,9,'2022-08-23 00:00:00'),('theangrymick',112,12,'2022-11-15 00:00:00'),('tweetivy20',112,13,'2022-09-23 00:00:00'),('verejohansen',112,17,'2022-10-15 00:00:00');
/*!40000 ALTER TABLE `SlotBookings` ENABLE KEYS */;
UNLOCK TABLES;

--
-- Table structure for table `Slots`
--

DROP TABLE IF EXISTS `Slots`;
/*!40101 SET @saved_cs_client     = @@character_set_client */;
/*!50503 SET character_set_client = utf8mb4 */;
CREATE TABLE `Slots` (
  `slot_id` int NOT NULL AUTO_INCREMENT,
  `start_time` time DEFAULT NULL,
  `end_time` time DEFAULT NULL,
  PRIMARY KEY (`slot_id`)
) ENGINE=InnoDB AUTO_INCREMENT=19 DEFAULT CHARSET=utf8mb4 COLLATE=utf8mb4_0900_ai_ci;
/*!40101 SET character_set_client = @saved_cs_client */;

--
-- Dumping data for table `Slots`
--

LOCK TABLES `Slots` WRITE;
/*!40000 ALTER TABLE `Slots` DISABLE KEYS */;
INSERT INTO `Slots` VALUES (1,'06:00:00','07:00:00'),(2,'07:00:00','08:00:00'),(3,'08:00:00','09:00:00'),(4,'09:00:00','10:00:00'),(5,'10:00:00','11:00:00'),(6,'11:00:00','12:00:00'),(7,'12:00:00','13:00:00'),(8,'13:00:00','14:00:00'),(9,'14:00:00','15:00:00'),(10,'15:00:00','16:00:00'),(11,'16:00:00','17:00:00'),(12,'17:00:00','18:00:00'),(13,'18:00:00','19:00:00'),(14,'19:00:00','20:00:00'),(15,'20:00:00','21:00:00'),(16,'21:00:00','22:00:00'),(17,'22:00:00','23:00:00'),(18,'23:00:00','24:00:00');
/*!40000 ALTER TABLE `Slots` ENABLE KEYS */;
UNLOCK TABLES;

--
-- Table structure for table `Sports`
--

DROP TABLE IF EXISTS `Sports`;
/*!40101 SET @saved_cs_client     = @@character_set_client */;
/*!50503 SET character_set_client = utf8mb4 */;
CREATE TABLE `Sports` (
  `sport_id` int NOT NULL AUTO_INCREMENT,
  `sport_name` varchar(50) DEFAULT NULL,
  PRIMARY KEY (`sport_id`)
) ENGINE=InnoDB AUTO_INCREMENT=13 DEFAULT CHARSET=utf8mb4 COLLATE=utf8mb4_0900_ai_ci;
/*!40101 SET character_set_client = @saved_cs_client */;

--
-- Dumping data for table `Sports`
--

LOCK TABLES `Sports` WRITE;
/*!40000 ALTER TABLE `Sports` DISABLE KEYS */;
INSERT INTO `Sports` VALUES (1,'Badminton'),(2,'Basketball'),(3,'Rock Climbing'),(4,'Swimming'),(5,'Dance'),(6,'Karate'),(7,'Aerobics'),(8,'Squash'),(9,'Racquetball'),(10,'Table Tennis'),(11,'Other'),(12,'Volleyball');
/*!40000 ALTER TABLE `Sports` ENABLE KEYS */;
UNLOCK TABLES;

--
-- Table structure for table `Users`
--

DROP TABLE IF EXISTS `Users`;
/*!40101 SET @saved_cs_client     = @@character_set_client */;
/*!50503 SET character_set_client = utf8mb4 */;
CREATE TABLE `Users` (
  `net_id` varchar(30) NOT NULL,
  `name` varchar(50) NOT NULL,
  `contact_number` varchar(10) NOT NULL,
  `email_id` varchar(50) NOT NULL,
  `date_of_birth` date DEFAULT NULL,
  `role_id` int DEFAULT NULL,
  PRIMARY KEY (`net_id`),
  KEY `role_id` (`role_id`),
  CONSTRAINT `users_ibfk_1` FOREIGN KEY (`role_id`) REFERENCES `Roles` (`role_id`) ON DELETE CASCADE ON UPDATE CASCADE
) ENGINE=InnoDB DEFAULT CHARSET=utf8mb4 COLLATE=utf8mb4_0900_ai_ci;
/*!40101 SET character_set_client = @saved_cs_client */;

--
-- Dumping data for table `Users`
--

LOCK TABLES `Users` WRITE;
/*!40000 ALTER TABLE `Users` DISABLE KEYS */;
INSERT INTO `Users` VALUES ('_donlbr','Pedro','3906402180','_donlbr@illinois.edu','1999-10-07',1),('_eggcrown','Eyinade L. Abimbola','4160945999','_eggcrown@illinois.edu','1991-12-17',1),('_greenwings','Greenwings','8499361698','_greenwings@illinois.edu','1993-05-03',1),('_jazzybelleee','Jaz','7089466169','_jazzybelleee@illinois.edu','1996-10-25',1),('_johnny215','Johnny','8760779303','_johnny215@illinois.edu','1998-05-14',1),('_kushoo1','kush.','3936909924','_kushoo1@illinois.edu','1993-09-08',1),('_thetonk','The Tonk','2175353481','_thetonk@illinois.edu','1997-12-02',1),('_zeets','Zito','7767870819','_zeets@illinois.edu','2001-08-28',1),('100thone','Chill','4732175434','100thone@illinois.edu','1998-02-21',1),('10coleman','Billy Coleman','8733350345','10coleman@illinois.edu','1999-08-06',1),('115746999eric','ERIC','6340642385','115746999eric@illinois.edu','1993-09-01',1),('123infographics','#infographic','6614227459','123infographics@illinois.edu','1994-05-01',1),('3ishbeirut','3ishbeirut','3330656739','3ishbeirut@illinois.edu','2002-04-09',1),('3malcon','contas meyer','6900548277','3malcon@illinois.edu','2000-11-01',1),('3novicesengland','3NovicesUK','7650258706','3novicesengland@illinois.edu','1995-11-21',1),('4marizumali','Ka- M.U.(MarizUmali)','2754653361','4marizumali@illinois.edu','1990-02-04',1),('4omgnewsafrica','Mori','7083529162','4omgnewsafrica@illinois.edu','1995-04-29',1),('4travelproducts','Ron Pradinuk','5234759652','4travelproducts@illinois.edu','1998-10-19',1),('7tstarkey','Troy Starkey','7238534706','7tstarkey@illinois.edu','2003-10-19',1),('abbyantal','Abby Antal','3302185390','abbyantal@illinois.edu','1996-12-30',1),('abdallahcnn','Khalil Abdallah','5340582502','abdallahcnn@illinois.edu','2003-05-24',1),('ablho','Ablho','6205194293','ablho@illinois.edu','2000-09-11',1),('accessagric','Access Agriculture','7554924146','accessagric@illinois.edu','1993-10-03',1),('adenahollington','Adena Hollington','8272120541','adenahollington@illinois.edu','2004-06-22',1),('adorablenz','Alexis Johnson','5323944771','adorablenz@illinois.edu','2001-03-01',1),('adri16','adri16','2789336035','adri16@illinois.edu','2000-05-13',1),('adriankao','Adrian Kao','8917048071','adriankao@illinois.edu','2003-11-26',1),('aeringuy','Aerin Guy','6512711707','aeringuy@illinois.edu','1991-01-13',1),('aescartin','Abel Escartin Molina','4133253220','aescartin@illinois.edu','1992-03-08',1),('africanewsaddic','John','8813190550','africanewsaddic@illinois.edu','2001-08-13',1),('afrikaaman','afrikaaman','2068608122','afrikaaman@illinois.edu','1994-05-01',1),('afropresencia','AfroPresencia.com','3474768447','afropresencia@illinois.edu','1997-01-24',1),('ahmdkhoirullah','Ahmad Khoirullah','8824285969','ahmdkhoirullah@illinois.edu','1991-09-30',1),('aidaadrianaa_','Adriana','5232906648','aidaadrianaa_@illinois.edu','1996-03-18',1),('aii_haider','Ali Haider','6308745275','aii_haider@illinois.edu','1991-06-17',1),('airydairy','berny','7482040212','airydairy@illinois.edu','2000-11-07',1),('ajfecko','Andy Fecko','8242361099','ajfecko@illinois.edu','2003-06-30',1),('ajlisteningpost','Listening Post','5669229853','ajlisteningpost@illinois.edu','2004-09-21',1),('akanev716','A K A N E .','8840720797','akanev716@illinois.edu','1993-07-16',1),('alayna_powers','alayna','2570509502','alayna_powers@illinois.edu','1992-05-10',1),('aleneb25','Al Eneb E. Limalima','7932448977','aleneb25@illinois.edu','1991-11-15',1),('alexandregarel','saigonsnaps','6058348880','alexandregarel@illinois.edu','2002-10-18',1),('alexsardar','Alex Sardar','6996991407','alexsardar@illinois.edu','1992-08-05',1),('aliens68','Mikael Ahl','8796786892','aliens68@illinois.edu','1998-04-14',1),('all_jobs_','All Jobs','5927454315','all_jobs_@illinois.edu','1992-05-05',1),('all_thats_left_','All Thats Left','2178804934','all_thats_left_@illinois.edu','1997-08-23',1),('allthelovelinds','lindsey','5444198015','allthelovelinds@illinois.edu','2002-12-21',1),('alokshrivastav0','Alok Shrivastava','4182673955','alokshrivastav0@illinois.edu','1993-04-01',1),('alondraweng','weng@cham','2988555668','alondraweng@illinois.edu','1995-10-24',1),('amarieroldan','Alyssa Roldan','5442893632','amarieroldan@illinois.edu','2003-04-14',1),('amendolaart','Dominique amendola','8197017920','amendolaart@illinois.edu','1998-10-08',1),('aminzulkarnain','Roman Reigns','4701691534','aminzulkarnain@illinois.edu','1991-05-27',1),('amirkhxn','apek','4399451029','amirkhxn@illinois.edu','1996-11-04',1),('analogist','Emily Analog','4836968222','analogist@illinois.edu','2000-02-12',1),('andariasbetteng','Andarias B. Pabuaran','3815960549','andariasbetteng@illinois.edu','2001-01-12',1),('andersenhotel','Andersen Hotel CPH','3706177199','andersenhotel@illinois.edu','2004-02-25',1),('andilemlondo','Andile Mlondo','5155624076','andilemlondo@illinois.edu','1991-08-23',1),('andpiacentinig','Andrea Piacentini','6296767372','andpiacentinig@illinois.edu','1992-02-05',1),('andrewlalex','Andrew Alexander','8788815292','andrewlalex@illinois.edu','2005-10-11',1),('andrewroquiz','Andrew Roquiz','3057067672','andrewroquiz@illinois.edu','1997-08-13',1),('aniwahyagroup','(C)David','8304887143','aniwahyagroup@illinois.edu','2000-10-16',1),('anonymtipster','Anonym Tipster','8011412463','anonymtipster@illinois.edu','1996-02-03',1),('anthonyoliva2','anthony oliva','7977337054','anthonyoliva2@illinois.edu','1993-07-23',1),('antlerbunny','Chelsea','8685051515','antlerbunny@illinois.edu','1997-09-09',1),('antwiivirus','TROUBLE MAKER','8915221538','antwiivirus@illinois.edu','2001-06-28',1),('anyagauld','Anya','3682156093','anyagauld@illinois.edu','1997-12-06',1),('aotto1968_2','Andreas Otto','5353892646','aotto1968_2@illinois.edu','1999-05-22',1),('appspolicyforum','Policy Forum','5957637435','appspolicyforum@illinois.edu','2002-01-16',1),('areptesa','Alexander','5368142447','areptesa@illinois.edu','2001-12-07',1),('arjujumand','Trouble','2494576427','arjujumand@illinois.edu','2004-08-06',1),('arjungautam8888','amit','6895276331','arjungautam8888@illinois.edu','1997-04-17',1),('armada207','Scott Mike','6038577822','armada207@illinois.edu','1993-05-07',1),('arshya','Arshya Lakshman','6567798331','arshya@illinois.edu','2001-05-12',1),('artofevan','Art of eVan','7301553850','artofevan@illinois.edu','2001-11-13',1),('ashdrxms','ash xx','2606231241','ashdrxms@illinois.edu','1991-02-04',1),('ashlyjbrooks','Ashly J Brooks','4592049922','ashlyjbrooks@illinois.edu','1993-02-27',1),('asiafilipinas','Asia Filipinas','3950541763','asiafilipinas@illinois.edu','1999-04-26',1),('asian_cumdumps','Asian CumDumps','3400143479','asian_cumdumps@illinois.edu','2003-11-30',1),('atifshah','Atif Ali Shah','4549268560','atifshah@illinois.edu','1993-11-14',1),('atirakhalisha','syerg','8976476138','atirakhalisha@illinois.edu','2005-01-11',1),('attilasvillains','jess&jess','8317827766','attilasvillains@illinois.edu','1992-03-04',1),('aufreebets','Free Bets Australia','8276315026','aufreebets@illinois.edu','1990-08-17',1),('aviram_loggie','Aviram Loggie','5766103443','aviram_loggie@illinois.edu','1996-08-02',1),('aye_rain','Lex Luthor Vandross','7579185805','aye_rain@illinois.edu','1990-08-03',1),('az_4_trump','AZ4Trump','6829802941','az_4_trump@illinois.edu','2005-03-13',1),('azizi_mustakim','Jiji Mustakim','3788655059','azizi_mustakim@illinois.edu','1994-01-26',1),('azzsam','sam','3432762793','azzsam@illinois.edu','1992-04-23',1),('b_reesey','Brian Reese','5364459057','b_reesey@illinois.edu','1990-07-20',1),('b0_s8_hx','NEW BOOK','4532834033','b0_s8_hx@illinois.edu','2002-08-22',1),('babesexpert','The Babes Expert','6430909114','babesexpert@illinois.edu','1996-07-19',1),('babosier','Lamotte Trompas','4816169111','babosier@illinois.edu','1995-12-09',1),('bahamasfilmgirl','Moya','6800209198','bahamasfilmgirl@illinois.edu','2003-04-26',1),('baldryvera','Vera Baldry','4240088359','baldryvera@illinois.edu','2005-05-16',1),('balram_insan','balram insan','2648919542','balram_insan@illinois.edu','1995-09-27',1),('barbroe','Barbara Roe','7680228774','barbroe@illinois.edu','1999-12-29',1),('barcadenigeria','FCBarcelona Nigeria','3358966679','barcadenigeria@illinois.edu','1997-06-19',1),('barcrusherboats','Bar Crusher Boats','6954678913','barcrusherboats@illinois.edu','1993-08-28',1),('barikris','Kristina','8822890204','barikris@illinois.edu','2000-06-21',1),('barishitay','Baris Hitay','2198467195','barishitay@illinois.edu','1992-09-05',1),('basedblob20666','JUWANNA MAN','4529724819','basedblob20666@illinois.edu','2001-01-21',1),('bates512','Bates','6892875579','bates512@illinois.edu','2003-08-09',1),('bazyjonesy','Baz Jones','4513195907','bazyjonesy@illinois.edu','1996-02-03',1),('bbingl','das Bild','7766425443','bbingl@illinois.edu','1994-01-04',1),('bcakoparati208','BC Ako','8342628205','bcakoparati208@illinois.edu','2002-03-03',1),('beem_team','Boricua en El Medio','4985815927','beem_team@illinois.edu','1991-03-02',1),('beingvishal11','#salman ka fan#','4287222288','beingvishal11@illinois.edu','2000-10-02',1),('belairof23','Quez','4192795445','belairof23@illinois.edu','1997-06-25',1),('bellohamzaa','Almajiri Revolution','8002059153','bellohamzaa@illinois.edu','1990-06-21',1),('benjamminmusic','Benjamin Jancewicz','7410217211','benjamminmusic@illinois.edu','1993-06-23',1),('berberkenan','Berber Kenan','3312285716','berberkenan@illinois.edu','1996-02-07',1),('bestgrierr','amy','3449574051','bestgrierr@illinois.edu','1992-10-19',1),('bfjimmy','Jimmy Walsh','4240917364','bfjimmy@illinois.edu','1996-02-21',1),('biafra_man','Free Nnamdi Kanu.','3757083464','biafra_man@illinois.edu','1997-02-22',1),('bialicagua1972','Vanessa Jacobson','3005959323','bialicagua1972@illinois.edu','2005-01-02',1),('bigbosssayvo','MostKnownUnknown','2056932112','bigbosssayvo@illinois.edu','2002-01-13',1),('bilbulbabe','Nel Matheson','4328541830','bilbulbabe@illinois.edu','1990-07-11',1),('billsvoice','Bill Rogers','5315053503','billsvoice@illinois.edu','2003-02-17',1),('billy_tully_13','Billy Tully','7492879380','billy_tully_13@illinois.edu','2001-12-01',1),('billyrachel1','BillyRachel','2919437427','billyrachel1@illinois.edu','2003-04-29',1),('binnsy_46','Mark','4681488488','binnsy_46@illinois.edu','1995-11-23',1),('bittersweet_nic','Nikola','8507790711','bittersweet_nic@illinois.edu','2001-10-23',1),('blancamiosi','Blanca Miosi','4580467616','blancamiosi@illinois.edu','1991-12-26',1),('blemmie','julie vanopdenbosch','6168010013','blemmie@illinois.edu','1999-03-06',1),('blessmadulid','Bless Madulid','6919418285','blessmadulid@illinois.edu','2005-03-19',1),('bobgiantz','Ares_lament','3292962777','bobgiantz@illinois.edu','1990-04-03',1),('bobin_james','Bobin James','2786109859','bobin_james@illinois.edu','1999-05-28',1),('bobtphly444','BobT','3801719994','bobtphly444@illinois.edu','2004-10-21',1),('boobsandprada','boobs and prada','7466296729','boobsandprada@illinois.edu','1996-09-25',1),('bradyhernandezx','Brady Hernandez','3286474578','bradyhernandezx@illinois.edu','2002-07-15',1),('brandonb1025','Brandon Bustamante','6258837328','brandonb1025@illinois.edu','1992-03-18',1),('bravehart60','judye','2550207565','bravehart60@illinois.edu','2001-07-09',1),('brendagoodson','brenda goodson','3958207485','brendagoodson@illinois.edu','1999-06-17',1),('brenthofmann1','brent hofmann','8452773511','brenthofmann1@illinois.edu','2001-02-07',1),('brewshirtclub','TappedLife','2591079160','brewshirtclub@illinois.edu','2003-08-23',1),('briannamathers','RICH HOMIE BRI','4751466306','briannamathers@illinois.edu','1997-10-18',1),('britabrookes','Brita Vija Brookes','7388040609','britabrookes@illinois.edu','1998-06-03',1),('britt_2legit','Brittany Ice Cold','7911359668','britt_2legit@illinois.edu','2001-06-25',1),('brookeinbows','Emmi Sproles','6609320632','brookeinbows@illinois.edu','1990-05-17',1),('browergrischa','Grischa Brower-R.','4317620638','browergrischa@illinois.edu','1992-03-24',1),('bryan_cleary','Bryan Cleary','4740712692','bryan_cleary@illinois.edu','1996-06-18',1),('bubbleboi_logan','Splenda Daddy','8017263112','bubbleboi_logan@illinois.edu','2005-09-29',1),('bubzi_boi','Black Clark Kent','4764659998','bubzi_boi@illinois.edu','2004-03-23',1),('budakkool','AthirahSyammimie','2963261152','budakkool@illinois.edu','1990-10-28',1),('businesssharer','BusinessSharer','7064147278','businesssharer@illinois.edu','1999-04-30',1),('bwayne','Bruce Wayne','8888888888','bwayne@illinois.edu','1986-09-17',3),('c_ajmani','Curtis Ajmani','3242099304','c_ajmani@illinois.edu','1992-02-15',1),('cachbbw','trubbw','2252604553','cachbbw@illinois.edu','1997-04-11',1),('cain_sanchez','Cain Sanchez','7736976586','cain_sanchez@illinois.edu','2004-03-07',1),('calley_c','Calley','4263668107','calley_c@illinois.edu','2003-01-19',1),('callme_tp','Kappa Mikey','3817271851','callme_tp@illinois.edu','1992-06-06',1),('callmegaia','gaia.','8819266314','callmegaia@illinois.edu','1993-02-07',1),('candy_rheanna','Cza Rina','2370459169','candy_rheanna@illinois.edu','1994-06-11',1),('canenv','N V #22','5952615251','canenv@illinois.edu','1991-05-29',1),('cardiffjournal','cardiffjournal','8874952195','cardiffjournal@illinois.edu','1997-12-07',1),('careerjett','careerjett.com','3719095844','careerjett@illinois.edu','2004-05-20',1),('carimachet','cari machet','4713902780','carimachet@illinois.edu','2003-05-23',1),('carltinkjr','tink','4799986706','carltinkjr@illinois.edu','1994-02-04',1),('carolscho','carol','6940488177','carolscho@illinois.edu','1999-03-14',1),('carolyncbarthel','Carolyn C. Barthel','7307782633','carolyncbarthel@illinois.edu','1990-09-20',1),('carpetbaby20','(Official) JAYLASELL','4504421508','carpetbaby20@illinois.edu','1996-10-09',1),('casz33','Seth Caswell','6760865911','casz33@illinois.edu','1994-08-04',1),('causewerave','Let\'s Rave','5144756405','causewerave@illinois.edu','1991-04-13',1),('cayfacagou530','Allen Justine','7031105076','cayfacagou530@illinois.edu','1991-12-10',1),('cb___gnv','sovogue','7735846578','cb___gnv@illinois.edu','2000-10-02',1),('cbts1','Cherry Tattoo Supply','5406012222','cbts1@illinois.edu','1990-03-15',1),('ccsalsberg','ccsalsberg','5065327934','ccsalsberg@illinois.edu','2005-10-09',1),('cerita_ayah','IG : Cerita_ayah','6707690260','cerita_ayah@illinois.edu','2000-03-17',1),('chadsaaiman','Chad Saaiman','8583662592','chadsaaiman@illinois.edu','2003-03-25',1),('charlessanfili1','charles san filippo','5486660483','charlessanfili1@illinois.edu','1992-09-05',1),('charlierichmond','Charlie Richmond','5990267378','charlierichmond@illinois.edu','1999-05-09',1),('charlottesogn','Charlotte Batson','6741208318','charlottesogn@illinois.edu','1995-04-08',1),('charmscatvlc','Catalonia Valencia','4874885595','charmscatvlc@illinois.edu','2002-08-13',1),('chattingcat','Sassidy','3712443609','chattingcat@illinois.edu','1994-07-26',1),('chazgunningham','Charlie Gunningham','7064653116','chazgunningham@illinois.edu','1996-03-25',1),('checkpointrnz','RNZ Checkpoint','6437934807','checkpointrnz@illinois.edu','1992-09-07',1),('chinadailyeu','China Daily Europe','4199961953','chinadailyeu@illinois.edu','1991-03-17',1),('chrisogilviesnr','fixMSM Chris Ogilvie','8865975432','chrisogilviesnr@illinois.edu','1995-12-27',1),('chrisralph_','Demascus Bambridge','7721155754','chrisralph_@illinois.edu','1999-12-08',1),('christiana_20','Krissi Montemayor','8996070130','christiana_20@illinois.edu','2000-05-30',1),('christo37303834','Christopher404','6061011346','christo37303834@illinois.edu','1995-03-14',1),('cikchyda','shahidah','3567405437','cikchyda@illinois.edu','2000-07-23',1),('cinbenfenati','Cintia Benfenati','4779634295','cinbenfenati@illinois.edu','1991-01-07',1),('cisn_jack','Jacqueline  Sweeney','3636168581','cisn_jack@illinois.edu','1995-03-20',1),('citieswelike','My Liveable City','6973077261','citieswelike@illinois.edu','2003-10-02',1),('city7tv','City 7TV','5389044935','city7tv@illinois.edu','1998-08-28',1),('cityogini','ruchi kapoor','8082336285','cityogini@illinois.edu','1997-02-07',1),('clarissapedrera','Clarissa Pedrera','3704225029','clarissapedrera@illinois.edu','2004-03-26',1),('claytonhenders2','GH','3650340758','claytonhenders2@illinois.edu','1994-11-23',1),('clibustwitch','Clibus','2460643116','clibustwitch@illinois.edu','1995-01-19',1),('clivemiriam','Miriam Clive','3641422216','clivemiriam@illinois.edu','2004-09-25',1),('cnjbromo','cnjbromo','7876617785','cnjbromo@illinois.edu','2003-05-23',1),('cnmcphee','Nicole McPhee','4647148888','cnmcphee@illinois.edu','2005-08-29',1),('cnni','CNN International','7571655589','cnni@illinois.edu','2001-06-26',1),('coachseahorn','Daniel Seahorn','7357863608','coachseahorn@illinois.edu','1994-07-09',1),('codeandcommand','CodeAndCommand','6037076448','codeandcommand@illinois.edu','2000-04-17',1),('coleroberts95','Coleyyyy','7264785103','coleroberts95@illinois.edu','2003-01-28',1),('coodyjl','Jeff Coody','3764351082','coodyjl@illinois.edu','1994-03-02',1),('cooking_r','The Taste of Aussie','2745456651','cooking_r@illinois.edu','1990-10-23',1),('cooper_marcus1','COOPER MARCUS','3613921828','cooper_marcus1@illinois.edu','1994-03-03',1),('corporatedigest','Corporate Digest','3385354994','corporatedigest@illinois.edu','2001-09-24',1),('corptropolis','CorpTropolis','6826541271','corptropolis@illinois.edu','2005-03-27',1),('crankedswift','cheyenne','2489985031','crankedswift@illinois.edu','2003-06-21',1),('crimbosocks','Kenny McDowall','7480308646','crimbosocks@illinois.edu','1998-10-30',1),('csabrad','Cindy Bradshaw','4971466078','csabrad@illinois.edu','1998-12-17',1),('csaraf2','Chinmay Saraf','4479020312','csaraf2@illinois.edu','1998-09-26',2),('cullenzawacki69','busta_grymes','7759044297','cullenzawacki69@illinois.edu','1991-04-23',1),('cuteirwin94','erinnnn','2854878827','cuteirwin94@illinois.edu','1996-05-21',1),('cuxehyviwoc','Badar Epine','3285819877','cuxehyviwoc@illinois.edu','2001-05-07',1),('cxtieharold','fweaky','7632114951','cxtieharold@illinois.edu','2001-05-04',1),('cynthiajdavenp3','Wendy R. Brown','2301868211','cynthiajdavenp3@illinois.edu','1991-09-07',1),('daddy_styles69','Harry\'s princess','2478849318','daddy_styles69@illinois.edu','1990-06-01',1),('dalethibodeaux','Dale thibodeaux','3439011749','dalethibodeaux@illinois.edu','1995-08-05',1),('daneshhr','Danesh R','7026216586','daneshhr@illinois.edu','1991-05-24',1),('danielairesking','Daniel Aires','6581092324','danielairesking@illinois.edu','1997-04-18',1),('danielasepa','Daniela Separovich','3393132970','danielasepa@illinois.edu','2001-12-29',1),('danmc2','Dan McGinn','7088628407','danmc2@illinois.edu','1990-11-18',1),('dar_dar470161','daniyal dar','4225860402','dar_dar470161@illinois.edu','1998-03-06',1),('datta_kugwe','Dattathreya Kugwe','5983725943','datta_kugwe@illinois.edu','2005-09-29',1),('dayanabaharin_','nd','7148855204','dayanabaharin_@illinois.edu','1995-02-12',1),('daytanszekely1','Young D','7841216333','daytanszekely1@illinois.edu','1992-06-27',1),('dbone_69','lord bone','4858036779','dbone_69@illinois.edu','1996-04-15',1),('dbs_78','dbs78','2266229659','dbs_78@illinois.edu','1997-02-14',1),('debdarkpetal','Deborah Tomasi','8327833069','debdarkpetal@illinois.edu','1994-11-08',1),('decaminada81','Hands','3521545247','decaminada81@illinois.edu','2005-07-24',1),('deejayprod','TG','5420564308','deejayprod@illinois.edu','1993-01-04',1),('delazorro','Cross n Die','8580537734','delazorro@illinois.edu','1996-09-25',1),('deltonaweather','Deltona Weather','5049020576','deltonaweather@illinois.edu','1995-11-16',1),('dennispeckmq','Dennis Peck','3096339914','dennispeckmq@illinois.edu','1996-12-06',1),('dens_ethan','Dennis Ethan','6142716176','dens_ethan@illinois.edu','1993-05-19',1),('dentistazah','Azah Muhd','7862257213','dentistazah@illinois.edu','1995-05-17',1),('deshbhakt77','Voice of Existence','5348398209','deshbhakt77@illinois.edu','2004-05-14',1),('destlnatlons_','World Destinations','3330844189','destlnatlons_@illinois.edu','1990-09-21',1),('devincallahan10','D. Callahan','2275180204','devincallahan10@illinois.edu','1995-10-30',1),('dgpetrie','Dan Petrie','7828544315','dgpetrie@illinois.edu','1993-05-05',1),('dhikesadis3','dhikeringer lainnya3','8563436887','dhikesadis3@illinois.edu','1995-10-12',1),('dhiraj1c','Dhiraj singh','4369427608','dhiraj1c@illinois.edu','2005-08-14',1),('didalondon','Didar Ahmed','4747036070','didalondon@illinois.edu','2003-03-08',1),('dikenokikucu','Shilo Dalwood','4765423294','dikenokikucu@illinois.edu','1996-09-26',1),('dilahweirdo','dilaaahb','7935171350','dilahweirdo@illinois.edu','1990-11-21',1),('dinaafitriana','Dina!!!','2247251018','dinaafitriana@illinois.edu','1997-01-06',1),('dinnidania','iBelieve','5650132916','dinnidania@illinois.edu','2003-02-10',1),('dittib_pcdm','itsvulture_season','8879558328','dittib_pcdm@illinois.edu','2002-11-30',1),('divasupermum','divasupermum','2773295314','divasupermum@illinois.edu','1994-03-05',1),('dividendnew24x7','Dividend News','7647402125','dividendnew24x7@illinois.edu','2001-02-01',1),('djdas','Dj Das','5896858093','djdas@illinois.edu','2002-11-04',1),('dlabrie','DLabrie','2487741022','dlabrie@illinois.edu','2005-10-05',1),('dloglesby57','Donna L. Oglesby','6952977787','dloglesby57@illinois.edu','2004-07-15',1),('dlphilippines','PhilippinesNewsLinks','5672970307','dlphilippines@illinois.edu','2001-06-17',1),('dodwinchester','Dod','5014600113','dodwinchester@illinois.edu','2005-07-11',1),('donnenhoffer1','Donnenhoffer','4670098689','donnenhoffer1@illinois.edu','1999-12-15',1),('donraul100','The Last Don','6292997934','donraul100@illinois.edu','1997-01-03',1),('donthatethegeek','Don\'t Hate the Geek','6565912494','donthatethegeek@illinois.edu','1996-12-07',1),('dootsie20','Dootsie Peltola','8875586889','dootsie20@illinois.edu','1991-09-29',1),('dorinesez','Dorine Mcdow','4190987912','dorinesez@illinois.edu','1996-05-08',1),('dowoonph','DowoonPH','8456860707','dowoonph@illinois.edu','1999-05-05',1),('dr_climate','DrClimate.com','3448808121','dr_climate@illinois.edu','1997-12-10',1),('droncoped','droncoped','7574963285','droncoped@illinois.edu','2003-01-07',1),('drvdev','Van de V','7606043297','drvdev@illinois.edu','2005-12-11',1),('dsweather','DS-Weather','4066354535','dsweather@illinois.edu','1991-11-21',1),('duke_stmamas','Duke St. Mamas','2401558082','duke_stmamas@illinois.edu','2003-03-03',1),('durhambacker','DurhamBacker','3474662135','durhambacker@illinois.edu','1997-03-01',1),('duthel','University Publisher','3452146635','duthel@illinois.edu','1996-07-16',1),('dutodesitat','Yaakovina Faunch','3341368608','dutodesitat@illinois.edu','2000-03-13',1),('dytfnpa','Mark Brosso Dytfnpa','6110791873','dytfnpa@illinois.edu','2002-04-07',1),('ebruforyou','Unutma','2123545091','ebruforyou@illinois.edu','1993-09-05',1),('echasera','eVe CHaSe','7221312165','echasera@illinois.edu','1993-03-03',1),('eezzyy01','Kuro','4602506049','eezzyy01@illinois.edu','1998-08-18',1),('ehismusa1','Ehis','2984884060','ehismusa1@illinois.edu','1993-03-29',1),('eissaahmed4','Ahmed','3500537927','eissaahmed4@illinois.edu','2000-09-21',1),('ekoonibajeooo','Lagosian','7544312017','ekoonibajeooo@illinois.edu','1994-05-06',1),('elaine94149937','Elaine','4697014412','elaine94149937@illinois.edu','1997-02-24',1),('elasha_farmer','sphs 18\'','7185942849','elasha_farmer@illinois.edu','1999-01-23',1),('eli5_reddit','Reddit ELI5','7269981676','eli5_reddit@illinois.edu','2005-07-02',1),('elisamarie223','EP','7770572484','elisamarie223@illinois.edu','1992-10-10',1),('eme_alb','Mercedes Albelda','5364633560','eme_alb@illinois.edu','2003-12-15',1),('emiratesproj','Emirates','4602651979','emiratesproj@illinois.edu','2001-11-04',1),('emmabisco','Emmabisco','2253900594','emmabisco@illinois.edu','1996-08-19',1),('emotional__man','Michelle BROWN','7288418847','emotional__man@illinois.edu','2001-02-15',1),('endunvyrantinie','Endun Vyrantinie.','6349503204','endunvyrantinie@illinois.edu','2000-04-02',1),('enlifeag','Enlife AG','3154099215','enlifeag@illinois.edu','2005-06-24',1),('enolamelyk','Kyle Malone','4122107437','enolamelyk@illinois.edu','2003-08-06',1),('enshtein_albert','Albert Enshtein','5750869127','enshtein_albert@illinois.edu','2003-05-08',1),('enuguhotspot','enuguhotspot','7822625461','enuguhotspot@illinois.edu','1998-09-28',1),('environmenlaw','Environmen Law','5478690850','environmenlaw@illinois.edu','1999-02-05',1),('epilepsysa','Epilepsy SA','8910946873','epilepsysa@illinois.edu','1994-01-08',1),('erian_a','Andrea Mazzocchetti','2822631903','erian_a@illinois.edu','1994-10-07',1),('eridoublec','ericc','8730825325','eridoublec@illinois.edu','1996-12-13',1),('erinyoung24','erin young','6034593028','erinyoung24@illinois.edu','1997-10-09',1),('erionveliaj','Erion Veliaj','3801482764','erionveliaj@illinois.edu','1997-11-04',1),('eromoegbejule','E. Egbejule','3260793548','eromoegbejule@illinois.edu','1995-08-21',1),('estherfsedman','Esther Flores Sedman','8032618928','estherfsedman@illinois.edu','1999-04-06',1),('eth4n77','Ethan','7494866528','eth4n77@illinois.edu','2000-08-12',1),('ethankell11','Ethan','2584624833','ethankell11@illinois.edu','1991-05-12',1),('etnowlive','ET NOW','4205194140','etnowlive@illinois.edu','2004-04-09',1),('evidenceaid','Evidence Aid','6089837932','evidenceaid@illinois.edu','1990-03-05',1),('evs_26','Zack Evans','2028337010','evs_26@illinois.edu','2001-10-28',1),('evstatic11','EV','3730812077','evstatic11@illinois.edu','1998-01-19',1),('ewancollinsee','Ewan Collins','2208033379','ewancollinsee@illinois.edu','2001-03-02',1),('eyesore42','John Loding','8813291847','eyesore42@illinois.edu','2003-11-07',1),('fakesbumtie','D.D. Watson','8807005003','fakesbumtie@illinois.edu','2004-01-09',1),('fancycomedy','Fancy Comedy','4733203039','fancycomedy@illinois.edu','2005-08-01',1),('faraa_ayien','Ain','7824566318','faraa_ayien@illinois.edu','2003-10-09',1),('fatimalexa__','Fatima caldera','7251673634','fatimalexa__@illinois.edu','2000-03-23',1),('fauxfleur','fauxfleur','8287021131','fauxfleur@illinois.edu','2002-11-05',1),('fbsdv','Standish de Vries','5961771737','fbsdv@illinois.edu','2003-12-01',1),('fccminneapolsi','FirstChristianMpls','5372786623','fccminneapolsi@illinois.edu','2001-09-23',1),('fckboyash_','Darcy','6730400963','fckboyash_@illinois.edu','1991-12-27',1),('feelitae','Vote for SHINee','7965234866','feelitae@illinois.edu','1999-07-18',1),('ferialhaffajee','Ferial Haffajee','4199232686','ferialhaffajee@illinois.edu','1991-06-06',1),('ferrjimenez','Nando','5928595333','ferrjimenez@illinois.edu','1999-07-16',1),('festindecuervo','Pau','8151254481','festindecuervo@illinois.edu','1998-02-15',1),('fewaxumadyxe','Shaker','8317431771','fewaxumadyxe@illinois.edu','1994-12-28',1),('fgc_bigbird','Adel','5869394618','fgc_bigbird@illinois.edu','1991-03-15',1),('fiidaus','Muhd Firdaus','7525081460','fiidaus@illinois.edu','1992-07-16',1),('filawumobewuju','Dyfnallt Jessop','8713610636','filawumobewuju@illinois.edu','1993-07-26',1),('findtrying','Chitra Pattnaik','7110712274','findtrying@illinois.edu','1999-07-29',1),('fionntyx','WARFUCKINGRIOR','6052781626','fionntyx@illinois.edu','1991-01-02',1),('fireflyraine','Dee','3708120434','fireflyraine@illinois.edu','1992-10-05',1),('fitzroy81','fitzroy','6262648471','fitzroy81@illinois.edu','2000-12-12',1),('flavormia','Mia [Flavor] Flow','5742561517','flavormia@illinois.edu','1991-08-11',1),('flawlessa_k','ASH. K.','8405447256','flawlessa_k@illinois.edu','2000-05-27',1),('flexxgotnext','Daddy Axe','2340821329','flexxgotnext@illinois.edu','2001-03-17',1),('focuson_ad','UDAY ALL DAY','5871090935','focuson_ad@illinois.edu','2000-06-22',1),('foleymusic2015','foley entertainment','8526827532','foleymusic2015@illinois.edu','1993-02-21',1),('forexrelvo','Bitcoin fxRevolution','6456531420','forexrelvo@illinois.edu','2003-03-26',1),('forextrareview','John Hall','6052216036','forextrareview@illinois.edu','2004-04-24',1),('franckbiyong1','Franck Biyong','3699761634','franckbiyong1@illinois.edu','1995-09-14',1),('free_media_hub2','Genocide in Syria','4981563842','free_media_hub2@illinois.edu','1995-03-12',1),('frielingbailey','B. Frieling-Bailey','2396574899','frielingbailey@illinois.edu','1998-09-01',1),('frogetteca','frogetteca','5377027982','frogetteca@illinois.edu','2004-01-10',1),('fruityknebels','Kate','3014224311','fruityknebels@illinois.edu','1995-09-08',1),('ftnadb','thinsie','3027713578','ftnadb@illinois.edu','1991-12-05',1),('fuckingbanknote','Jeffrie Bochenski','7410316796','fuckingbanknote@illinois.edu','2004-04-17',1),('futballg','Futball Galore','3925820966','futballg@illinois.edu','2003-04-30',1),('fuwozitozowe','Abidan Dickons','4117213077','fuwozitozowe@illinois.edu','1990-01-11',1),('fyrdausi','Fird','7391683011','fyrdausi@illinois.edu','1999-04-04',1),('g_maduabuchi','i am d true','2200808655','g_maduabuchi@illinois.edu','1991-12-29',1),('gabiangelsanche','HiiiPower','8502003729','gabiangelsanche@illinois.edu','2003-08-29',1),('gaetanburgio','Gaetan Burgio','7114842849','gaetanburgio@illinois.edu','2005-09-05',1),('ganakar','sanjeev','2400373728','ganakar@illinois.edu','1995-05-27',1),('gaxenuwigub','Ruca Afonso','3805102087','gaxenuwigub@illinois.edu','2003-09-16',1),('gayesmit','Gaye Smith','5471408303','gayesmit@illinois.edu','1996-07-15',1),('gearyfrank','Frank Geary','3475782198','gearyfrank@illinois.edu','1996-11-23',1),('geloryo','Glory','6126077513','geloryo@illinois.edu','1990-09-24',1),('genosmithnews','Geno Smith','7852783840','genosmithnews@illinois.edu','2003-03-08',1),('geoffhillitv','Geoff Hill','8784649181','geoffhillitv@illinois.edu','1998-11-15',1),('getreallux','Getrealluxury','2726677508','getreallux@illinois.edu','2004-09-08',1),('ghouliana','giuli','2828444145','ghouliana@illinois.edu','1998-03-28',1),('giditti','randomguy','6265783730','giditti@illinois.edu','1997-05-02',1),('gigi_stam','Gigi Stam','4321841836','gigi_stam@illinois.edu','1996-07-04',1),('gilberto57','gilberto57','5684966271','gilberto57@illinois.edu','1990-10-25',1),('gillian__deleon','G Money','6014382789','gillian__deleon@illinois.edu','2002-01-02',1),('ginger891022','Ginger Edberg','7357224691','ginger891022@illinois.edu','1997-06-05',1),('giriall','ALL ON RAAZ Giri','6944411166','giriall@illinois.edu','1992-09-15',1),('gjoptometrists','GJO','8734271991','gjoptometrists@illinois.edu','2001-10-28',1),('glent_za','Glen Thompson','5306664772','glent_za@illinois.edu','1994-06-08',1),('globalbabel','Tom Metcalfe','5634324663','globalbabel@illinois.edu','1995-10-29',1),('gmanews','GMA News','3074424745','gmanews@illinois.edu','2001-03-06',1),('gnfocus','Gulf News GN Focus','5863356300','gnfocus@illinois.edu','1991-02-24',1),('goblinmerchant','Bradley L Garrett','7933624616','goblinmerchant@illinois.edu','2004-04-09',1),('gomarlins_2000','GoMiami','7449522434','gomarlins_2000@illinois.edu','2005-06-12',1),('got2spd','George Gamez','5265007956','got2spd@illinois.edu','1995-07-11',1),('gothicmaldita','Aldub is Love','6141943709','gothicmaldita@illinois.edu','2002-03-25',1),('gousain','Go USA','6401520156','gousain@illinois.edu','1996-08-17',1),('gregoktaveceyp','greg oktavec','6617997257','gregoktaveceyp@illinois.edu','1994-08-23',1),('gregory_stat','Gregory_STAT','3999738892','gregory_stat@illinois.edu','1994-10-24',1),('gregorydundas1','gregory dundas','3868378483','gregorydundas1@illinois.edu','2005-07-21',1),('groonk','Hubert Motley, Jr','4061695139','groonk@illinois.edu','2002-06-08',1),('grv1000','Gaurav Chaudhary','2020358185','grv1000@illinois.edu','1995-09-26',1),('guide2tricks','A.r.Basith','7258683137','guide2tricks@illinois.edu','1991-08-21',1),('gunturmaverick','sackjetlee','7848471650','gunturmaverick@illinois.edu','1997-11-21',1),('gupta2dec','Rajendra kumar Gupta','4642340595','gupta2dec@illinois.edu','1993-04-23',1),('gwendolyncbosw2','Gwendolyn C. Boswell','2501027404','gwendolyncbosw2@illinois.edu','1996-03-22',1),('gypsy_jeffrey','_____','2380187190','gypsy_jeffrey@illinois.edu','2001-06-18',1),('haarriisson','Harrison','4035775924','haarriisson@illinois.edu','1990-11-21',1),('haestheman','wHAEtingfor089216','2736042344','haestheman@illinois.edu','1995-07-17',1),('hakeemmudasir','hakeem mudasir','7956544946','hakeemmudasir@illinois.edu','1997-02-14',1),('hamidakcali','Hamid Akcali','5287119429','hamidakcali@illinois.edu','1992-09-26',1),('hanadiiammar','Hanadi Ammar','8659929075','hanadiiammar@illinois.edu','2005-10-27',1),('harrypezz','beautiful','3161874648','harrypezz@illinois.edu','1991-03-01',1),('harryssunx','follow me harry','3097800815','harryssunx@illinois.edu','1999-06-01',1),('hassensienicht','Jessie','6236180119','hassensienicht@illinois.edu','1992-05-26',1),('hazelpage14','HazelPage','2355792415','hazelpage14@illinois.edu','1999-02-26',1),('headunder_water','Start Finish','2016044270','headunder_water@illinois.edu','2003-12-11',1),('helena_431','Helena','4311126879','helena_431@illinois.edu','2000-09-18',1),('hidefumif','Hide','2439010914','hidefumif@illinois.edu','1996-01-27',1),('hipsteryogi','Raj Palsingh','8405734528','hipsteryogi@illinois.edu','1992-09-14',1),('hiryuxiii','Hiryu K.','8834004720','hiryuxiii@illinois.edu','2002-08-01',1),('hoenjojo','HotNHard4Harold','2043125797','hoenjojo@illinois.edu','2001-07-03',1),('hollersandra','Sandra Holler','3539598006','hollersandra@illinois.edu','1995-05-12',1),('homecourtbias','frank(ie)','6759874120','homecourtbias@illinois.edu','1991-03-01',1),('homohulk','Homosaurus Flex','8804047801','homohulk@illinois.edu','1998-11-14',1),('hongxiubae','aze.pri','6709186434','hongxiubae@illinois.edu','1995-08-20',1),('horsingaroundla','Erin','2857367277','horsingaroundla@illinois.edu','2004-08-24',1),('hotelcomau','Hotel.com.au','8411814201','hotelcomau@illinois.edu','2003-04-17',1),('houdrew','GARZA','5331064979','houdrew@illinois.edu','1992-02-25',1),('htvmuslca','HTV MUSICA','7743335085','htvmuslca@illinois.edu','2003-10-15',1),('hummingbigbird','BigBird','4634214452','hummingbigbird@illinois.edu','1997-05-19',1),('huzzayn','Hussain','3294698524','huzzayn@illinois.edu','2000-11-10',1),('hype3sixty','hype3sixty','3444249188','hype3sixty@illinois.edu','1993-01-26',1),('hyrule_w4rrior','Christopher Robbin','3679030762','hyrule_w4rrior@illinois.edu','2005-12-15',1),('i_am_coello','Nelson Bangdela','6554303248','i_am_coello@illinois.edu','2001-08-20',1),('i_phil_u','Phillip Bickart','8418567224','i_phil_u@illinois.edu','1993-04-24',1),('iamaadi88','Aditya o_O','4187123704','iamaadi88@illinois.edu','1996-03-16',1),('iambeirye','Brian Engler','4707638823','iambeirye@illinois.edu','1997-05-21',1),('iambigthalafan','Thala..Thala daaa..','3748322060','iambigthalafan@illinois.edu','1991-11-09',1),('iambriseis_7','josie.','6376532203','iambriseis_7@illinois.edu','2001-01-19',1),('idknasra','nasra','4361001266','idknasra@illinois.edu','2005-12-27',1),('idksheldon_','agent mulder','7271547629','idksheldon_@illinois.edu','2000-02-12',1),('imadethatmyself','imadethatmyself.com','8360615916','imadethatmyself@illinois.edu','1999-07-09',1),('indopulse','Indo Pulse','2184987925','indopulse@illinois.edu','1990-03-13',1),('indriwwulan28','Ndull','8412858156','indriwwulan28@illinois.edu','1996-03-16',1),('ineeshadvs','Neeshad V S','4266770320','ineeshadvs@illinois.edu','1996-05-18',1),('infinityofde','Neta.','5257902214','infinityofde@illinois.edu','1994-06-23',1),('insandeepldh','Meet\'s Prince Deep','4670685970','insandeepldh@illinois.edu','1994-10-30',1),('insta_hamburg','Hamburg on Instagram','3305034602','insta_hamburg@illinois.edu','2002-09-01',1),('internethinduz','Karan Kommunal','2933257895','internethinduz@illinois.edu','1993-01-21',1),('iraknieuws','Irak Nieuws','8046539493','iraknieuws@illinois.edu','1990-11-19',1),('ireneksob','Irene Sobolov','4265582570','ireneksob@illinois.edu','1998-04-26',1),('isaiassxx','shark','6581258683','isaiassxx@illinois.edu','2005-12-26',1),('ishanprakash','Ishan Prakash','5452044966','ishanprakash@illinois.edu','1994-06-29',1),('ishqdmaria','Deep','4263232885','ishqdmaria@illinois.edu','2000-06-14',1),('isidoodles','Isi','8143661109','isidoodles@illinois.edu','2002-12-05',1),('istopper1','C.T.','8342706236','istopper1@illinois.edu','2005-08-01',1),('itsmeghaverma','Megha','4838326459','itsmeghaverma@illinois.edu','2001-03-17',1),('ivansidorenko1','Ivan Sidorenko','4078024657','ivansidorenko1@illinois.edu','1997-09-15',1),('iyabosarah','Iyabode olowojolu','7883439547','iyabosarah@illinois.edu','1992-06-27',1),('izajoker2812','OzzohRoslon','8015538774','izajoker2812@illinois.edu','1992-04-23',1),('izzystaymunchin','jefe','4475150747','izzystaymunchin@illinois.edu','1993-02-26',1),('j_drp','JDRP','2807089319','j_drp@illinois.edu','1990-11-16',1),('jacekdurkalec','Jacek Durkalec','7320292664','jacekdurkalec@illinois.edu','1997-07-25',1),('jacintasv','jacinta v','3746536727','jacintasv@illinois.edu','1993-07-16',1),('jackcapp1122','jack capp','3198071406','jackcapp1122@illinois.edu','1990-12-25',1),('jacquelinedsou4','UnitedVStand','4224101780','jacquelinedsou4@illinois.edu','2002-07-14',1),('jacquetanne','Anne-Alexia','7862128097','jacquetanne@illinois.edu','2001-02-05',1),('jamaica','jamaica','7098266590','jamaica@illinois.edu','2002-07-17',1),('jamesasexton','James Sexton','8623852613','jamesasexton@illinois.edu','1997-07-25',1),('jamesbrimacombe','James Brimacombe','3506958451','jamesbrimacombe@illinois.edu','2000-03-18',1),('jamesh97_','James','7265265021','jamesh97_@illinois.edu','1994-03-05',1),('jameslfrancis','Jim Francis','4743144944','jameslfrancis@illinois.edu','1999-01-13',1),('janajaiz','janajaiz','2373321591','janajaiz@illinois.edu','2004-03-08',1),('janblue555','Jan Jan','2188993621','janblue555@illinois.edu','1999-11-17',1),('jarrodsuber','jarrod suber','4070925503','jarrodsuber@illinois.edu','1999-04-24',1),('jatkat45','Jenice Tom','6443353069','jatkat45@illinois.edu','2002-05-16',1),('jayaa03','Indy','7013926508','jayaa03@illinois.edu','1996-01-16',1),('jaygking','ndayishimiye gilbert','8642167284','jaygking@illinois.edu','2004-03-04',1),('jaymiedels','Jaymmie','3635070432','jaymiedels@illinois.edu','1999-09-23',1),('jeaniemartelli','Gloria Pfefferle','2378347432','jeaniemartelli@illinois.edu','2005-04-21',1),('jeannine_c_','Jeannine Comeau','5072453045','jeannine_c_@illinois.edu','1999-09-25',1),('jennopper18','Jenna Nopper','4339030174','jennopper18@illinois.edu','2002-10-02',1),('jeromedruesne','Jerome Druesne','6829298443','jeromedruesne@illinois.edu','1996-06-25',1),('jesuscletus','BigBoysDontCry','8805970664','jesuscletus@illinois.edu','1999-05-13',1),('jet99999','Justin','6656620712','jet99999@illinois.edu','1994-04-02',1),('jhtallboy','jhtallboy','5623239342','jhtallboy@illinois.edu','1992-10-27',1),('jim_katz1','James Katz','6634492621','jim_katz1@illinois.edu','1991-10-20',1),('jimfacette','Jim Facette','8485159129','jimfacette@illinois.edu','2004-11-04',1),('jimmah_','Jimmy Allen','8005962073','jimmah_@illinois.edu','2001-02-06',1),('jinijack89','jini r shah','7459507065','jinijack89@illinois.edu','2002-01-19',1),('jinnspak','Jinn Pak','7157327754','jinnspak@illinois.edu','1990-09-12',1),('jjvwebb','Jed Webb','5759849774','jjvwebb@illinois.edu','2002-11-21',1),('jleichtner5','JamminJoe','5107790609','jleichtner5@illinois.edu','1992-06-28',1),('jmillz_','lil Mi','7352745455','jmillz_@illinois.edu','1992-07-11',1),('jmroberge','Jay Roberge','6385292436','jmroberge@illinois.edu','1991-09-26',1),('jobs__search','Jobs Board','3827531903','jobs__search@illinois.edu','1994-08-05',1),('jochen_mn','HJM','3376103117','jochen_mn@illinois.edu','1998-04-02',1),('joebobhi','Alex Wetzel','4633502594','joebobhi@illinois.edu','1991-08-16',1),('joerikalwij','Joeri Kalwij','3105599535','joerikalwij@illinois.edu','1993-08-19',1),('jojohunney','Jo','7255935752','jojohunney@illinois.edu','1993-09-06',1),('jonathan_joyce','Jonathan Joyce','6353655628','jonathan_joyce@illinois.edu','2003-05-25',1),('jonathanvan11','Ser Jon','3006174811','jonathanvan11@illinois.edu','2000-07-22',1),('jordanneely18','J Neely','8089092013','jordanneely18@illinois.edu','2001-05-24',1),('joshua__9','Joshua','2923802855','joshua__9@illinois.edu','2002-08-01',1),('journomayank','Mayank Aggarwal','5944606171','journomayank@illinois.edu','2003-09-05',1),('joyax07','Eden Joy Vistal','4779620216','joyax07@illinois.edu','1994-05-24',1),('jp_hitmen','Jason Pirie','3017100184','jp_hitmen@illinois.edu','2005-10-09',1),('jprequiro','J Piilani Requiro','4463350880','jprequiro@illinois.edu','1993-08-12',1),('jrctic_ebooks','jrctic ebooks','6520055117','jrctic_ebooks@illinois.edu','1999-09-20',1),('jt_mid_east','Middle East News','4001503779','jt_mid_east@illinois.edu','1991-06-10',1),('jts_1957','Maverick John','4579675653','jts_1957@illinois.edu','1993-08-05',1),('juan_skyline96','juan Fernandez','8696662912','juan_skyline96@illinois.edu','2000-03-09',1),('juicedzevs','Zevs','2576784071','juicedzevs@illinois.edu','1999-06-30',1),('juliaadamson4','JuliaAdamson','7791792949','juliaadamson4@illinois.edu','1992-08-22',1),('juliazalutskaja','Julia Zalutskaja','3484980612','juliazalutskaja@illinois.edu','1994-11-26',1),('jullietsl','Lue Irwin','8939741968','jullietsl@illinois.edu','1995-01-22',1),('junhyeok_sg','JunHyeok SG','5783232045','junhyeok_sg@illinois.edu','1990-08-19',1),('justicenyaude','Justice Nyaude','7284035823','justicenyaude@illinois.edu','2005-10-14',1),('justinmanis32','White Iverson','4180335589','justinmanis32@illinois.edu','1997-07-29',1),('justinsweitzah','Justin Sweitzer','8709741986','justinsweitzah@illinois.edu','2003-02-13',1),('justsayhelo','Just Say Helo!','6513837240','justsayhelo@illinois.edu','2003-08-01',1),('justwaynecamp','Wayne Camp','6402432532','justwaynecamp@illinois.edu','1997-04-21',1),('jwwatson1','J W Watson','6372603623','jwwatson1@illinois.edu','1998-02-03',1),('k_ban','Kaustav Banerjee','7118893248','k_ban@illinois.edu','1999-10-11',1),('kaileshrajdev','KaileshRajdev','4820769714','kaileshrajdev@illinois.edu','1993-02-28',1),('kaisy__','k.roshell','3132383560','kaisy__@illinois.edu','2002-11-04',1),('kakhidze20162','Jasper','8406030828','kakhidze20162@illinois.edu','1991-11-11',1),('kamarleystephen','Stephen Kamau M.','7944139379','kamarleystephen@illinois.edu','2005-11-26',1),('kamarul_izzat','kamarul izzat','8513027612','kamarul_izzat@illinois.edu','1990-10-23',1),('kamil36afna','kamilah real talk','7734618648','kamil36afna@illinois.edu','1996-07-30',1),('kangsseulgo','Red Lion','5502383441','kangsseulgo@illinois.edu','1993-05-22',1),('karan_mehta10','karan Mehta','6944663299','karan_mehta10@illinois.edu','2001-12-22',1),('katja_flores','Katja Flores','6096113693','katja_flores@illinois.edu','2002-12-04',1),('kattcreal1','Katt_Creal','4370535403','kattcreal1@illinois.edu','2002-02-28',1),('kay_alexis9','Kierstein!!','6422915847','kay_alexis9@illinois.edu','1995-11-07',1),('kazfoxy','Karen','5804115750','kazfoxy@illinois.edu','2005-02-27',1),('kbozi','Karen Bozicovich','3785560057','kbozi@illinois.edu','2001-09-24',1),('kehlbayern','Kehl Bayern','6753466616','kehlbayern@illinois.edu','1993-04-10',1),('kennections','Kenneth Manuel','2144920116','kennections@illinois.edu','2001-09-27',1),('kenyacoast','Swahili Coast','2940237006','kenyacoast@illinois.edu','1997-08-07',1),('kerryswainbank','Kerry','6454452145','kerryswainbank@illinois.edu','1993-02-21',1),('kerynr_artist','Keryn Robinson','4954824173','kerynr_artist@illinois.edu','2002-08-04',1),('kevincosna','KEVIN','5092455212','kevincosna@illinois.edu','2004-06-03',1),('kevinharvell','Kevin Harvell','3956587629','kevinharvell@illinois.edu','2004-07-11',1),('kevinwhyte87','Kevin Whyte','8200090248','kevinwhyte87@illinois.edu','1996-10-16',1),('kgisondi11','Kevin Gisondi','7308279812','kgisondi11@illinois.edu','2005-06-28',1),('khairulaqmal','Khairul Aqmal','2323891638','khairulaqmal@illinois.edu','2004-08-29',1),('khalifahbako','Skinny  Panda','5621281836','khalifahbako@illinois.edu','1990-10-03',1),('khanalpratik','Pratik Khanal','3162057583','khanalpratik@illinois.edu','2002-06-11',1),('kimballbainbri1','Kimball Bainbridge','7899214455','kimballbainbri1@illinois.edu','2003-02-01',1),('king_myers','Denzel Myers','8944190888','king_myers@illinois.edu','1999-10-24',1),('kingston_v','David Kingston','3305741677','kingston_v@illinois.edu','1991-05-09',1),('kingtsamuel13','Samuel Tarin III','7601590483','kingtsamuel13@illinois.edu','2003-12-27',1),('kinkyplier','lelli kelly,,8','3574159238','kinkyplier@illinois.edu','1991-02-12',1),('kkantbajpai','KK BAJPAI','5113917399','kkantbajpai@illinois.edu','1994-07-29',1),('kmccormack94','Katie McCormack','3962003041','kmccormack94@illinois.edu','2001-06-02',1),('knappyhour','n a i y a.','6616895998','knappyhour@illinois.edu','1992-02-19',1),('knottheend','Jane Gray','8326886949','knottheend@illinois.edu','2003-10-21',1),('knowlifemusic','Know Life','3327502940','knowlifemusic@illinois.edu','2004-06-19',1),('kounderground','korea underground','6915249493','kounderground@illinois.edu','2003-08-16',1),('krishnavenibe15','krishnavenisandhanam','2334288184','krishnavenibe15@illinois.edu','2003-01-23',1),('krykey','KryKey Premium Radio','5662888195','krykey@illinois.edu','2005-03-29',1),('ktj_loikk','Katja Loikkanen','6758865345','ktj_loikk@illinois.edu','2005-11-21',1),('ku5h4l','kushal','5212437428','ku5h4l@illinois.edu','1992-10-22',1),('kwararetweets','Kwararetweets','6005452456','kwararetweets@illinois.edu','1990-01-05',1),('kyiiejenher','Kylie Jenner','4565040773','kyiiejenher@illinois.edu','1991-11-19',1),('kylepettine','Kyle Pettine','5574419335','kylepettine@illinois.edu','2005-02-13',1),('kyliecaat','kylie brown','5911365111','kyliecaat@illinois.edu','2004-03-16',1),('l_aguila007','LA','2831000059','l_aguila007@illinois.edu','2005-07-01',1),('l_kianchong','- [KC] -','4799007156','l_kianchong@illinois.edu','1991-11-02',1),('lanas_regal','lanasevilregal','6304292644','lanas_regal@illinois.edu','2004-10-27',1),('langa_joshua','R.I.P Nzori 26.10.14','3342437062','langa_joshua@illinois.edu','1999-07-29',1),('larrycandycane','love u goodbye','8358129289','larrycandycane@illinois.edu','1998-08-30',1),('laskabot','Laska Bot','6565860160','laskabot@illinois.edu','1992-09-27',1),('lavionne','Joy','8862563512','lavionne@illinois.edu','2005-11-06',1),('laydbackcat','LBC','2077283703','laydbackcat@illinois.edu','1991-06-22',1),('lbgupta7','LBGupta','4568161761','lbgupta7@illinois.edu','1995-12-22',1),('ldydrums','DrumTzu','3425967470','ldydrums@illinois.edu','1994-04-16',1),('lebzaa15','Lebogang lebza','5356873989','lebzaa15@illinois.edu','1994-06-16',1),('ledrito','leandro kardashian','4447990535','ledrito@illinois.edu','1999-11-28',1),('lemickeli','Eli Lemick','2234327075','lemickeli@illinois.edu','2001-09-27',1),('leplan','Leplan','2567990530','leplan@illinois.edu','2001-04-03',1),('lesleymillercyp','Lesley Miller','4227292095','lesleymillercyp@illinois.edu','1999-09-25',1),('lianethompson','Liane Thompson','4541827663','lianethompson@illinois.edu','1991-08-07',1),('lifeofaroman','Roman Lorenzo','2649242041','lifeofaroman@illinois.edu','2005-01-14',1),('lifewaterlife','river','8399134207','lifewaterlife@illinois.edu','2001-07-03',1),('liluh1','ARTesana','3157176214','liluh1@illinois.edu','1991-07-26',1),('lindzym','Ms. Cain','6534106395','lindzym@illinois.edu','2000-03-23',1),('lishington1','Lish UNLEASHED','4742466255','lishington1@illinois.edu','2004-05-11',1),('livloolivloo','Olivia Escobedo','5148794817','livloolivloo@illinois.edu','1995-10-26',1),('lloydnare','King Lloyd','6945276127','lloydnare@illinois.edu','1990-12-25',1),('lmbokoma','ndifuna uPasser','3045929175','lmbokoma@illinois.edu','2004-06-13',1),('lmocase','langa mocase','4594243716','lmocase@illinois.edu','1990-11-10',1),('lnmcglwn848','Lena Mcglown','3327843149','lnmcglwn848@illinois.edu','2000-02-03',1),('lnyambai','linda nyambai','8813378642','lnyambai@illinois.edu','1995-08-07',1),('lois775025','Lois Laymon','5186690649','lois775025@illinois.edu','1997-11-18',1),('loogunda','English Lugansk','4866924271','loogunda@illinois.edu','1995-06-08',1),('looncall7','LoonCall','4811174988','looncall7@illinois.edu','2005-04-07',1),('lorensantiago80','Loren Cortez','5483196501','lorensantiago80@illinois.edu','2005-01-26',1),('loriewimble','Lorie Wimble','2273706222','loriewimble@illinois.edu','1994-09-29',1),('losangelespics6','Los Angeles Pics','5563999313','losangelespics6@illinois.edu','1993-10-05',1),('lotusbuddhababa','Saji','4300839879','lotusbuddhababa@illinois.edu','1992-04-24',1),('ludabit','Chidubem','8587747834','ludabit@illinois.edu','1997-04-11',1),('lukkaewsone','lukkaewsone','8962452544','lukkaewsone@illinois.edu','1999-05-18',1),('lunaclaveria','Luna Claveria','3472052464','lunaclaveria@illinois.edu','1999-10-04',1),('luwedge','Chris','3396021550','luwedge@illinois.edu','1993-11-16',1),('lwsullivan','Laurie Wrye Sullivan','5654245512','lwsullivan@illinois.edu','1994-12-20',1),('lynnqunns','natasja 13','5992954681','lynnqunns@illinois.edu','1996-03-09',1),('mahmoodkhan','mahmood khan','6618277163','mahmoodkhan@illinois.edu','1997-11-18',1),('mainstreamedia','Mainstreamedia','4906047855','mainstreamedia@illinois.edu','1990-06-30',1),('majordougman','Major Doug','2680466544','majordougman@illinois.edu','1999-09-11',1),('makewaymusic','MakeWayMusic','4986613311','makewaymusic@illinois.edu','1997-12-15',1),('march2024','RAINA','2860029872','march2024@illinois.edu','1993-04-19',1),('marcowodopia','Marco Wodopia','2844726078','marcowodopia@illinois.edu','1993-12-07',1),('marctheshark111','Marc Robinson','8580840112','marctheshark111@illinois.edu','2005-02-17',1),('margmccrohon','Margaret McCrohon','4100547100','margmccrohon@illinois.edu','2003-07-29',1),('marialaurio','ennaxsLovesALDUB','7819344752','marialaurio@illinois.edu','1995-04-11',1),('mariamalsaif','Mariam Al Saif','6334290194','mariamalsaif@illinois.edu','1995-05-07',1),('mariamstrongms','Davidstrong18@gmail.','4175841582','mariamstrongms@illinois.edu','1994-09-24',1),('marina__o_o','marina','6273080518','marina__o_o@illinois.edu','2004-05-21',1),('markresearch2','Market Research','8904128102','markresearch2@illinois.edu','1990-12-08',1),('marleneordaz5','Marlene','5487836055','marleneordaz5@illinois.edu','1991-04-04',1),('marsbridesveil','marino4ka','4664710426','marsbridesveil@illinois.edu','1994-08-07',1),('martymtweets','Marty Miller','6327720337','martymtweets@illinois.edu','1991-09-16',1),('maseinguilherme','Guilherme','8049838620','maseinguilherme@illinois.edu','1997-06-18',1),('mason849','mason','2173371643','mason849@illinois.edu','2000-02-04',1),('mattdewees11','matt dewees','4513734045','mattdewees11@illinois.edu','1992-11-20',1),('mattgross33','matt gross','2530741217','mattgross33@illinois.edu','1999-06-13',1),('matthew1hunter','Matthew Hunter','3838412317','matthew1hunter@illinois.edu','2002-06-19',1),('maua_jimmison','Jimmilaa','3918480131','maua_jimmison@illinois.edu','2004-01-17',1),('maulikpatel_mb','Maulik_Patel','2974350145','maulikpatel_mb@illinois.edu','1999-11-09',1),('maverick1914','Ravens :\'(','7319267486','maverick1914@illinois.edu','1994-01-03',1),('mavros35169','ozzy','4910425973','mavros35169@illinois.edu','1996-02-22',1),('mbrlydnkr61','Amberly Danker','8341374140','mbrlydnkr61@illinois.edu','1991-05-05',1),('mcbmeubels','mcb meubels','3651989066','mcbmeubels@illinois.edu','2003-07-07',1),('mcshea1','Michael Shea','8099020863','mcshea1@illinois.edu','1990-11-24',1),('mdjvillarroel','Martin Villarroel Ar','2696595748','mdjvillarroel@illinois.edu','2000-02-24',1),('medcruiseguide','Med Cruise Guide','3932295612','medcruiseguide@illinois.edu','1997-04-11',1),('medicenes','Syazwani Wasli','2580486850','medicenes@illinois.edu','1999-04-14',1),('meg_mackenzie_','Meghan','5085346462','meg_mackenzie_@illinois.edu','2000-11-14',1),('megaapriyanti9','Mega Apriyanti','8124017908','megaapriyanti9@illinois.edu','1995-02-20',1),('meghaghosh','Em','6553147067','meghaghosh@illinois.edu','1994-05-27',1),('megmarie64','Meg','4900871647','megmarie64@illinois.edu','2002-06-03',1),('melanieperez867','Melanie Perez','5940966166','melanieperez867@illinois.edu','1997-12-07',1),('melissawarfield','Melissa Warfield','2095524380','melissawarfield@illinois.edu','2002-08-14',1),('meonajourney','Leigh','8635443926','meonajourney@illinois.edu','1992-04-29',1),('meongh100','MeOnGh','3829306758','meongh100@illinois.edu','1998-08-01',1),('meredithmfranc5','Meredith M. Francis','7951157603','meredithmfranc5@illinois.edu','2000-12-14',1),('mgcmybabe','#1 invisible stan','4841737633','mgcmybabe@illinois.edu','1994-06-29',1),('mhs95','wala','8286276435','mhs95@illinois.edu','1994-01-15',1),('miami_news7','Miami News','5934499389','miami_news7@illinois.edu','1993-06-11',1),('miarxo','king gold chains','7440090647','miarxo@illinois.edu','2005-12-04',1),('michellecg16','Michelle CG','3005640192','michellecg16@illinois.edu','1993-05-17',1),('michellex_3','Michelle','7262231444','michellex_3@illinois.edu','1999-06-08',1),('mightytraplord_','NYG 5-4 LSU 7-1','4439269750','mightytraplord_@illinois.edu','1992-04-17',1),('mika0562','Abhishek Singh','3177370995','mika0562@illinois.edu','1996-09-19',1),('mikaylaaarae','Mikayla Underhill','6704747791','mikaylaaarae@illinois.edu','2000-12-23',1),('mikaylareneee','Mikayla','5619601446','mikaylareneee@illinois.edu','2000-05-24',1),('milevalue','MileValue','2305630951','milevalue@illinois.edu','2004-07-16',1),('milk777milk7','MILK','6178413945','milk777milk7@illinois.edu','2003-12-16',1),('misshazlee','shaz','4232536889','misshazlee@illinois.edu','1998-08-09',1),('missmerl_','Merl Nicholas','3317210113','missmerl_@illinois.edu','1991-10-27',1),('missophia2015','sophia','5155296520','missophia2015@illinois.edu','1999-06-12',1),('missyflash','Hootie McBoob','7152954257','missyflash@illinois.edu','1999-06-12',1),('mitarank','Top 100 Album Songs','5348607330','mitarank@illinois.edu','2000-04-11',1),('mixoneddlovato','confident.','3927729041','mixoneddlovato@illinois.edu','1995-08-29',1),('mkalte666','mkalte666','2505188296','mkalte666@illinois.edu','2001-10-25',1),('mobileapprevolt','RENEGADE REVOLT','8749976306','mobileapprevolt@illinois.edu','1990-10-03',1),('mohsinmalvi19','Mohsin Alvi','2443286175','mohsinmalvi19@illinois.edu','1990-02-17',1),('morenojacobomo3','highly luscious deal','3388267968','morenojacobomo3@illinois.edu','1993-02-24',1),('morgaangie','baby xi!','6702049854','morgaangie@illinois.edu','2002-03-02',1),('mr_soloflight','NOV 8','2985480316','mr_soloflight@illinois.edu','1990-05-17',1),('mrmcsunnyboy','TheRetweetDude :)','3742521947','mrmcsunnyboy@illinois.edu','1992-03-08',1),('mrnoahitall','Mr. NoahItALL!','3220835807','mrnoahitall@illinois.edu','1996-12-28',1),('mrvvipak','The VVIP','7423817319','mrvvipak@illinois.edu','1993-10-10',1),('mskanyegenya','Nyambura','3226610138','mskanyegenya@illinois.edu','1999-11-11',1),('much_man','MUCH147','7253421422','much_man@illinois.edu','1997-06-11',1),('mukziey','Muke Phakathi','3585166222','mukziey@illinois.edu','2004-12-02',1),('munsinglaw','MunsingLaw','6683729110','munsinglaw@illinois.edu','1990-11-25',1),('myoutletsghh','My Outlets','4232586524','myoutletsghh@illinois.edu','1999-06-08',1),('myrettanababan','meyretta pratiwi s.','5184678724','myrettanababan@illinois.edu','1996-07-26',1),('myroommatekarl','Peruvian White','7563385128','myroommatekarl@illinois.edu','1996-01-05',1),('mystokedlife','Stokes','3246242544','mystokedlife@illinois.edu','1991-03-24',1),('myworldjalisco','MY WORLD JALISCO','7399213422','myworldjalisco@illinois.edu','2002-05-20',1),('n0n0t0','Nonoto','5221956286','n0n0t0@illinois.edu','2003-01-29',1),('nadhianov_','Nadhia Novitasari','3376139815','nadhianov_@illinois.edu','2002-03-10',1),('nadiaka786','Nadia K. Ahmad','6471976877','nadiaka786@illinois.edu','1991-09-15',1),('nadjacydney','nadja','2700863421','nadjacydney@illinois.edu','2000-10-20',1),('nafeesasyeed','Nafeesa Syeed','4125678492','nafeesasyeed@illinois.edu','2005-07-15',1),('nahanni_','Nahanni','8798780443','nahanni_@illinois.edu','2002-02-14',1),('naitousa','NaitoUSA','3086502453','naitousa@illinois.edu','1991-09-05',1),('nandar_iman','Winandar Iman','2334592463','nandar_iman@illinois.edu','1998-01-29',1),('natabaalo','Grace Natabaalo','5785591902','natabaalo@illinois.edu','1995-01-18',1),('naturalhigh_','queen','5960944762','naturalhigh_@illinois.edu','1990-09-29',1),('natzumi27','gyuEyes','2562062291','natzumi27@illinois.edu','1992-05-26',1),('nazniman','Naz .','5370390981','nazniman@illinois.edu','2002-11-15',1),('nazrinsyafiq89','Nazrin Syafiq','4440308768','nazrinsyafiq89@illinois.edu','1998-11-05',1),('ndinlnd','Enedina Lande','4267251662','ndinlnd@illinois.edu','2003-12-20',1),('ndwrrn969','Nada Warren','7659417634','ndwrrn969@illinois.edu','1996-11-21',1),('nekobuta11','nekoneko','3767848484','nekobuta11@illinois.edu','2004-04-13',1),('newbrxkenscenex','5$O$ | 189 days !','5730064112','newbrxkenscenex@illinois.edu','2003-05-18',1),('newsfeit','newsfeit','4139204978','newsfeit@illinois.edu','2000-02-28',1),('niallmcilroy','Niall McIlroy','4081327493','niallmcilroy@illinois.edu','1998-06-02',1),('nicksouder106','Nick souder','6431336679','nicksouder106@illinois.edu','1991-01-05',1),('niesaahmad','cha kobain','7956805975','niesaahmad@illinois.edu','1999-12-24',1),('nikosm_ir','NGM','5772422038','nikosm_ir@illinois.edu','2004-10-30',1),('nirvnoana','Ana','7960142495','nirvnoana@illinois.edu','2005-06-10',1),('nobanonjud','#NoBanOnJUD','5263385504','nobanonjud@illinois.edu','1995-02-09',1),('noflashsansiris','NoFlashWithoutIris','7506733776','noflashsansiris@illinois.edu','1991-09-18',1),('noir_0207','Noir','7596624740','noir_0207@illinois.edu','1991-12-08',1),('nonaharman','Nona','2866256135','nonaharman@illinois.edu','2001-12-06',1),('notjulianedels','Not Julian Edelman','6866867278','notjulianedels@illinois.edu','1990-03-04',1),('nowplayxmusic','XMusicOnline','8506391879','nowplayxmusic@illinois.edu','1990-10-10',1),('nsevencan61','nurullahsevencan','7286375116','nsevencan61@illinois.edu','1993-08-23',1),('nwatudaniel','Daniel  Nwatu','5164276641','nwatudaniel@illinois.edu','2004-06-05',1),('nycsportslaw','BalmerBlack Sports','7617178643','nycsportslaw@illinois.edu','1996-12-11',1),('nzkanivapacific','NZ Kaniva  Pacific','2704096363','nzkanivapacific@illinois.edu','1994-05-10',1),('od_king','Battousai Auditore','3817982005','od_king@illinois.edu','2003-12-26',1),('ohshotz','Rashaad','3808871099','ohshotz@illinois.edu','1994-12-06',1),('oliviaclark047','Olivia Clark','5575167562','oliviaclark047@illinois.edu','1997-05-21',1),('omgitsmikemars','Blessed','7667137777','omgitsmikemars@illinois.edu','2004-03-07',1),('onlyday6','Everyday','3585300376','onlyday6@illinois.edu','1992-09-15',1),('origanalist','Origanalist','6325826112','origanalist@illinois.edu','1994-11-29',1),('oroomleb','The Orange Room','2431452557','oroomleb@illinois.edu','1995-08-12',1),('osintzone','OsintZone','5673292047','osintzone@illinois.edu','1997-07-26',1),('otaku_brony','Demetrius Coleman','3561917832','otaku_brony@illinois.edu','1994-06-26',1),('owenbreon','owen breon','3209440825','owenbreon@illinois.edu','2002-06-18',1),('owlabye978','Al Williams','4111086072','owlabye978@illinois.edu','1991-02-12',1),('ownlyvibes','Rich','2250443076','ownlyvibes@illinois.edu','2000-08-06',1),('oyalea_','Oyale','5331880537','oyalea_@illinois.edu','1995-07-24',1),('palaciojonas3','highly opulent offer','6775172119','palaciojonas3@illinois.edu','1992-10-29',1),('palmchi','holaaaaa','7689976534','palmchi@illinois.edu','2003-01-05',1),('panacheprince','PANACHE#panachemusic','6440521869','panacheprince@illinois.edu','1996-02-17',1),('panivpatil','Kunal S Patil*','5326223187','panivpatil@illinois.edu','2002-06-06',1),('panzer0821','Jorge Luis','3072083425','panzer0821@illinois.edu','1991-09-29',1),('pareshp94866251','Paresh','5921002319','pareshp94866251@illinois.edu','2003-01-17',1),('parker0505','Parker Jenkins','5896142808','parker0505@illinois.edu','1994-07-07',1),('passdriving1','Pass Driving','5533831729','passdriving1@illinois.edu','1990-09-02',1),('patriciangle','Patricia','6192338173','patriciangle@illinois.edu','1997-09-01',1),('pauloosting','Paul Oosting','3847836326','pauloosting@illinois.edu','1992-04-17',1),('pcb_cricket_pk','SaHoD_GrOuP','7989628563','pcb_cricket_pk@illinois.edu','2001-05-26',1),('pentaholicsaus','SOPHIE','8563723184','pentaholicsaus@illinois.edu','2000-08-08',1),('pet_julia','Julia Petrou','8934912360','pet_julia@illinois.edu','2005-02-07',1),('pfgun0','Patrick Gunning','5145277523','pfgun0@illinois.edu','1999-04-24',1),('pfz817paukhoy','pauk hoy','7698567714','pfz817paukhoy@illinois.edu','2002-12-05',1),('phantilador','arthur','7031050451','phantilador@illinois.edu','1993-07-28',1),('pherae_le_sann','Pherae Le Sann','4451103513','pherae_le_sann@illinois.edu','2005-04-16',1),('philliesorca','Jackie','8295223184','philliesorca@illinois.edu','2000-08-25',1),('phillyalertnews','Philly Sports News','8787751752','phillyalertnews@illinois.edu','1991-06-07',1),('philmelnik','philip melnik','2546212819','philmelnik@illinois.edu','2004-06-06',1),('pialfapi314','alfa pi','8517190726','pialfapi314@illinois.edu','1998-07-25',1),('piercingheart','Ava Thorne','8602940235','piercingheart@illinois.edu','2003-03-22',1),('pirhoo','Pierre Romera','8318591987','pirhoo@illinois.edu','1997-01-13',1),('pjthoughtproces','1 Dope Chick','3699271861','pjthoughtproces@illinois.edu','1993-08-04',1),('placesoflight','Places of Light','6450735747','placesoflight@illinois.edu','1990-05-28',1),('plrates','PIRATES','7237975546','plrates@illinois.edu','1991-01-23',1),('pmuyombano','Peter Muyombano','8937090470','pmuyombano@illinois.edu','1995-02-13',1),('polarnanuk','Nanuk #OpKillingBay','8472735950','polarnanuk@illinois.edu','1990-08-17',1),('politicswarblog','Jeff H','3710837354','politicswarblog@illinois.edu','1991-03-12',1),('pornhashtag69','pornhashtag','5617322134','pornhashtag69@illinois.edu','1990-11-16',1),('porscheclassy','PorscheClassy Media','7573369020','porscheclassy@illinois.edu','2001-09-25',1),('potato_wingd','Ananya','6879516120','potato_wingd@illinois.edu','2003-01-04',1),('pranayrayv','Pranay Ray','5401333344','pranayrayv@illinois.edu','1990-10-29',1),('prayapp','Pray App','8496316331','prayapp@illinois.edu','1999-05-21',1),('premierenenus','Premiere Menus','8017650996','premierenenus@illinois.edu','1993-10-03',1),('prettykah_','tikah.','5557636235','prettykah_@illinois.edu','2000-01-17',1),('prididdy_','priya','7648620098','prididdy_@illinois.edu','2005-02-07',1),('prince_hanbinie','KIN5S QUEE4S PR7NCES','3023419810','prince_hanbinie@illinois.edu','1997-01-24',1),('profcarbo728','jovana','3884792751','profcarbo728@illinois.edu','2004-08-19',1),('prophesyof609','Rich Swank','6770669535','prophesyof609@illinois.edu','2005-11-15',1),('provenpestcontr','Sydney What\'s Doin?','3299248894','provenpestcontr@illinois.edu','2004-06-17',1),('puspa_cfc','Angus Young','3577757358','puspa_cfc@illinois.edu','2002-09-15',1),('pzychodc','PzYcho','2610014340','pzychodc@illinois.edu','1990-07-11',1),('qualfoijuniu','Junior Barcelos','5353939012','qualfoijuniu@illinois.edu','2000-05-07',1),('rachel_dz','Rachel Dzanashvili','8038629000','rachel_dz@illinois.edu','1997-10-20',1),('rachel_jsa','Rachel Sandalow-Ash','7172920571','rachel_jsa@illinois.edu','1999-11-06',1),('rachithsridhar','Dr. Rachith Sridhar','5713667875','rachithsridhar@illinois.edu','1998-05-04',1),('racingtweets1','Racing Tweets','3151881320','racingtweets1@illinois.edu','2003-12-03',1),('radioessexnews','Radio Essex Newsroom','4742880669','radioessexnews@illinois.edu','2005-08-14',1),('radiountar','Radio UNTAR','2688097561','radiountar@illinois.edu','1992-04-29',1),('rajdeep123','RAJDEEP123','5625446203','rajdeep123@illinois.edu','2001-02-08',1),('ranjan_rkp','kumar Ranjan','4212034248','ranjan_rkp@illinois.edu','2003-10-26',1),('ranthonylemke','Anthony Lemke','5879042594','ranthonylemke@illinois.edu','2000-02-18',1),('rasheedsworld','Rasheed Abou-Alsamh','3431001130','rasheedsworld@illinois.edu','2004-07-06',1),('rauhallinen','Matti','4701929920','rauhallinen@illinois.edu','2005-04-26',1),('raythegrouch','Mondo','4259015999','raythegrouch@illinois.edu','1999-10-11',1),('rcp123456','Just Me.Rachel.(IMP)','7687546863','rcp123456@illinois.edu','2003-06-11',1),('redearthz','mayura','8338884310','redearthz@illinois.edu','2004-09-13',1),('redhalf','The Red Half','4410352182','redhalf@illinois.edu','1994-08-27',1),('reflectionoia','nicki PURPOSE','8679467050','reflectionoia@illinois.edu','1996-06-08',1),('renjitweets','Renjith Nair','5188081798','renjitweets@illinois.edu','1998-08-16',1),('revival1924','Majid Hussain','6178671179','revival1924@illinois.edu','1996-03-17',1),('revolutweets','RevoluTweet','2827454742','revolutweets@illinois.edu','1993-07-23',1),('rexuvipyrupu','Ainsley Matterson','8949309349','rexuvipyrupu@illinois.edu','1995-03-14',1),('rg18','Rishabh Garg','4479020651','rg18@illinois.edu','1997-04-04',2),('rgrabel5','Moose','3617263653','rgrabel5@illinois.edu','1997-08-10',1),('rhobsessed','RHObsessed','3486775415','rhobsessed@illinois.edu','1992-07-21',1),('rhonaabila','rhona.abila','4696514291','rhonaabila@illinois.edu','2000-12-01',1),('ride_tha_tiger','Anthony Sutherlin','2958981289','ride_tha_tiger@illinois.edu','1995-06-07',1),('rjber15','RJ Brassfield','8718738955','rjber15@illinois.edu','1997-11-02',1),('rkehmeier','Rod Kehmeier','3624794593','rkehmeier@illinois.edu','2003-03-26',1),('rkodominic','tominiki','3467550412','rkodominic@illinois.edu','1992-01-11',1),('rlalas','razaq  lalas','6056705896','rlalas@illinois.edu','1999-11-06',1),('rleefineagain','Mr. RLeeFine','8630244489','rleefineagain@illinois.edu','2005-02-15',1),('robertgammon','Robert Gammon','2314886812','robertgammon@illinois.edu','1997-05-11',1),('robinmeske','Tory Brewer','6626093631','robinmeske@illinois.edu','1990-10-04',1),('robinpro84','Robin P','4061097560','robinpro84@illinois.edu','1991-12-04',1),('rodgerseatm','The Rodgers','6866935469','rodgerseatm@illinois.edu','2005-10-01',1),('rom1520','Unengaged Unreached','4820186852','rom1520@illinois.edu','1994-10-09',1),('rosegoldgrassi','take me home tay','5321070626','rosegoldgrassi@illinois.edu','1992-02-05',1),('rottoturbine','RottnestWindTurbine','5098981838','rottoturbine@illinois.edu','1992-11-16',1),('rsharma027','Rahul','4620523299','rsharma027@illinois.edu','1992-02-19',1),('rudolphjjacobs','Rudolph Jacobs','3965923859','rudolphjjacobs@illinois.edu','2001-10-07',1),('rudolphlohmeyer','Rudolph Lohmeyer','8079197709','rudolphlohmeyer@illinois.edu','1999-09-02',1),('rudycisne','Rodolfo Cisneros','5282829010','rudycisne@illinois.edu','1990-04-03',1),('ruthwmunyi','Ruth Munyi','6282761251','ruthwmunyi@illinois.edu','2004-01-08',1),('ryandanielatt','Ryan Daniel','5044307465','ryandanielatt@illinois.edu','1998-11-04',1),('ryanfelsman','Ryan Felsman','3850168745','ryanfelsman@illinois.edu','1998-08-06',1),('rzhprmdz','Rezha Premadiaz','8888363664','rzhprmdz@illinois.edu','1999-01-27',1),('sabine_dhbw','sabine_dhbw','7625189849','sabine_dhbw@illinois.edu','1995-10-20',1),('safeerabbaspk','Safeer Abbas','4775173045','safeerabbaspk@illinois.edu','1992-05-29',1),('saiduml','Sancha','5566072472','saiduml@illinois.edu','2001-01-16',1),('sainathappagoni','Sainath Appagoni','7405892489','sainathappagoni@illinois.edu','2003-11-20',1),('sajjadtarakzai','Sajjad Tarakzai','2376124229','sajjadtarakzai@illinois.edu','1996-05-25',1),('saketsj2','Saket Jajoo','4479020563','saketsj2@illinois.edu','1998-09-26',2),('sakitty_ptx','Sakitty','6784110580','sakitty_ptx@illinois.edu','1997-12-19',1),('salonesabil','Isabel Brooks','3080057246','salonesabil@illinois.edu','1997-07-01',1),('saltyphone','saltyphone','5607689457','saltyphone@illinois.edu','1990-02-10',1),('samaraman123','Raman Sama','8873350939','samaraman123@illinois.edu','2004-06-14',1),('samcyliax','Sam Cyliax','7873058176','samcyliax@illinois.edu','1993-11-26',1),('sameerkarvemt','sameer karve','5720583348','sameerkarvemt@illinois.edu','2003-01-12',1),('sami1laine','Sami Laine','6208295637','sami1laine@illinois.edu','2004-04-01',1),('samuelbaker67','sam','4326023977','samuelbaker67@illinois.edu','1995-06-24',1),('sandra_harris','Sandra Harris','8539408747','sandra_harris@illinois.edu','2002-01-21',1),('sani_07','muhammed s saidu','5392261267','sani_07@illinois.edu','1999-08-15',1),('sanjamregmi','Sanjam Regmi','3708576319','sanjamregmi@illinois.edu','2003-07-18',1),('satrending','South Africa Trends','7568768098','satrending@illinois.edu','1996-12-07',1),('savicevic1973','dennys oliver romero','4801962529','savicevic1973@illinois.edu','2002-07-15',1),('saywellness2','Changing Wellness','4162953528','saywellness2@illinois.edu','1999-12-17',1),('scarlettwarrior','Adrian Scarlett','8258504138','scarlettwarrior@illinois.edu','1993-12-12',1),('sdsueuro','Emily Matthews','4136216760','sdsueuro@illinois.edu','2005-12-25',1),('seapabkk','SEAPA','2927139230','seapabkk@illinois.edu','2002-09-19',1),('secretcodem7','secretcodem7','7465655542','secretcodem7@illinois.edu','2000-10-29',1),('seedhesadheakki','Akshay Nagaich','6292932116','seedhesadheakki@illinois.edu','1997-05-09',1),('segavox_44114','odii kingsley','2869214769','segavox_44114@illinois.edu','1996-08-07',1),('selfloveaearw','Divinesoul','6958755677','selfloveaearw@illinois.edu','2002-12-29',1),('sena_adi21','Sena_adi','3436862563','sena_adi21@illinois.edu','1999-09-30',1),('sergioferraris','Sergio Ferraris','6358415142','sergioferraris@illinois.edu','1997-03-13',1),('sh_orouk','sarah heaton','8183955779','sh_orouk@illinois.edu','1993-08-04',1),('shadow_anino','Mark A.','5906010344','shadow_anino@illinois.edu','1995-06-15',1),('shadowfox871','eric sumthn','5741972997','shadowfox871@illinois.edu','1999-06-04',1),('shahkourosh','Abu Kafir Al-Esraili','5302437501','shahkourosh@illinois.edu','2004-06-25',1),('sharmahitesh93','hitesh sharma','3954701877','sharmahitesh93@illinois.edu','2003-08-28',1),('shashashabooyea','Shannon Brown','2579564732','shashashabooyea@illinois.edu','1996-11-15',1),('shazreenfarhah','reen','5237384433','shazreenfarhah@illinois.edu','1992-04-10',1),('she_alcaide','Sheryl','5817050684','she_alcaide@illinois.edu','1995-04-04',1),('shelovejordan','the real jordan.','7804495759','shelovejordan@illinois.edu','1991-07-27',1),('shibwec','Muya Rodrick','4415975905','shibwec@illinois.edu','2005-03-20',1),('shilanqadir','shilan','8357404143','shilanqadir@illinois.edu','1991-07-26',1),('shreyanshrathi','shreyansh','4120609620','shreyanshrathi@illinois.edu','2001-08-16',1),('si_ohumu','s.i. ohumu','4719620312','si_ohumu@illinois.edu','1999-12-18',1),('sienk0','King of Donairs','8185918907','sienk0@illinois.edu','1990-10-10',1),('signsfromirl','Signs From Ireland','6988641988','signsfromirl@illinois.edu','1995-12-13',1),('silky0135','silkyagrawal','7401302349','silky0135@illinois.edu','2000-06-05',1),('simplewareltd','Simpleware','6929880035','simplewareltd@illinois.edu','1997-08-06',1),('simplysia','sia','2177313868','simplysia@illinois.edu','1993-05-09',1),('sins19kojohoho','QUAME Jr','5019590088','sins19kojohoho@illinois.edu','1993-03-07',1),('sipho_zn','Msai','7770596997','sipho_zn@illinois.edu','2002-05-17',1),('sircapoako','rod antonio','7188067788','sircapoako@illinois.edu','1991-11-28',1),('sirichson','simon richardson','6929569102','sirichson@illinois.edu','2000-07-27',1),('skssaltanat','PRDP 12th NOV','5765211362','skssaltanat@illinois.edu','2002-06-17',1),('skyemah77','Skye Mah','2209879402','skyemah77@illinois.edu','1998-08-29',1),('smitteons_','Kickball Smith','2473307570','smitteons_@illinois.edu','2004-10-10',1),('soltoseedfarm','Sol to Seed Farm','3418972695','soltoseedfarm@illinois.edu','1997-03-29',1),('sopphhucked','Harvey Milk','2240434891','sopphhucked@illinois.edu','1990-07-15',1),('spasonoro','CarlosJavier','7074597179','spasonoro@illinois.edu','1994-07-14',1),('specialcarpk','SpecialCar Pakistan','3836850395','specialcarpk@illinois.edu','2004-05-29',1),('sport_tin','Ali Afzal','3114722606','sport_tin@illinois.edu','1997-04-19',1),('sportschatlive','SportsChat Live','5335973389','sportschatlive@illinois.edu','2003-05-16',1),('sportsjunkie007','Kevin Radowits','6962813408','sportsjunkie007@illinois.edu','2000-03-03',1),('squares73terry','Sarah Eleanor Terry','6374710725','squares73terry@illinois.edu','1999-02-02',1),('stankin_rankin','Stankin Rankin','4510031522','stankin_rankin@illinois.edu','2003-03-10',1),('stefyqb','Stephanie Grace','3320590283','stefyqb@illinois.edu','1995-12-16',1),('stellacotton','Stella Y.','7896682525','stellacotton@illinois.edu','2004-02-18',1),('stellamaris614','Marie','8667819306','stellamaris614@illinois.edu','2001-02-07',1),('stephaniejvel','steph','3217166054','stephaniejvel@illinois.edu','2002-03-28',1),('steve00794525','steve','3681469981','steve00794525@illinois.edu','1997-07-09',1),('stevewillmott','steve willmott','2211139189','stevewillmott@illinois.edu','1996-04-06',1),('stockcursor','StockCursor','6775767141','stockcursor@illinois.edu','1991-02-25',1),('stonericharde1','Richard E. Stone','4897147634','stonericharde1@illinois.edu','1997-06-14',1),('suepesznecker','Susan Pesznecker','3339371596','suepesznecker@illinois.edu','2002-12-14',1),('sumairgohar3','Latif','3330244060','sumairgohar3@illinois.edu','2005-09-27',1),('sumairgohar6','Nadeem','6162137413','sumairgohar6@illinois.edu','1993-06-09',1),('sunkanmishams','Sunkanmi BabaAlaje','8841280527','sunkanmishams@illinois.edu','1990-07-18',1),('superfuturelove','#Eagles 3-4.','8892134739','superfuturelove@illinois.edu','1991-09-15',1),('supp_gabby','Gabby','8786782984','supp_gabby@illinois.edu','2003-11-09',1),('susansopine','Susan Hutchinson','8340277426','susansopine@illinois.edu','2000-05-04',1),('svnaidoo','Srini Naidoo','3903134422','svnaidoo@illinois.edu','1997-09-29',1),('swaggysid__','ODBJ','2975572822','swaggysid__@illinois.edu','1991-07-15',1),('sweeting_gina','Artsy Sweet','3963981022','sweeting_gina@illinois.edu','1997-08-25',1),('sweetyb41804973','sweety baby','6821555997','sweetyb41804973@illinois.edu','2000-11-04',1),('swfc12345','garry dickson','4691909650','swfc12345@illinois.edu','2002-06-09',1),('sydneyaustral_a','Sydney Australia age','2513013497','sydneyaustral_a@illinois.edu','1997-02-14',1),('sydneyhorrorx','sydney romanova','3152422118','sydneyhorrorx@illinois.edu','1992-07-25',1),('syriaconflict','Syria Conflict','6266001298','syriaconflict@illinois.edu','1990-08-09',1),('szelepanna','Szepa','2092521318','szelepanna@illinois.edu','2003-11-29',1),('taele_sphiwe','2J','3828363796','taele_sphiwe@illinois.edu','2005-01-28',1),('tailwind3','Tailwind','5687775247','tailwind3@illinois.edu','1994-04-07',1),('takwane2','Kedar Takwane','4479020312','takwane2@illinois.edu','1997-12-30',2),('tamil1947','tamil','3919357627','tamil1947@illinois.edu','2004-06-11',1),('tattooingmgc','mc','4742013350','tattooingmgc@illinois.edu','2004-05-14',1),('tattos_addict','TATTOOS ADDICTION','4952489317','tattos_addict@illinois.edu','2005-03-17',1),('taylordefense','giovana','7196208245','taylordefense@illinois.edu','1995-01-19',1),('tbpletcher29','Tristan Blake','6386313590','tbpletcher29@illinois.edu','2003-11-26',1),('teezythegawd','PATS 8-0 LAL 1-5','3745064908','teezythegawd@illinois.edu','1999-07-11',1),('tellybuzz','Telly Buzz','3161924175','tellybuzz@illinois.edu','1996-02-17',1),('tesscoolpeppa','pepper','3539478413','tesscoolpeppa@illinois.edu','1994-11-30',1),('the01wingman','Wingman','6047958540','the01wingman@illinois.edu','2005-12-02',1),('the5bestboys','bands [PB]','2351378407','the5bestboys@illinois.edu','1995-10-14',1),('the5thoctave','THAToneREALthing','2913322299','the5thoctave@illinois.edu','2001-12-23',1),('theangrymick','Donald G. Carder','2095116922','theangrymick@illinois.edu','2001-02-14',1),('thebrandguide','Brand Guide','7642892013','thebrandguide@illinois.edu','2000-08-03',1),('thecoffeequeen2','Fanny','2586019072','thecoffeequeen2@illinois.edu','2000-06-11',1),('thedon___','swaggy T','3893332265','thedon___@illinois.edu','2001-06-13',1),('theeglamqueen','Raeee','8522358678','theeglamqueen@illinois.edu','1999-03-01',1),('thefeudupdate','The Feud','6260086556','thefeudupdate@illinois.edu','1998-11-26',1),('thegoodphight','The Good Phight','4934923602','thegoodphight@illinois.edu','2002-10-23',1),('theislandmaven','Chet Capua','6527903406','theislandmaven@illinois.edu','1991-08-09',1),('themexicoreport','Susie Albin-Najera','7640185473','themexicoreport@illinois.edu','2002-09-11',1),('theonlyleaderbb','Ahtesham bokhari','7947840176','theonlyleaderbb@illinois.edu','1998-02-25',1),('thereal_jmoney','James Mooney','5972116355','thereal_jmoney@illinois.edu','2001-11-30',1),('thereal_robjack','Call Me BERT WONHERS','2768379887','thereal_robjack@illinois.edu','1994-12-11',1),('therealbethann','Beth-Ann','4604474981','therealbethann@illinois.edu','2004-03-19',1),('thestationng','The Station Nigeria','4286841958','thestationng@illinois.edu','1993-12-09',1),('thetruth24us','The Truth 24 US','4051405511','thetruth24us@illinois.edu','1994-10-25',1),('thewikitommy','Syafiq Wazien','6507965286','thewikitommy@illinois.edu','1992-07-19',1),('thewireradio','The Wire','7605105330','thewireradio@illinois.edu','2001-08-01',1),('they_callmepapi','Daniel.','7675997408','they_callmepapi@illinois.edu','1994-11-08',1),('thol_rauf','Tholath','2822598988','thol_rauf@illinois.edu','2000-03-08',1),('thomaswalker42','Thomas Walker','8507378007','thomaswalker42@illinois.edu','1996-05-11',1),('thor_long11','Thor Long','4092158509','thor_long11@illinois.edu','1995-11-06',1),('ticchula','TIC Chulalongkorn','6778010991','ticchula@illinois.edu','1991-01-30',1),('tim_lashley','Tim Lashley','4895617498','tim_lashley@illinois.edu','1992-08-08',1),('tispoubonvi1974','Shirley Archibald','8812334390','tispoubonvi1974@illinois.edu','1990-11-22',1),('tiwatopejones','IG:tiwatopejones','2123858566','tiwatopejones@illinois.edu','2000-08-24',1),('tobidawodu','**YUNG** | So*Batar','7251842032','tobidawodu@illinois.edu','2001-05-04',1),('todayspop','TodaysPop','4956860080','todayspop@illinois.edu','2000-04-04',1),('tomdoig','tom doig','3536539393','tomdoig@illinois.edu','1995-05-11',1),('tomihoooooo','Gabbie A.','4277073567','tomihoooooo@illinois.edu','1995-12-10',1),('toniannela','deetz','2998755151','toniannela@illinois.edu','1995-10-10',1),('tootie42448','TootieTweets','5228192094','tootie42448@illinois.edu','1993-03-23',1),('tootthebarber','Hair Hustler','3217070252','tootthebarber@illinois.edu','2001-07-21',1),('torsadventuresm','TORsAdventures Media','2017662185','torsadventuresm@illinois.edu','1993-05-24',1),('totalupdet','total news updet','6929966967','totalupdet@illinois.edu','2001-08-04',1),('toutorj','Toutor J.','8367832369','toutorj@illinois.edu','1995-04-18',1),('travelnewsdeals','Travel News & Deals','2254753362','travelnewsdeals@illinois.edu','2003-05-09',1),('trcanlas','Teresa Canlas','2613610923','trcanlas@illinois.edu','1997-01-07',1),('tre_pound_713','Tre Pound','3586500710','tre_pound_713@illinois.edu','1990-04-26',1),('trent__swanson','Trent !!','5892652446','trent__swanson@illinois.edu','2003-03-23',1),('trezzori','Oleg Sopronenko','4281113067','trezzori@illinois.edu','1995-02-20',1),('trinz33','AJT','8269826550','trinz33@illinois.edu','2005-01-23',1),('triplec1998','Cody Crawford','4891315346','triplec1998@illinois.edu','1992-07-04',1),('trizztaylor','Amaretto Papi','3821816101','trizztaylor@illinois.edu','1993-05-06',1),('truemira','#GlazedLunarEnergy','6818921435','truemira@illinois.edu','2003-03-29',1),('tstark','Tony Stark','7777777777','bwayne@illinois.edu','1988-04-03',3),('tu_kwenn','oliver queen','6385655083','tu_kwenn@illinois.edu','1995-11-17',1),('tulyhtown','Tuly','3040251496','tulyhtown@illinois.edu','1991-06-16',1),('tumbuhkan','Tumbuhkan','3087338521','tumbuhkan@illinois.edu','2001-03-09',1),('tuzomurizov','Gillian Naisbit','6307708938','tuzomurizov@illinois.edu','2005-07-06',1),('tward73','Tim Ward','6618459420','tward73@illinois.edu','2004-09-27',1),('tweetivy20','tweetivy','7389249966','tweetivy20@illinois.edu','1996-09-12',1),('tz_very_own','Winnie','3594642882','tz_very_own@illinois.edu','2000-09-03',1),('uchennadumetol2','uchenna','4699969392','uchennadumetol2@illinois.edu','1996-01-26',1),('ugandanjoblines','UgandanJobline','7188867466','ugandanjoblines@illinois.edu','1996-08-09',1),('umassbeacons','UMassBostonAthletics','2980364229','umassbeacons@illinois.edu','1997-09-02',1),('umezulike1','Baddest','6909543959','umezulike1@illinois.edu','1999-10-09',1),('umimdelainey','Delainey Niven','4255701988','umimdelainey@illinois.edu','1993-02-20',1),('umo2013','Umo','6307557540','umo2013@illinois.edu','1991-07-28',1),('umshahad1986','Zack Al-alawi','3440132311','umshahad1986@illinois.edu','1999-03-02',1),('unanoviacabrona','Somos Chicas','5668151227','unanoviacabrona@illinois.edu','1993-09-27',1),('uncleporkie','Pamela Donaldson','4926791365','uncleporkie@illinois.edu','1996-09-29',1),('unicmanama','UNIC Manama','8798185444','unicmanama@illinois.edu','2000-04-22',1),('upshelp','UPS Customer Support','3555715354','upshelp@illinois.edu','1995-11-24',1),('ushasudarshan27','Usha Rawat','2490564369','ushasudarshan27@illinois.edu','1993-06-17',1),('uskeus','UskeusNews','2794833811','uskeus@illinois.edu','1995-09-04',1),('uzairaslam14','Uzair Aslam','7534510197','uzairaslam14@illinois.edu','1998-04-04',1),('v_nerobckowa','Blaine','7499780871','v_nerobckowa@illinois.edu','2002-01-18',1),('vadenandrew','Andrew Vaden','2765814155','vadenandrew@illinois.edu','2003-02-15',1),('vandavague','Le Vandule','8608368952','vandavague@illinois.edu','1999-03-04',1),('vansonouis','Mille|pcd','8076997712','vansonouis@illinois.edu','2004-08-28',1),('veneromatias','highly excellent rev','2122716211','veneromatias@illinois.edu','2002-11-24',1),('ventermitt','Commie Bastardess','4042169706','ventermitt@illinois.edu','1990-04-17',1),('verejohansen','Johansen Vere','3767162317','verejohansen@illinois.edu','1996-11-04',1),('vincentturner80','Vincent Turner','6333161712','vincentturner80@illinois.edu','2005-11-27',1),('vinksharma','ViNaYsHaRmA','5937774629','vinksharma@illinois.edu','1995-04-02',1),('vipinkumarinsa2','Vipin Kumar insan','4497350275','vipinkumarinsa2@illinois.edu','1996-09-01',1),('visit_turkey','Visiting Turkey','5881306414','visit_turkey@illinois.edu','1993-10-14',1),('visitseychelles','Seychelles.Travel','3570424750','visitseychelles@illinois.edu','1993-05-06',1),('visualpersist','Visual Persistence','5500975533','visualpersist@illinois.edu','1999-04-08',1),('vofnnamibia','VOFN Namibia','7549675555','vofnnamibia@illinois.edu','1995-02-24',1),('von_crumple','Magnus Von Crumple','4145918178','von_crumple@illinois.edu','1997-01-21',1),('vraptors_','Kanye','3724204128','vraptors_@illinois.edu','1990-09-11',1),('walkerdude13','PRossman*HoldenOn','3662878048','walkerdude13@illinois.edu','1995-10-28',1),('watersonjade','Jade Waterson','8467603040','watersonjade@illinois.edu','1992-09-28',1),('waydee77','Omidokun Waheed','2062617536','waydee77@illinois.edu','1996-02-14',1),('wccomputers','West County Computer','5405758753','wccomputers@illinois.edu','2005-04-28',1),('wceagles77','st*rdust','7930742209','wceagles77@illinois.edu','1996-04-01',1),('wegoid','Wego Indonesia','4049488273','wegoid@illinois.edu','1999-07-10',1),('whatsnewinnews','What\'s New in News','7356940203','whatsnewinnews@illinois.edu','1995-02-04',1),('wheelychris','Chris Snow','5914248040','wheelychris@illinois.edu','2002-11-02',1),('whisper5003','wilma bane','3823879913','whisper5003@illinois.edu','1991-01-22',1),('wildgees8','wildgees8','4319926790','wildgees8@illinois.edu','2003-10-23',1),('wingler_sherri','Sherri Wingler','4221949206','wingler_sherri@illinois.edu','1993-03-29',1),('winsconation','WINsconsin Nation','3227916860','winsconation@illinois.edu','2002-12-22',1),('wood_cdwo1','Colleen Wood','3892678463','wood_cdwo1@illinois.edu','1991-04-05',1),('wrestle_talk','Wrestle_Talk','8285866065','wrestle_talk@illinois.edu','1992-02-22',1),('wvpakis','World ViewsPakistan','6849335232','wvpakis@illinois.edu','1993-11-17',1),('xcaramel_jonesx','Young Goddess','7537992554','xcaramel_jonesx@illinois.edu','1997-10-29',1),('xorands','Jim Metcalfe','2894991582','xorands@illinois.edu','1990-06-02',1),('xtsoccer','Football Soccer News','8703360577','xtsoccer@illinois.edu','2003-09-13',1),('yaasiros','Yaasir Bravo Moh\'d','6577409702','yaasiros@illinois.edu','2004-07-12',1),('yamansharma22','Yaman Sharma','2276462115','yamansharma22@illinois.edu','2003-09-13',1),('yatovalmonte','Maine na mahal kita','2961280456','yatovalmonte@illinois.edu','2000-05-10',1),('yayan0628','Sanjayanto Nugroho','2413039341','yayan0628@illinois.edu','1991-10-10',1),('yeahdotpictures','Yeah! Pictures','4671618227','yeahdotpictures@illinois.edu','1993-07-01',1),('ygolwalkar','Yogesh Golwalkar','7221858273','ygolwalkar@illinois.edu','1993-01-12',1),('yoghourte','cat blanchett','3972816614','yoghourte@illinois.edu','1991-01-28',1),('yongicon','Young Success','3515621532','yongicon@illinois.edu','2004-07-25',1),('youbidderjones','YoubidderJon','8432388951','youbidderjones@illinois.edu','1997-08-08',1),('yousif199531','ELMO','8620974238','yousif199531@illinois.edu','1993-11-03',1),('yunusverified','Yunus Merchant','6405371356','yunusverified@illinois.edu','2004-08-27',1),('yusufsiyunda','STAR BOY','7385069007','yusufsiyunda@illinois.edu','1997-10-25',1),('yvaiwhy','Rishwan Jalyl','4267822638','yvaiwhy@illinois.edu','1999-11-15',1),('zachsorrentino5','Zach','4831754910','zachsorrentino5@illinois.edu','2004-04-17',1),('zachtulio','Zach Tulio','6815558240','zachtulio@illinois.edu','1998-09-24',1),('zahralahcini','swift','8649768171','zahralahcini@illinois.edu','2003-01-06',1),('zenmommangrimes','Sheila','4991699961','zenmommangrimes@illinois.edu','1998-09-27',1),('zoomnclick','Feroz Khan','4243042379','zoomnclick@illinois.edu','2002-09-01',1);
/*!40000 ALTER TABLE `Users` ENABLE KEYS */;
UNLOCK TABLES;
/*!40103 SET TIME_ZONE=@OLD_TIME_ZONE */;

/*!40101 SET SQL_MODE=@OLD_SQL_MODE */;
/*!40014 SET FOREIGN_KEY_CHECKS=@OLD_FOREIGN_KEY_CHECKS */;
/*!40014 SET UNIQUE_CHECKS=@OLD_UNIQUE_CHECKS */;
/*!40101 SET CHARACTER_SET_CLIENT=@OLD_CHARACTER_SET_CLIENT */;
/*!40101 SET CHARACTER_SET_RESULTS=@OLD_CHARACTER_SET_RESULTS */;
/*!40101 SET COLLATION_CONNECTION=@OLD_COLLATION_CONNECTION */;
/*!40111 SET SQL_NOTES=@OLD_SQL_NOTES */;

-- Dump completed on 2022-10-20 12:25:15
