-- MySQL dump 10.13  Distrib 8.0.31, for macos12 (arm64)
--
-- Host: localhost    Database: SRKC
-- ------------------------------------------------------
-- Server version	8.0.31

/*!40101 SET @OLD_CHARACTER_SET_CLIENT=@@CHARACTER_SET_CLIENT */;
/*!40101 SET @OLD_CHARACTER_SET_RESULTS=@@CHARACTER_SET_RESULTS */;
/*!40101 SET @OLD_COLLATION_CONNECTION=@@COLLATION_CONNECTION */;
/*!50503 SET NAMES utf8mb4 */;
/*!40103 SET @OLD_TIME_ZONE=@@TIME_ZONE */;
/*!40103 SET TIME_ZONE='+00:00' */;
/*!40014 SET @OLD_UNIQUE_CHECKS=@@UNIQUE_CHECKS, UNIQUE_CHECKS=0 */;
/*!40014 SET @OLD_FOREIGN_KEY_CHECKS=@@FOREIGN_KEY_CHECKS, FOREIGN_KEY_CHECKS=0 */;
/*!40101 SET @OLD_SQL_MODE=@@SQL_MODE, SQL_MODE='NO_AUTO_VALUE_ON_ZERO' */;
/*!40111 SET @OLD_SQL_NOTES=@@SQL_NOTES, SQL_NOTES=0 */;

--
-- Current Database: `SRKC`
--

CREATE DATABASE /*!32312 IF NOT EXISTS*/ `SRKC` /*!40100 DEFAULT CHARACTER SET utf8mb4 COLLATE utf8mb4_0900_ai_ci */ /*!80016 DEFAULT ENCRYPTION='N' */;

USE `SRKC`;

--
-- Table structure for table `AvailableSlots`
--

DROP TABLE IF EXISTS `AvailableSlots`;
/*!40101 SET @saved_cs_client     = @@character_set_client */;
/*!50503 SET character_set_client = utf8mb4 */;
CREATE TABLE `AvailableSlots` (
  `available_slot_id` int NOT NULL AUTO_INCREMENT,
  `slot_date` date DEFAULT NULL,
  `slot_id` int DEFAULT NULL,
  PRIMARY KEY (`available_slot_id`),
  KEY `slot_id` (`slot_id`),
  CONSTRAINT `availableslots_ibfk_1` FOREIGN KEY (`slot_id`) REFERENCES `Slots` (`slot_id`) ON DELETE CASCADE ON UPDATE CASCADE
) ENGINE=InnoDB AUTO_INCREMENT=2377 DEFAULT CHARSET=utf8mb4 COLLATE=utf8mb4_0900_ai_ci;
/*!40101 SET character_set_client = @saved_cs_client */;

--
-- Dumping data for table `AvailableSlots`
--

LOCK TABLES `AvailableSlots` WRITE;
/*!40000 ALTER TABLE `AvailableSlots` DISABLE KEYS */;
INSERT INTO `AvailableSlots` VALUES (1,'2022-08-22',1),(2,'2022-08-22',2),(3,'2022-08-22',3),(4,'2022-08-22',4),(5,'2022-08-22',5),(6,'2022-08-22',6),(7,'2022-08-22',7),(8,'2022-08-22',8),(9,'2022-08-22',9),(10,'2022-08-22',10),(11,'2022-08-22',11),(12,'2022-08-22',12),(13,'2022-08-22',13),(14,'2022-08-22',14),(15,'2022-08-22',15),(16,'2022-08-22',16),(17,'2022-08-22',17),(18,'2022-08-22',18),(19,'2022-08-23',1),(20,'2022-08-23',2),(21,'2022-08-23',3),(22,'2022-08-23',4),(23,'2022-08-23',5),(24,'2022-08-23',6),(25,'2022-08-23',7),(26,'2022-08-23',8),(27,'2022-08-23',9),(28,'2022-08-23',10),(29,'2022-08-23',11),(30,'2022-08-23',12),(31,'2022-08-23',13),(32,'2022-08-23',14),(33,'2022-08-23',15),(34,'2022-08-23',16),(35,'2022-08-23',17),(36,'2022-08-23',18),(37,'2022-08-24',1),(38,'2022-08-24',2),(39,'2022-08-24',3),(40,'2022-08-24',4),(41,'2022-08-24',5),(42,'2022-08-24',6),(43,'2022-08-24',7),(44,'2022-08-24',8),(45,'2022-08-24',9),(46,'2022-08-24',10),(47,'2022-08-24',11),(48,'2022-08-24',12),(49,'2022-08-24',13),(50,'2022-08-24',14),(51,'2022-08-24',15),(52,'2022-08-24',16),(53,'2022-08-24',17),(54,'2022-08-24',18),(55,'2022-08-25',1),(56,'2022-08-25',2),(57,'2022-08-25',3),(58,'2022-08-25',4),(59,'2022-08-25',5),(60,'2022-08-25',6),(61,'2022-08-25',7),(62,'2022-08-25',8),(63,'2022-08-25',9),(64,'2022-08-25',10),(65,'2022-08-25',11),(66,'2022-08-25',12),(67,'2022-08-25',13),(68,'2022-08-25',14),(69,'2022-08-25',15),(70,'2022-08-25',16),(71,'2022-08-25',17),(72,'2022-08-25',18),(73,'2022-08-26',1),(74,'2022-08-26',2),(75,'2022-08-26',3),(76,'2022-08-26',4),(77,'2022-08-26',5),(78,'2022-08-26',6),(79,'2022-08-26',7),(80,'2022-08-26',8),(81,'2022-08-26',9),(82,'2022-08-26',10),(83,'2022-08-26',11),(84,'2022-08-26',12),(85,'2022-08-26',13),(86,'2022-08-26',14),(87,'2022-08-26',15),(88,'2022-08-26',16),(89,'2022-08-26',17),(90,'2022-08-26',18),(91,'2022-08-27',1),(92,'2022-08-27',2),(93,'2022-08-27',3),(94,'2022-08-27',4),(95,'2022-08-27',5),(96,'2022-08-27',6),(97,'2022-08-27',7),(98,'2022-08-27',8),(99,'2022-08-27',9),(100,'2022-08-27',10),(101,'2022-08-27',11),(102,'2022-08-27',12),(103,'2022-08-27',13),(104,'2022-08-27',14),(105,'2022-08-27',15),(106,'2022-08-27',16),(107,'2022-08-27',17),(108,'2022-08-27',18),(109,'2022-08-28',1),(110,'2022-08-28',2),(111,'2022-08-28',3),(112,'2022-08-28',4),(113,'2022-08-28',5),(114,'2022-08-28',6),(115,'2022-08-28',7),(116,'2022-08-28',8),(117,'2022-08-28',9),(118,'2022-08-28',10),(119,'2022-08-28',11),(120,'2022-08-28',12),(121,'2022-08-28',13),(122,'2022-08-28',14),(123,'2022-08-28',15),(124,'2022-08-28',16),(125,'2022-08-28',17),(126,'2022-08-28',18),(127,'2022-08-29',1),(128,'2022-08-29',2),(129,'2022-08-29',3),(130,'2022-08-29',4),(131,'2022-08-29',5),(132,'2022-08-29',6),(133,'2022-08-29',7),(134,'2022-08-29',8),(135,'2022-08-29',9),(136,'2022-08-29',10),(137,'2022-08-29',11),(138,'2022-08-29',12),(139,'2022-08-29',13),(140,'2022-08-29',14),(141,'2022-08-29',15),(142,'2022-08-29',16),(143,'2022-08-29',17),(144,'2022-08-29',18),(145,'2022-08-30',1),(146,'2022-08-30',2),(147,'2022-08-30',3),(148,'2022-08-30',4),(149,'2022-08-30',5),(150,'2022-08-30',6),(151,'2022-08-30',7),(152,'2022-08-30',8),(153,'2022-08-30',9),(154,'2022-08-30',10),(155,'2022-08-30',11),(156,'2022-08-30',12),(157,'2022-08-30',13),(158,'2022-08-30',14),(159,'2022-08-30',15),(160,'2022-08-30',16),(161,'2022-08-30',17),(162,'2022-08-30',18),(163,'2022-08-31',1),(164,'2022-08-31',2),(165,'2022-08-31',3),(166,'2022-08-31',4),(167,'2022-08-31',5),(168,'2022-08-31',6),(169,'2022-08-31',7),(170,'2022-08-31',8),(171,'2022-08-31',9),(172,'2022-08-31',10),(173,'2022-08-31',11),(174,'2022-08-31',12),(175,'2022-08-31',13),(176,'2022-08-31',14),(177,'2022-08-31',15),(178,'2022-08-31',16),(179,'2022-08-31',17),(180,'2022-08-31',18),(181,'2022-09-01',1),(182,'2022-09-01',2),(183,'2022-09-01',3),(184,'2022-09-01',4),(185,'2022-09-01',5),(186,'2022-09-01',6),(187,'2022-09-01',7),(188,'2022-09-01',8),(189,'2022-09-01',9),(190,'2022-09-01',10),(191,'2022-09-01',11),(192,'2022-09-01',12),(193,'2022-09-01',13),(194,'2022-09-01',14),(195,'2022-09-01',15),(196,'2022-09-01',16),(197,'2022-09-01',17),(198,'2022-09-01',18),(199,'2022-09-02',1),(200,'2022-09-02',2),(201,'2022-09-02',3),(202,'2022-09-02',4),(203,'2022-09-02',5),(204,'2022-09-02',6),(205,'2022-09-02',7),(206,'2022-09-02',8),(207,'2022-09-02',9),(208,'2022-09-02',10),(209,'2022-09-02',11),(210,'2022-09-02',12),(211,'2022-09-02',13),(212,'2022-09-02',14),(213,'2022-09-02',15),(214,'2022-09-02',16),(215,'2022-09-02',17),(216,'2022-09-02',18),(217,'2022-09-03',1),(218,'2022-09-03',2),(219,'2022-09-03',3),(220,'2022-09-03',4),(221,'2022-09-03',5),(222,'2022-09-03',6),(223,'2022-09-03',7),(224,'2022-09-03',8),(225,'2022-09-03',9),(226,'2022-09-03',10),(227,'2022-09-03',11),(228,'2022-09-03',12),(229,'2022-09-03',13),(230,'2022-09-03',14),(231,'2022-09-03',15),(232,'2022-09-03',16),(233,'2022-09-03',17),(234,'2022-09-03',18),(235,'2022-09-04',1),(236,'2022-09-04',2),(237,'2022-09-04',3),(238,'2022-09-04',4),(239,'2022-09-04',5),(240,'2022-09-04',6),(241,'2022-09-04',7),(242,'2022-09-04',8),(243,'2022-09-04',9),(244,'2022-09-04',10),(245,'2022-09-04',11),(246,'2022-09-04',12),(247,'2022-09-04',13),(248,'2022-09-04',14),(249,'2022-09-04',15),(250,'2022-09-04',16),(251,'2022-09-04',17),(252,'2022-09-04',18),(253,'2022-09-05',1),(254,'2022-09-05',2),(255,'2022-09-05',3),(256,'2022-09-05',4),(257,'2022-09-05',5),(258,'2022-09-05',6),(259,'2022-09-05',7),(260,'2022-09-05',8),(261,'2022-09-05',9),(262,'2022-09-05',10),(263,'2022-09-05',11),(264,'2022-09-05',12),(265,'2022-09-05',13),(266,'2022-09-05',14),(267,'2022-09-05',15),(268,'2022-09-05',16),(269,'2022-09-05',17),(270,'2022-09-05',18),(271,'2022-09-06',1),(272,'2022-09-06',2),(273,'2022-09-06',3),(274,'2022-09-06',4),(275,'2022-09-06',5),(276,'2022-09-06',6),(277,'2022-09-06',7),(278,'2022-09-06',8),(279,'2022-09-06',9),(280,'2022-09-06',10),(281,'2022-09-06',11),(282,'2022-09-06',12),(283,'2022-09-06',13),(284,'2022-09-06',14),(285,'2022-09-06',15),(286,'2022-09-06',16),(287,'2022-09-06',17),(288,'2022-09-06',18),(289,'2022-09-07',1),(290,'2022-09-07',2),(291,'2022-09-07',3),(292,'2022-09-07',4),(293,'2022-09-07',5),(294,'2022-09-07',6),(295,'2022-09-07',7),(296,'2022-09-07',8),(297,'2022-09-07',9),(298,'2022-09-07',10),(299,'2022-09-07',11),(300,'2022-09-07',12),(301,'2022-09-07',13),(302,'2022-09-07',14),(303,'2022-09-07',15),(304,'2022-09-07',16),(305,'2022-09-07',17),(306,'2022-09-07',18),(307,'2022-09-08',1),(308,'2022-09-08',2),(309,'2022-09-08',3),(310,'2022-09-08',4),(311,'2022-09-08',5),(312,'2022-09-08',6),(313,'2022-09-08',7),(314,'2022-09-08',8),(315,'2022-09-08',9),(316,'2022-09-08',10),(317,'2022-09-08',11),(318,'2022-09-08',12),(319,'2022-09-08',13),(320,'2022-09-08',14),(321,'2022-09-08',15),(322,'2022-09-08',16),(323,'2022-09-08',17),(324,'2022-09-08',18),(325,'2022-09-09',1),(326,'2022-09-09',2),(327,'2022-09-09',3),(328,'2022-09-09',4),(329,'2022-09-09',5),(330,'2022-09-09',6),(331,'2022-09-09',7),(332,'2022-09-09',8),(333,'2022-09-09',9),(334,'2022-09-09',10),(335,'2022-09-09',11),(336,'2022-09-09',12),(337,'2022-09-09',13),(338,'2022-09-09',14),(339,'2022-09-09',15),(340,'2022-09-09',16),(341,'2022-09-09',17),(342,'2022-09-09',18),(343,'2022-09-10',1),(344,'2022-09-10',2),(345,'2022-09-10',3),(346,'2022-09-10',4),(347,'2022-09-10',5),(348,'2022-09-10',6),(349,'2022-09-10',7),(350,'2022-09-10',8),(351,'2022-09-10',9),(352,'2022-09-10',10),(353,'2022-09-10',11),(354,'2022-09-10',12),(355,'2022-09-10',13),(356,'2022-09-10',14),(357,'2022-09-10',15),(358,'2022-09-10',16),(359,'2022-09-10',17),(360,'2022-09-10',18),(361,'2022-09-11',1),(362,'2022-09-11',2),(363,'2022-09-11',3),(364,'2022-09-11',4),(365,'2022-09-11',5),(366,'2022-09-11',6),(367,'2022-09-11',7),(368,'2022-09-11',8),(369,'2022-09-11',9),(370,'2022-09-11',10),(371,'2022-09-11',11),(372,'2022-09-11',12),(373,'2022-09-11',13),(374,'2022-09-11',14),(375,'2022-09-11',15),(376,'2022-09-11',16),(377,'2022-09-11',17),(378,'2022-09-11',18),(379,'2022-09-12',1),(380,'2022-09-12',2),(381,'2022-09-12',3),(382,'2022-09-12',4),(383,'2022-09-12',5),(384,'2022-09-12',6),(385,'2022-09-12',7),(386,'2022-09-12',8),(387,'2022-09-12',9),(388,'2022-09-12',10),(389,'2022-09-12',11),(390,'2022-09-12',12),(391,'2022-09-12',13),(392,'2022-09-12',14),(393,'2022-09-12',15),(394,'2022-09-12',16),(395,'2022-09-12',17),(396,'2022-09-12',18),(397,'2022-09-13',1),(398,'2022-09-13',2),(399,'2022-09-13',3),(400,'2022-09-13',4),(401,'2022-09-13',5),(402,'2022-09-13',6),(403,'2022-09-13',7),(404,'2022-09-13',8),(405,'2022-09-13',9),(406,'2022-09-13',10),(407,'2022-09-13',11),(408,'2022-09-13',12),(409,'2022-09-13',13),(410,'2022-09-13',14),(411,'2022-09-13',15),(412,'2022-09-13',16),(413,'2022-09-13',17),(414,'2022-09-13',18),(415,'2022-09-14',1),(416,'2022-09-14',2),(417,'2022-09-14',3),(418,'2022-09-14',4),(419,'2022-09-14',5),(420,'2022-09-14',6),(421,'2022-09-14',7),(422,'2022-09-14',8),(423,'2022-09-14',9),(424,'2022-09-14',10),(425,'2022-09-14',11),(426,'2022-09-14',12),(427,'2022-09-14',13),(428,'2022-09-14',14),(429,'2022-09-14',15),(430,'2022-09-14',16),(431,'2022-09-14',17),(432,'2022-09-14',18),(433,'2022-09-15',1),(434,'2022-09-15',2),(435,'2022-09-15',3),(436,'2022-09-15',4),(437,'2022-09-15',5),(438,'2022-09-15',6),(439,'2022-09-15',7),(440,'2022-09-15',8),(441,'2022-09-15',9),(442,'2022-09-15',10),(443,'2022-09-15',11),(444,'2022-09-15',12),(445,'2022-09-15',13),(446,'2022-09-15',14),(447,'2022-09-15',15),(448,'2022-09-15',16),(449,'2022-09-15',17),(450,'2022-09-15',18),(451,'2022-09-16',1),(452,'2022-09-16',2),(453,'2022-09-16',3),(454,'2022-09-16',4),(455,'2022-09-16',5),(456,'2022-09-16',6),(457,'2022-09-16',7),(458,'2022-09-16',8),(459,'2022-09-16',9),(460,'2022-09-16',10),(461,'2022-09-16',11),(462,'2022-09-16',12),(463,'2022-09-16',13),(464,'2022-09-16',14),(465,'2022-09-16',15),(466,'2022-09-16',16),(467,'2022-09-16',17),(468,'2022-09-16',18),(469,'2022-09-17',1),(470,'2022-09-17',2),(471,'2022-09-17',3),(472,'2022-09-17',4),(473,'2022-09-17',5),(474,'2022-09-17',6),(475,'2022-09-17',7),(476,'2022-09-17',8),(477,'2022-09-17',9),(478,'2022-09-17',10),(479,'2022-09-17',11),(480,'2022-09-17',12),(481,'2022-09-17',13),(482,'2022-09-17',14),(483,'2022-09-17',15),(484,'2022-09-17',16),(485,'2022-09-17',17),(486,'2022-09-17',18),(487,'2022-09-18',1),(488,'2022-09-18',2),(489,'2022-09-18',3),(490,'2022-09-18',4),(491,'2022-09-18',5),(492,'2022-09-18',6),(493,'2022-09-18',7),(494,'2022-09-18',8),(495,'2022-09-18',9),(496,'2022-09-18',10),(497,'2022-09-18',11),(498,'2022-09-18',12),(499,'2022-09-18',13),(500,'2022-09-18',14),(501,'2022-09-18',15),(502,'2022-09-18',16),(503,'2022-09-18',17),(504,'2022-09-18',18),(505,'2022-09-19',1),(506,'2022-09-19',2),(507,'2022-09-19',3),(508,'2022-09-19',4),(509,'2022-09-19',5),(510,'2022-09-19',6),(511,'2022-09-19',7),(512,'2022-09-19',8),(513,'2022-09-19',9),(514,'2022-09-19',10),(515,'2022-09-19',11),(516,'2022-09-19',12),(517,'2022-09-19',13),(518,'2022-09-19',14),(519,'2022-09-19',15),(520,'2022-09-19',16),(521,'2022-09-19',17),(522,'2022-09-19',18),(523,'2022-09-20',1),(524,'2022-09-20',2),(525,'2022-09-20',3),(526,'2022-09-20',4),(527,'2022-09-20',5),(528,'2022-09-20',6),(529,'2022-09-20',7),(530,'2022-09-20',8),(531,'2022-09-20',9),(532,'2022-09-20',10),(533,'2022-09-20',11),(534,'2022-09-20',12),(535,'2022-09-20',13),(536,'2022-09-20',14),(537,'2022-09-20',15),(538,'2022-09-20',16),(539,'2022-09-20',17),(540,'2022-09-20',18),(541,'2022-09-21',1),(542,'2022-09-21',2),(543,'2022-09-21',3),(544,'2022-09-21',4),(545,'2022-09-21',5),(546,'2022-09-21',6),(547,'2022-09-21',7),(548,'2022-09-21',8),(549,'2022-09-21',9),(550,'2022-09-21',10),(551,'2022-09-21',11),(552,'2022-09-21',12),(553,'2022-09-21',13),(554,'2022-09-21',14),(555,'2022-09-21',15),(556,'2022-09-21',16),(557,'2022-09-21',17),(558,'2022-09-21',18),(559,'2022-09-22',1),(560,'2022-09-22',2),(561,'2022-09-22',3),(562,'2022-09-22',4),(563,'2022-09-22',5),(564,'2022-09-22',6),(565,'2022-09-22',7),(566,'2022-09-22',8),(567,'2022-09-22',9),(568,'2022-09-22',10),(569,'2022-09-22',11),(570,'2022-09-22',12),(571,'2022-09-22',13),(572,'2022-09-22',14),(573,'2022-09-22',15),(574,'2022-09-22',16),(575,'2022-09-22',17),(576,'2022-09-22',18),(577,'2022-09-23',1),(578,'2022-09-23',2),(579,'2022-09-23',3),(580,'2022-09-23',4),(581,'2022-09-23',5),(582,'2022-09-23',6),(583,'2022-09-23',7),(584,'2022-09-23',8),(585,'2022-09-23',9),(586,'2022-09-23',10),(587,'2022-09-23',11),(588,'2022-09-23',12),(589,'2022-09-23',13),(590,'2022-09-23',14),(591,'2022-09-23',15),(592,'2022-09-23',16),(593,'2022-09-23',17),(594,'2022-09-23',18),(595,'2022-09-24',1),(596,'2022-09-24',2),(597,'2022-09-24',3),(598,'2022-09-24',4),(599,'2022-09-24',5),(600,'2022-09-24',6),(601,'2022-09-24',7),(602,'2022-09-24',8),(603,'2022-09-24',9),(604,'2022-09-24',10),(605,'2022-09-24',11),(606,'2022-09-24',12),(607,'2022-09-24',13),(608,'2022-09-24',14),(609,'2022-09-24',15),(610,'2022-09-24',16),(611,'2022-09-24',17),(612,'2022-09-24',18),(613,'2022-09-25',1),(614,'2022-09-25',2),(615,'2022-09-25',3),(616,'2022-09-25',4),(617,'2022-09-25',5),(618,'2022-09-25',6),(619,'2022-09-25',7),(620,'2022-09-25',8),(621,'2022-09-25',9),(622,'2022-09-25',10),(623,'2022-09-25',11),(624,'2022-09-25',12),(625,'2022-09-25',13),(626,'2022-09-25',14),(627,'2022-09-25',15),(628,'2022-09-25',16),(629,'2022-09-25',17),(630,'2022-09-25',18),(631,'2022-09-26',1),(632,'2022-09-26',2),(633,'2022-09-26',3),(634,'2022-09-26',4),(635,'2022-09-26',5),(636,'2022-09-26',6),(637,'2022-09-26',7),(638,'2022-09-26',8),(639,'2022-09-26',9),(640,'2022-09-26',10),(641,'2022-09-26',11),(642,'2022-09-26',12),(643,'2022-09-26',13),(644,'2022-09-26',14),(645,'2022-09-26',15),(646,'2022-09-26',16),(647,'2022-09-26',17),(648,'2022-09-26',18),(649,'2022-09-27',1),(650,'2022-09-27',2),(651,'2022-09-27',3),(652,'2022-09-27',4),(653,'2022-09-27',5),(654,'2022-09-27',6),(655,'2022-09-27',7),(656,'2022-09-27',8),(657,'2022-09-27',9),(658,'2022-09-27',10),(659,'2022-09-27',11),(660,'2022-09-27',12),(661,'2022-09-27',13),(662,'2022-09-27',14),(663,'2022-09-27',15),(664,'2022-09-27',16),(665,'2022-09-27',17),(666,'2022-09-27',18),(667,'2022-09-28',1),(668,'2022-09-28',2),(669,'2022-09-28',3),(670,'2022-09-28',4),(671,'2022-09-28',5),(672,'2022-09-28',6),(673,'2022-09-28',7),(674,'2022-09-28',8),(675,'2022-09-28',9),(676,'2022-09-28',10),(677,'2022-09-28',11),(678,'2022-09-28',12),(679,'2022-09-28',13),(680,'2022-09-28',14),(681,'2022-09-28',15),(682,'2022-09-28',16),(683,'2022-09-28',17),(684,'2022-09-28',18),(685,'2022-09-29',1),(686,'2022-09-29',2),(687,'2022-09-29',3),(688,'2022-09-29',4),(689,'2022-09-29',5),(690,'2022-09-29',6),(691,'2022-09-29',7),(692,'2022-09-29',8),(693,'2022-09-29',9),(694,'2022-09-29',10),(695,'2022-09-29',11),(696,'2022-09-29',12),(697,'2022-09-29',13),(698,'2022-09-29',14),(699,'2022-09-29',15),(700,'2022-09-29',16),(701,'2022-09-29',17),(702,'2022-09-29',18),(703,'2022-09-30',1),(704,'2022-09-30',2),(705,'2022-09-30',3),(706,'2022-09-30',4),(707,'2022-09-30',5),(708,'2022-09-30',6),(709,'2022-09-30',7),(710,'2022-09-30',8),(711,'2022-09-30',9),(712,'2022-09-30',10),(713,'2022-09-30',11),(714,'2022-09-30',12),(715,'2022-09-30',13),(716,'2022-09-30',14),(717,'2022-09-30',15),(718,'2022-09-30',16),(719,'2022-09-30',17),(720,'2022-09-30',18),(721,'2022-10-01',1),(722,'2022-10-01',2),(723,'2022-10-01',3),(724,'2022-10-01',4),(725,'2022-10-01',5),(726,'2022-10-01',6),(727,'2022-10-01',7),(728,'2022-10-01',8),(729,'2022-10-01',9),(730,'2022-10-01',10),(731,'2022-10-01',11),(732,'2022-10-01',12),(733,'2022-10-01',13),(734,'2022-10-01',14),(735,'2022-10-01',15),(736,'2022-10-01',16),(737,'2022-10-01',17),(738,'2022-10-01',18),(739,'2022-10-02',1),(740,'2022-10-02',2),(741,'2022-10-02',3),(742,'2022-10-02',4),(743,'2022-10-02',5),(744,'2022-10-02',6),(745,'2022-10-02',7),(746,'2022-10-02',8),(747,'2022-10-02',9),(748,'2022-10-02',10),(749,'2022-10-02',11),(750,'2022-10-02',12),(751,'2022-10-02',13),(752,'2022-10-02',14),(753,'2022-10-02',15),(754,'2022-10-02',16),(755,'2022-10-02',17),(756,'2022-10-02',18),(757,'2022-10-03',1),(758,'2022-10-03',2),(759,'2022-10-03',3),(760,'2022-10-03',4),(761,'2022-10-03',5),(762,'2022-10-03',6),(763,'2022-10-03',7),(764,'2022-10-03',8),(765,'2022-10-03',9),(766,'2022-10-03',10),(767,'2022-10-03',11),(768,'2022-10-03',12),(769,'2022-10-03',13),(770,'2022-10-03',14),(771,'2022-10-03',15),(772,'2022-10-03',16),(773,'2022-10-03',17),(774,'2022-10-03',18),(775,'2022-10-04',1),(776,'2022-10-04',2),(777,'2022-10-04',3),(778,'2022-10-04',4),(779,'2022-10-04',5),(780,'2022-10-04',6),(781,'2022-10-04',7),(782,'2022-10-04',8),(783,'2022-10-04',9),(784,'2022-10-04',10),(785,'2022-10-04',11),(786,'2022-10-04',12),(787,'2022-10-04',13),(788,'2022-10-04',14),(789,'2022-10-04',15),(790,'2022-10-04',16),(791,'2022-10-04',17),(792,'2022-10-04',18),(793,'2022-10-05',1),(794,'2022-10-05',2),(795,'2022-10-05',3),(796,'2022-10-05',4),(797,'2022-10-05',5),(798,'2022-10-05',6),(799,'2022-10-05',7),(800,'2022-10-05',8),(801,'2022-10-05',9),(802,'2022-10-05',10),(803,'2022-10-05',11),(804,'2022-10-05',12),(805,'2022-10-05',13),(806,'2022-10-05',14),(807,'2022-10-05',15),(808,'2022-10-05',16),(809,'2022-10-05',17),(810,'2022-10-05',18),(811,'2022-10-06',1),(812,'2022-10-06',2),(813,'2022-10-06',3),(814,'2022-10-06',4),(815,'2022-10-06',5),(816,'2022-10-06',6),(817,'2022-10-06',7),(818,'2022-10-06',8),(819,'2022-10-06',9),(820,'2022-10-06',10),(821,'2022-10-06',11),(822,'2022-10-06',12),(823,'2022-10-06',13),(824,'2022-10-06',14),(825,'2022-10-06',15),(826,'2022-10-06',16),(827,'2022-10-06',17),(828,'2022-10-06',18),(829,'2022-10-07',1),(830,'2022-10-07',2),(831,'2022-10-07',3),(832,'2022-10-07',4),(833,'2022-10-07',5),(834,'2022-10-07',6),(835,'2022-10-07',7),(836,'2022-10-07',8),(837,'2022-10-07',9),(838,'2022-10-07',10),(839,'2022-10-07',11),(840,'2022-10-07',12),(841,'2022-10-07',13),(842,'2022-10-07',14),(843,'2022-10-07',15),(844,'2022-10-07',16),(845,'2022-10-07',17),(846,'2022-10-07',18),(847,'2022-10-08',1),(848,'2022-10-08',2),(849,'2022-10-08',3),(850,'2022-10-08',4),(851,'2022-10-08',5),(852,'2022-10-08',6),(853,'2022-10-08',7),(854,'2022-10-08',8),(855,'2022-10-08',9),(856,'2022-10-08',10),(857,'2022-10-08',11),(858,'2022-10-08',12),(859,'2022-10-08',13),(860,'2022-10-08',14),(861,'2022-10-08',15),(862,'2022-10-08',16),(863,'2022-10-08',17),(864,'2022-10-08',18),(865,'2022-10-09',1),(866,'2022-10-09',2),(867,'2022-10-09',3),(868,'2022-10-09',4),(869,'2022-10-09',5),(870,'2022-10-09',6),(871,'2022-10-09',7),(872,'2022-10-09',8),(873,'2022-10-09',9),(874,'2022-10-09',10),(875,'2022-10-09',11),(876,'2022-10-09',12),(877,'2022-10-09',13),(878,'2022-10-09',14),(879,'2022-10-09',15),(880,'2022-10-09',16),(881,'2022-10-09',17),(882,'2022-10-09',18),(883,'2022-10-10',1),(884,'2022-10-10',2),(885,'2022-10-10',3),(886,'2022-10-10',4),(887,'2022-10-10',5),(888,'2022-10-10',6),(889,'2022-10-10',7),(890,'2022-10-10',8),(891,'2022-10-10',9),(892,'2022-10-10',10),(893,'2022-10-10',11),(894,'2022-10-10',12),(895,'2022-10-10',13),(896,'2022-10-10',14),(897,'2022-10-10',15),(898,'2022-10-10',16),(899,'2022-10-10',17),(900,'2022-10-10',18),(901,'2022-10-11',1),(902,'2022-10-11',2),(903,'2022-10-11',3),(904,'2022-10-11',4),(905,'2022-10-11',5),(906,'2022-10-11',6),(907,'2022-10-11',7),(908,'2022-10-11',8),(909,'2022-10-11',9),(910,'2022-10-11',10),(911,'2022-10-11',11),(912,'2022-10-11',12),(913,'2022-10-11',13),(914,'2022-10-11',14),(915,'2022-10-11',15),(916,'2022-10-11',16),(917,'2022-10-11',17),(918,'2022-10-11',18),(919,'2022-10-12',1),(920,'2022-10-12',2),(921,'2022-10-12',3),(922,'2022-10-12',4),(923,'2022-10-12',5),(924,'2022-10-12',6),(925,'2022-10-12',7),(926,'2022-10-12',8),(927,'2022-10-12',9),(928,'2022-10-12',10),(929,'2022-10-12',11),(930,'2022-10-12',12),(931,'2022-10-12',13),(932,'2022-10-12',14),(933,'2022-10-12',15),(934,'2022-10-12',16),(935,'2022-10-12',17),(936,'2022-10-12',18),(937,'2022-10-13',1),(938,'2022-10-13',2),(939,'2022-10-13',3),(940,'2022-10-13',4),(941,'2022-10-13',5),(942,'2022-10-13',6),(943,'2022-10-13',7),(944,'2022-10-13',8),(945,'2022-10-13',9),(946,'2022-10-13',10),(947,'2022-10-13',11),(948,'2022-10-13',12),(949,'2022-10-13',13),(950,'2022-10-13',14),(951,'2022-10-13',15),(952,'2022-10-13',16),(953,'2022-10-13',17),(954,'2022-10-13',18),(955,'2022-10-14',1),(956,'2022-10-14',2),(957,'2022-10-14',3),(958,'2022-10-14',4),(959,'2022-10-14',5),(960,'2022-10-14',6),(961,'2022-10-14',7),(962,'2022-10-14',8),(963,'2022-10-14',9),(964,'2022-10-14',10),(965,'2022-10-14',11),(966,'2022-10-14',12),(967,'2022-10-14',13),(968,'2022-10-14',14),(969,'2022-10-14',15),(970,'2022-10-14',16),(971,'2022-10-14',17),(972,'2022-10-14',18),(973,'2022-10-15',1),(974,'2022-10-15',2),(975,'2022-10-15',3),(976,'2022-10-15',4),(977,'2022-10-15',5),(978,'2022-10-15',6),(979,'2022-10-15',7),(980,'2022-10-15',8),(981,'2022-10-15',9),(982,'2022-10-15',10),(983,'2022-10-15',11),(984,'2022-10-15',12),(985,'2022-10-15',13),(986,'2022-10-15',14),(987,'2022-10-15',15),(988,'2022-10-15',16),(989,'2022-10-15',17),(990,'2022-10-15',18),(991,'2022-10-16',1),(992,'2022-10-16',2),(993,'2022-10-16',3),(994,'2022-10-16',4),(995,'2022-10-16',5),(996,'2022-10-16',6),(997,'2022-10-16',7),(998,'2022-10-16',8),(999,'2022-10-16',9),(1000,'2022-10-16',10),(1001,'2022-10-16',11),(1002,'2022-10-16',12),(1003,'2022-10-16',13),(1004,'2022-10-16',14),(1005,'2022-10-16',15),(1006,'2022-10-16',16),(1007,'2022-10-16',17),(1008,'2022-10-16',18),(1009,'2022-10-17',1),(1010,'2022-10-17',2),(1011,'2022-10-17',3),(1012,'2022-10-17',4),(1013,'2022-10-17',5),(1014,'2022-10-17',6),(1015,'2022-10-17',7),(1016,'2022-10-17',8),(1017,'2022-10-17',9),(1018,'2022-10-17',10),(1019,'2022-10-17',11),(1020,'2022-10-17',12),(1021,'2022-10-17',13),(1022,'2022-10-17',14),(1023,'2022-10-17',15),(1024,'2022-10-17',16),(1025,'2022-10-17',17),(1026,'2022-10-17',18),(1027,'2022-10-18',1),(1028,'2022-10-18',2),(1029,'2022-10-18',3),(1030,'2022-10-18',4),(1031,'2022-10-18',5),(1032,'2022-10-18',6),(1033,'2022-10-18',7),(1034,'2022-10-18',8),(1035,'2022-10-18',9),(1036,'2022-10-18',10),(1037,'2022-10-18',11),(1038,'2022-10-18',12),(1039,'2022-10-18',13),(1040,'2022-10-18',14),(1041,'2022-10-18',15),(1042,'2022-10-18',16),(1043,'2022-10-18',17),(1044,'2022-10-18',18),(1045,'2022-10-19',1),(1046,'2022-10-19',2),(1047,'2022-10-19',3),(1048,'2022-10-19',4),(1049,'2022-10-19',5),(1050,'2022-10-19',6),(1051,'2022-10-19',7),(1052,'2022-10-19',8),(1053,'2022-10-19',9),(1054,'2022-10-19',10),(1055,'2022-10-19',11),(1056,'2022-10-19',12),(1057,'2022-10-19',13),(1058,'2022-10-19',14),(1059,'2022-10-19',15),(1060,'2022-10-19',16),(1061,'2022-10-19',17),(1062,'2022-10-19',18),(1063,'2022-10-20',1),(1064,'2022-10-20',2),(1065,'2022-10-20',3),(1066,'2022-10-20',4),(1067,'2022-10-20',5),(1068,'2022-10-20',6),(1069,'2022-10-20',7),(1070,'2022-10-20',8),(1071,'2022-10-20',9),(1072,'2022-10-20',10),(1073,'2022-10-20',11),(1074,'2022-10-20',12),(1075,'2022-10-20',13),(1076,'2022-10-20',14),(1077,'2022-10-20',15),(1078,'2022-10-20',16),(1079,'2022-10-20',17),(1080,'2022-10-20',18),(1081,'2022-10-21',1),(1082,'2022-10-21',2),(1083,'2022-10-21',3),(1084,'2022-10-21',4),(1085,'2022-10-21',5),(1086,'2022-10-21',6),(1087,'2022-10-21',7),(1088,'2022-10-21',8),(1089,'2022-10-21',9),(1090,'2022-10-21',10),(1091,'2022-10-21',11),(1092,'2022-10-21',12),(1093,'2022-10-21',13),(1094,'2022-10-21',14),(1095,'2022-10-21',15),(1096,'2022-10-21',16),(1097,'2022-10-21',17),(1098,'2022-10-21',18),(1099,'2022-10-22',1),(1100,'2022-10-22',2),(1101,'2022-10-22',3),(1102,'2022-10-22',4),(1103,'2022-10-22',5),(1104,'2022-10-22',6),(1105,'2022-10-22',7),(1106,'2022-10-22',8),(1107,'2022-10-22',9),(1108,'2022-10-22',10),(1109,'2022-10-22',11),(1110,'2022-10-22',12),(1111,'2022-10-22',13),(1112,'2022-10-22',14),(1113,'2022-10-22',15),(1114,'2022-10-22',16),(1115,'2022-10-22',17),(1116,'2022-10-22',18),(1117,'2022-10-23',1),(1118,'2022-10-23',2),(1119,'2022-10-23',3),(1120,'2022-10-23',4),(1121,'2022-10-23',5),(1122,'2022-10-23',6),(1123,'2022-10-23',7),(1124,'2022-10-23',8),(1125,'2022-10-23',9),(1126,'2022-10-23',10),(1127,'2022-10-23',11),(1128,'2022-10-23',12),(1129,'2022-10-23',13),(1130,'2022-10-23',14),(1131,'2022-10-23',15),(1132,'2022-10-23',16),(1133,'2022-10-23',17),(1134,'2022-10-23',18),(1135,'2022-10-24',1),(1136,'2022-10-24',2),(1137,'2022-10-24',3),(1138,'2022-10-24',4),(1139,'2022-10-24',5),(1140,'2022-10-24',6),(1141,'2022-10-24',7),(1142,'2022-10-24',8),(1143,'2022-10-24',9),(1144,'2022-10-24',10),(1145,'2022-10-24',11),(1146,'2022-10-24',12),(1147,'2022-10-24',13),(1148,'2022-10-24',14),(1149,'2022-10-24',15),(1150,'2022-10-24',16),(1151,'2022-10-24',17),(1152,'2022-10-24',18),(1153,'2022-10-25',1),(1154,'2022-10-25',2),(1155,'2022-10-25',3),(1156,'2022-10-25',4),(1157,'2022-10-25',5),(1158,'2022-10-25',6),(1159,'2022-10-25',7),(1160,'2022-10-25',8),(1161,'2022-10-25',9),(1162,'2022-10-25',10),(1163,'2022-10-25',11),(1164,'2022-10-25',12),(1165,'2022-10-25',13),(1166,'2022-10-25',14),(1167,'2022-10-25',15),(1168,'2022-10-25',16),(1169,'2022-10-25',17),(1170,'2022-10-25',18),(1171,'2022-10-26',1),(1172,'2022-10-26',2),(1173,'2022-10-26',3),(1174,'2022-10-26',4),(1175,'2022-10-26',5),(1176,'2022-10-26',6),(1177,'2022-10-26',7),(1178,'2022-10-26',8),(1179,'2022-10-26',9),(1180,'2022-10-26',10),(1181,'2022-10-26',11),(1182,'2022-10-26',12),(1183,'2022-10-26',13),(1184,'2022-10-26',14),(1185,'2022-10-26',15),(1186,'2022-10-26',16),(1187,'2022-10-26',17),(1188,'2022-10-26',18),(1189,'2022-10-27',1),(1190,'2022-10-27',2),(1191,'2022-10-27',3),(1192,'2022-10-27',4),(1193,'2022-10-27',5),(1194,'2022-10-27',6),(1195,'2022-10-27',7),(1196,'2022-10-27',8),(1197,'2022-10-27',9),(1198,'2022-10-27',10),(1199,'2022-10-27',11),(1200,'2022-10-27',12),(1201,'2022-10-27',13),(1202,'2022-10-27',14),(1203,'2022-10-27',15),(1204,'2022-10-27',16),(1205,'2022-10-27',17),(1206,'2022-10-27',18),(1207,'2022-10-28',1),(1208,'2022-10-28',2),(1209,'2022-10-28',3),(1210,'2022-10-28',4),(1211,'2022-10-28',5),(1212,'2022-10-28',6),(1213,'2022-10-28',7),(1214,'2022-10-28',8),(1215,'2022-10-28',9),(1216,'2022-10-28',10),(1217,'2022-10-28',11),(1218,'2022-10-28',12),(1219,'2022-10-28',13),(1220,'2022-10-28',14),(1221,'2022-10-28',15),(1222,'2022-10-28',16),(1223,'2022-10-28',17),(1224,'2022-10-28',18),(1225,'2022-10-29',1),(1226,'2022-10-29',2),(1227,'2022-10-29',3),(1228,'2022-10-29',4),(1229,'2022-10-29',5),(1230,'2022-10-29',6),(1231,'2022-10-29',7),(1232,'2022-10-29',8),(1233,'2022-10-29',9),(1234,'2022-10-29',10),(1235,'2022-10-29',11),(1236,'2022-10-29',12),(1237,'2022-10-29',13),(1238,'2022-10-29',14),(1239,'2022-10-29',15),(1240,'2022-10-29',16),(1241,'2022-10-29',17),(1242,'2022-10-29',18),(1243,'2022-10-30',1),(1244,'2022-10-30',2),(1245,'2022-10-30',3),(1246,'2022-10-30',4),(1247,'2022-10-30',5),(1248,'2022-10-30',6),(1249,'2022-10-30',7),(1250,'2022-10-30',8),(1251,'2022-10-30',9),(1252,'2022-10-30',10),(1253,'2022-10-30',11),(1254,'2022-10-30',12),(1255,'2022-10-30',13),(1256,'2022-10-30',14),(1257,'2022-10-30',15),(1258,'2022-10-30',16),(1259,'2022-10-30',17),(1260,'2022-10-30',18),(1261,'2022-10-31',1),(1262,'2022-10-31',2),(1263,'2022-10-31',3),(1264,'2022-10-31',4),(1265,'2022-10-31',5),(1266,'2022-10-31',6),(1267,'2022-10-31',7),(1268,'2022-10-31',8),(1269,'2022-10-31',9),(1270,'2022-10-31',10),(1271,'2022-10-31',11),(1272,'2022-10-31',12),(1273,'2022-10-31',13),(1274,'2022-10-31',14),(1275,'2022-10-31',15),(1276,'2022-10-31',16),(1277,'2022-10-31',17),(1278,'2022-10-31',18),(1279,'2022-11-01',1),(1280,'2022-11-01',2),(1281,'2022-11-01',3),(1282,'2022-11-01',4),(1283,'2022-11-01',5),(1284,'2022-11-01',6),(1285,'2022-11-01',7),(1286,'2022-11-01',8),(1287,'2022-11-01',9),(1288,'2022-11-01',10),(1289,'2022-11-01',11),(1290,'2022-11-01',12),(1291,'2022-11-01',13),(1292,'2022-11-01',14),(1293,'2022-11-01',15),(1294,'2022-11-01',16),(1295,'2022-11-01',17),(1296,'2022-11-01',18),(1297,'2022-11-02',1),(1298,'2022-11-02',2),(1299,'2022-11-02',3),(1300,'2022-11-02',4),(1301,'2022-11-02',5),(1302,'2022-11-02',6),(1303,'2022-11-02',7),(1304,'2022-11-02',8),(1305,'2022-11-02',9),(1306,'2022-11-02',10),(1307,'2022-11-02',11),(1308,'2022-11-02',12),(1309,'2022-11-02',13),(1310,'2022-11-02',14),(1311,'2022-11-02',15),(1312,'2022-11-02',16),(1313,'2022-11-02',17),(1314,'2022-11-02',18),(1315,'2022-11-03',1),(1316,'2022-11-03',2),(1317,'2022-11-03',3),(1318,'2022-11-03',4),(1319,'2022-11-03',5),(1320,'2022-11-03',6),(1321,'2022-11-03',7),(1322,'2022-11-03',8),(1323,'2022-11-03',9),(1324,'2022-11-03',10),(1325,'2022-11-03',11),(1326,'2022-11-03',12),(1327,'2022-11-03',13),(1328,'2022-11-03',14),(1329,'2022-11-03',15),(1330,'2022-11-03',16),(1331,'2022-11-03',17),(1332,'2022-11-03',18),(1333,'2022-11-04',1),(1334,'2022-11-04',2),(1335,'2022-11-04',3),(1336,'2022-11-04',4),(1337,'2022-11-04',5),(1338,'2022-11-04',6),(1339,'2022-11-04',7),(1340,'2022-11-04',8),(1341,'2022-11-04',9),(1342,'2022-11-04',10),(1343,'2022-11-04',11),(1344,'2022-11-04',12),(1345,'2022-11-04',13),(1346,'2022-11-04',14),(1347,'2022-11-04',15),(1348,'2022-11-04',16),(1349,'2022-11-04',17),(1350,'2022-11-04',18),(1351,'2022-11-05',1),(1352,'2022-11-05',2),(1353,'2022-11-05',3),(1354,'2022-11-05',4),(1355,'2022-11-05',5),(1356,'2022-11-05',6),(1357,'2022-11-05',7),(1358,'2022-11-05',8),(1359,'2022-11-05',9),(1360,'2022-11-05',10),(1361,'2022-11-05',11),(1362,'2022-11-05',12),(1363,'2022-11-05',13),(1364,'2022-11-05',14),(1365,'2022-11-05',15),(1366,'2022-11-05',16),(1367,'2022-11-05',17),(1368,'2022-11-05',18),(1369,'2022-11-06',1),(1370,'2022-11-06',2),(1371,'2022-11-06',3),(1372,'2022-11-06',4),(1373,'2022-11-06',5),(1374,'2022-11-06',6),(1375,'2022-11-06',7),(1376,'2022-11-06',8),(1377,'2022-11-06',9),(1378,'2022-11-06',10),(1379,'2022-11-06',11),(1380,'2022-11-06',12),(1381,'2022-11-06',13),(1382,'2022-11-06',14),(1383,'2022-11-06',15),(1384,'2022-11-06',16),(1385,'2022-11-06',17),(1386,'2022-11-06',18),(1387,'2022-11-07',1),(1388,'2022-11-07',2),(1389,'2022-11-07',3),(1390,'2022-11-07',4),(1391,'2022-11-07',5),(1392,'2022-11-07',6),(1393,'2022-11-07',7),(1394,'2022-11-07',8),(1395,'2022-11-07',9),(1396,'2022-11-07',10),(1397,'2022-11-07',11),(1398,'2022-11-07',12),(1399,'2022-11-07',13),(1400,'2022-11-07',14),(1401,'2022-11-07',15),(1402,'2022-11-07',16),(1403,'2022-11-07',17),(1404,'2022-11-07',18),(1405,'2022-11-08',1),(1406,'2022-11-08',2),(1407,'2022-11-08',3),(1408,'2022-11-08',4),(1409,'2022-11-08',5),(1410,'2022-11-08',6),(1411,'2022-11-08',7),(1412,'2022-11-08',8),(1413,'2022-11-08',9),(1414,'2022-11-08',10),(1415,'2022-11-08',11),(1416,'2022-11-08',12),(1417,'2022-11-08',13),(1418,'2022-11-08',14),(1419,'2022-11-08',15),(1420,'2022-11-08',16),(1421,'2022-11-08',17),(1422,'2022-11-08',18),(1423,'2022-11-09',1),(1424,'2022-11-09',2),(1425,'2022-11-09',3),(1426,'2022-11-09',4),(1427,'2022-11-09',5),(1428,'2022-11-09',6),(1429,'2022-11-09',7),(1430,'2022-11-09',8),(1431,'2022-11-09',9),(1432,'2022-11-09',10),(1433,'2022-11-09',11),(1434,'2022-11-09',12),(1435,'2022-11-09',13),(1436,'2022-11-09',14),(1437,'2022-11-09',15),(1438,'2022-11-09',16),(1439,'2022-11-09',17),(1440,'2022-11-09',18),(1441,'2022-11-10',1),(1442,'2022-11-10',2),(1443,'2022-11-10',3),(1444,'2022-11-10',4),(1445,'2022-11-10',5),(1446,'2022-11-10',6),(1447,'2022-11-10',7),(1448,'2022-11-10',8),(1449,'2022-11-10',9),(1450,'2022-11-10',10),(1451,'2022-11-10',11),(1452,'2022-11-10',12),(1453,'2022-11-10',13),(1454,'2022-11-10',14),(1455,'2022-11-10',15),(1456,'2022-11-10',16),(1457,'2022-11-10',17),(1458,'2022-11-10',18),(1459,'2022-11-11',1),(1460,'2022-11-11',2),(1461,'2022-11-11',3),(1462,'2022-11-11',4),(1463,'2022-11-11',5),(1464,'2022-11-11',6),(1465,'2022-11-11',7),(1466,'2022-11-11',8),(1467,'2022-11-11',9),(1468,'2022-11-11',10),(1469,'2022-11-11',11),(1470,'2022-11-11',12),(1471,'2022-11-11',13),(1472,'2022-11-11',14),(1473,'2022-11-11',15),(1474,'2022-11-11',16),(1475,'2022-11-11',17),(1476,'2022-11-11',18),(1477,'2022-11-12',1),(1478,'2022-11-12',2),(1479,'2022-11-12',3),(1480,'2022-11-12',4),(1481,'2022-11-12',5),(1482,'2022-11-12',6),(1483,'2022-11-12',7),(1484,'2022-11-12',8),(1485,'2022-11-12',9),(1486,'2022-11-12',10),(1487,'2022-11-12',11),(1488,'2022-11-12',12),(1489,'2022-11-12',13),(1490,'2022-11-12',14),(1491,'2022-11-12',15),(1492,'2022-11-12',16),(1493,'2022-11-12',17),(1494,'2022-11-12',18),(1495,'2022-11-13',1),(1496,'2022-11-13',2),(1497,'2022-11-13',3),(1498,'2022-11-13',4),(1499,'2022-11-13',5),(1500,'2022-11-13',6),(1501,'2022-11-13',7),(1502,'2022-11-13',8),(1503,'2022-11-13',9),(1504,'2022-11-13',10),(1505,'2022-11-13',11),(1506,'2022-11-13',12),(1507,'2022-11-13',13),(1508,'2022-11-13',14),(1509,'2022-11-13',15),(1510,'2022-11-13',16),(1511,'2022-11-13',17),(1512,'2022-11-13',18),(1513,'2022-11-14',1),(1514,'2022-11-14',2),(1515,'2022-11-14',3),(1516,'2022-11-14',4),(1517,'2022-11-14',5),(1518,'2022-11-14',6),(1519,'2022-11-14',7),(1520,'2022-11-14',8),(1521,'2022-11-14',9),(1522,'2022-11-14',10),(1523,'2022-11-14',11),(1524,'2022-11-14',12),(1525,'2022-11-14',13),(1526,'2022-11-14',14),(1527,'2022-11-14',15),(1528,'2022-11-14',16),(1529,'2022-11-14',17),(1530,'2022-11-14',18),(1531,'2022-11-15',1),(1532,'2022-11-15',2),(1533,'2022-11-15',3),(1534,'2022-11-15',4),(1535,'2022-11-15',5),(1536,'2022-11-15',6),(1537,'2022-11-15',7),(1538,'2022-11-15',8),(1539,'2022-11-15',9),(1540,'2022-11-15',10),(1541,'2022-11-15',11),(1542,'2022-11-15',12),(1543,'2022-11-15',13),(1544,'2022-11-15',14),(1545,'2022-11-15',15),(1546,'2022-11-15',16),(1547,'2022-11-15',17),(1548,'2022-11-15',18),(1549,'2022-11-16',1),(1550,'2022-11-16',2),(1551,'2022-11-16',3),(1552,'2022-11-16',4),(1553,'2022-11-16',5),(1554,'2022-11-16',6),(1555,'2022-11-16',7),(1556,'2022-11-16',8),(1557,'2022-11-16',9),(1558,'2022-11-16',10),(1559,'2022-11-16',11),(1560,'2022-11-16',12),(1561,'2022-11-16',13),(1562,'2022-11-16',14),(1563,'2022-11-16',15),(1564,'2022-11-16',16),(1565,'2022-11-16',17),(1566,'2022-11-16',18),(1567,'2022-11-17',1),(1568,'2022-11-17',2),(1569,'2022-11-17',3),(1570,'2022-11-17',4),(1571,'2022-11-17',5),(1572,'2022-11-17',6),(1573,'2022-11-17',7),(1574,'2022-11-17',8),(1575,'2022-11-17',9),(1576,'2022-11-17',10),(1577,'2022-11-17',11),(1578,'2022-11-17',12),(1579,'2022-11-17',13),(1580,'2022-11-17',14),(1581,'2022-11-17',15),(1582,'2022-11-17',16),(1583,'2022-11-17',17),(1584,'2022-11-17',18),(1585,'2022-11-18',1),(1586,'2022-11-18',2),(1587,'2022-11-18',3),(1588,'2022-11-18',4),(1589,'2022-11-18',5),(1590,'2022-11-18',6),(1591,'2022-11-18',7),(1592,'2022-11-18',8),(1593,'2022-11-18',9),(1594,'2022-11-18',10),(1595,'2022-11-18',11),(1596,'2022-11-18',12),(1597,'2022-11-18',13),(1598,'2022-11-18',14),(1599,'2022-11-18',15),(1600,'2022-11-18',16),(1601,'2022-11-18',17),(1602,'2022-11-18',18),(1603,'2022-11-19',1),(1604,'2022-11-19',2),(1605,'2022-11-19',3),(1606,'2022-11-19',4),(1607,'2022-11-19',5),(1608,'2022-11-19',6),(1609,'2022-11-19',7),(1610,'2022-11-19',8),(1611,'2022-11-19',9),(1612,'2022-11-19',10),(1613,'2022-11-19',11),(1614,'2022-11-19',12),(1615,'2022-11-19',13),(1616,'2022-11-19',14),(1617,'2022-11-19',15),(1618,'2022-11-19',16),(1619,'2022-11-19',17),(1620,'2022-11-19',18),(1621,'2022-11-20',1),(1622,'2022-11-20',2),(1623,'2022-11-20',3),(1624,'2022-11-20',4),(1625,'2022-11-20',5),(1626,'2022-11-20',6),(1627,'2022-11-20',7),(1628,'2022-11-20',8),(1629,'2022-11-20',9),(1630,'2022-11-20',10),(1631,'2022-11-20',11),(1632,'2022-11-20',12),(1633,'2022-11-20',13),(1634,'2022-11-20',14),(1635,'2022-11-20',15),(1636,'2022-11-20',16),(1637,'2022-11-20',17),(1638,'2022-11-20',18),(1639,'2022-11-21',1),(1640,'2022-11-21',2),(1641,'2022-11-21',3),(1642,'2022-11-21',4),(1643,'2022-11-21',5),(1644,'2022-11-21',6),(1645,'2022-11-21',7),(1646,'2022-11-21',8),(1647,'2022-11-21',9),(1648,'2022-11-21',10),(1649,'2022-11-21',11),(1650,'2022-11-21',12),(1651,'2022-11-21',13),(1652,'2022-11-21',14),(1653,'2022-11-21',15),(1654,'2022-11-21',16),(1655,'2022-11-21',17),(1656,'2022-11-21',18),(1657,'2022-11-22',1),(1658,'2022-11-22',2),(1659,'2022-11-22',3),(1660,'2022-11-22',4),(1661,'2022-11-22',5),(1662,'2022-11-22',6),(1663,'2022-11-22',7),(1664,'2022-11-22',8),(1665,'2022-11-22',9),(1666,'2022-11-22',10),(1667,'2022-11-22',11),(1668,'2022-11-22',12),(1669,'2022-11-22',13),(1670,'2022-11-22',14),(1671,'2022-11-22',15),(1672,'2022-11-22',16),(1673,'2022-11-22',17),(1674,'2022-11-22',18),(1675,'2022-11-23',1),(1676,'2022-11-23',2),(1677,'2022-11-23',3),(1678,'2022-11-23',4),(1679,'2022-11-23',5),(1680,'2022-11-23',6),(1681,'2022-11-23',7),(1682,'2022-11-23',8),(1683,'2022-11-23',9),(1684,'2022-11-23',10),(1685,'2022-11-23',11),(1686,'2022-11-23',12),(1687,'2022-11-23',13),(1688,'2022-11-23',14),(1689,'2022-11-23',15),(1690,'2022-11-23',16),(1691,'2022-11-23',17),(1692,'2022-11-23',18),(1693,'2022-11-24',1),(1694,'2022-11-24',2),(1695,'2022-11-24',3),(1696,'2022-11-24',4),(1697,'2022-11-24',5),(1698,'2022-11-24',6),(1699,'2022-11-24',7),(1700,'2022-11-24',8),(1701,'2022-11-24',9),(1702,'2022-11-24',10),(1703,'2022-11-24',11),(1704,'2022-11-24',12),(1705,'2022-11-24',13),(1706,'2022-11-24',14),(1707,'2022-11-24',15),(1708,'2022-11-24',16),(1709,'2022-11-24',17),(1710,'2022-11-24',18),(1711,'2022-11-25',1),(1712,'2022-11-25',2),(1713,'2022-11-25',3),(1714,'2022-11-25',4),(1715,'2022-11-25',5),(1716,'2022-11-25',6),(1717,'2022-11-25',7),(1718,'2022-11-25',8),(1719,'2022-11-25',9),(1720,'2022-11-25',10),(1721,'2022-11-25',11),(1722,'2022-11-25',12),(1723,'2022-11-25',13),(1724,'2022-11-25',14),(1725,'2022-11-25',15),(1726,'2022-11-25',16),(1727,'2022-11-25',17),(1728,'2022-11-25',18),(1729,'2022-11-26',1),(1730,'2022-11-26',2),(1731,'2022-11-26',3),(1732,'2022-11-26',4),(1733,'2022-11-26',5),(1734,'2022-11-26',6),(1735,'2022-11-26',7),(1736,'2022-11-26',8),(1737,'2022-11-26',9),(1738,'2022-11-26',10),(1739,'2022-11-26',11),(1740,'2022-11-26',12),(1741,'2022-11-26',13),(1742,'2022-11-26',14),(1743,'2022-11-26',15),(1744,'2022-11-26',16),(1745,'2022-11-26',17),(1746,'2022-11-26',18),(1747,'2022-11-27',1),(1748,'2022-11-27',2),(1749,'2022-11-27',3),(1750,'2022-11-27',4),(1751,'2022-11-27',5),(1752,'2022-11-27',6),(1753,'2022-11-27',7),(1754,'2022-11-27',8),(1755,'2022-11-27',9),(1756,'2022-11-27',10),(1757,'2022-11-27',11),(1758,'2022-11-27',12),(1759,'2022-11-27',13),(1760,'2022-11-27',14),(1761,'2022-11-27',15),(1762,'2022-11-27',16),(1763,'2022-11-27',17),(1764,'2022-11-27',18),(1765,'2022-11-28',1),(1766,'2022-11-28',2),(1767,'2022-11-28',3),(1768,'2022-11-28',4),(1769,'2022-11-28',5),(1770,'2022-11-28',6),(1771,'2022-11-28',7),(1772,'2022-11-28',8),(1773,'2022-11-28',9),(1774,'2022-11-28',10),(1775,'2022-11-28',11),(1776,'2022-11-28',12),(1777,'2022-11-28',13),(1778,'2022-11-28',14),(1779,'2022-11-28',15),(1780,'2022-11-28',16),(1781,'2022-11-28',17),(1782,'2022-11-28',18),(1783,'2022-11-29',1),(1784,'2022-11-29',2),(1785,'2022-11-29',3),(1786,'2022-11-29',4),(1787,'2022-11-29',5),(1788,'2022-11-29',6),(1789,'2022-11-29',7),(1790,'2022-11-29',8),(1791,'2022-11-29',9),(1792,'2022-11-29',10),(1793,'2022-11-29',11),(1794,'2022-11-29',12),(1795,'2022-11-29',13),(1796,'2022-11-29',14),(1797,'2022-11-29',15),(1798,'2022-11-29',16),(1799,'2022-11-29',17),(1800,'2022-11-29',18),(1801,'2022-11-30',1),(1802,'2022-11-30',2),(1803,'2022-11-30',3),(1804,'2022-11-30',4),(1805,'2022-11-30',5),(1806,'2022-11-30',6),(1807,'2022-11-30',7),(1808,'2022-11-30',8),(1809,'2022-11-30',9),(1810,'2022-11-30',10),(1811,'2022-11-30',11),(1812,'2022-11-30',12),(1813,'2022-11-30',13),(1814,'2022-11-30',14),(1815,'2022-11-30',15),(1816,'2022-11-30',16),(1817,'2022-11-30',17),(1818,'2022-11-30',18),(1819,'2022-12-01',1),(1820,'2022-12-01',2),(1821,'2022-12-01',3),(1822,'2022-12-01',4),(1823,'2022-12-01',5),(1824,'2022-12-01',6),(1825,'2022-12-01',7),(1826,'2022-12-01',8),(1827,'2022-12-01',9),(1828,'2022-12-01',10),(1829,'2022-12-01',11),(1830,'2022-12-01',12),(1831,'2022-12-01',13),(1832,'2022-12-01',14),(1833,'2022-12-01',15),(1834,'2022-12-01',16),(1835,'2022-12-01',17),(1836,'2022-12-01',18),(1837,'2022-12-02',1),(1838,'2022-12-02',2),(1839,'2022-12-02',3),(1840,'2022-12-02',4),(1841,'2022-12-02',5),(1842,'2022-12-02',6),(1843,'2022-12-02',7),(1844,'2022-12-02',8),(1845,'2022-12-02',9),(1846,'2022-12-02',10),(1847,'2022-12-02',11),(1848,'2022-12-02',12),(1849,'2022-12-02',13),(1850,'2022-12-02',14),(1851,'2022-12-02',15),(1852,'2022-12-02',16),(1853,'2022-12-02',17),(1854,'2022-12-02',18),(1855,'2022-12-03',1),(1856,'2022-12-03',2),(1857,'2022-12-03',3),(1858,'2022-12-03',4),(1859,'2022-12-03',5),(1860,'2022-12-03',6),(1861,'2022-12-03',7),(1862,'2022-12-03',8),(1863,'2022-12-03',9),(1864,'2022-12-03',10),(1865,'2022-12-03',11),(1866,'2022-12-03',12),(1867,'2022-12-03',13),(1868,'2022-12-03',14),(1869,'2022-12-03',15),(1870,'2022-12-03',16),(1871,'2022-12-03',17),(1872,'2022-12-03',18),(1873,'2022-12-04',1),(1874,'2022-12-04',2),(1875,'2022-12-04',3),(1876,'2022-12-04',4),(1877,'2022-12-04',5),(1878,'2022-12-04',6),(1879,'2022-12-04',7),(1880,'2022-12-04',8),(1881,'2022-12-04',9),(1882,'2022-12-04',10),(1883,'2022-12-04',11),(1884,'2022-12-04',12),(1885,'2022-12-04',13),(1886,'2022-12-04',14),(1887,'2022-12-04',15),(1888,'2022-12-04',16),(1889,'2022-12-04',17),(1890,'2022-12-04',18),(1891,'2022-12-05',1),(1892,'2022-12-05',2),(1893,'2022-12-05',3),(1894,'2022-12-05',4),(1895,'2022-12-05',5),(1896,'2022-12-05',6),(1897,'2022-12-05',7),(1898,'2022-12-05',8),(1899,'2022-12-05',9),(1900,'2022-12-05',10),(1901,'2022-12-05',11),(1902,'2022-12-05',12),(1903,'2022-12-05',13),(1904,'2022-12-05',14),(1905,'2022-12-05',15),(1906,'2022-12-05',16),(1907,'2022-12-05',17),(1908,'2022-12-05',18),(1909,'2022-12-06',1),(1910,'2022-12-06',2),(1911,'2022-12-06',3),(1912,'2022-12-06',4),(1913,'2022-12-06',5),(1914,'2022-12-06',6),(1915,'2022-12-06',7),(1916,'2022-12-06',8),(1917,'2022-12-06',9),(1918,'2022-12-06',10),(1919,'2022-12-06',11),(1920,'2022-12-06',12),(1921,'2022-12-06',13),(1922,'2022-12-06',14),(1923,'2022-12-06',15),(1924,'2022-12-06',16),(1925,'2022-12-06',17),(1926,'2022-12-06',18),(1927,'2022-12-07',1),(1928,'2022-12-07',2),(1929,'2022-12-07',3),(1930,'2022-12-07',4),(1931,'2022-12-07',5),(1932,'2022-12-07',6),(1933,'2022-12-07',7),(1934,'2022-12-07',8),(1935,'2022-12-07',9),(1936,'2022-12-07',10),(1937,'2022-12-07',11),(1938,'2022-12-07',12),(1939,'2022-12-07',13),(1940,'2022-12-07',14),(1941,'2022-12-07',15),(1942,'2022-12-07',16),(1943,'2022-12-07',17),(1944,'2022-12-07',18),(1945,'2022-12-08',1),(1946,'2022-12-08',2),(1947,'2022-12-08',3),(1948,'2022-12-08',4),(1949,'2022-12-08',5),(1950,'2022-12-08',6),(1951,'2022-12-08',7),(1952,'2022-12-08',8),(1953,'2022-12-08',9),(1954,'2022-12-08',10),(1955,'2022-12-08',11),(1956,'2022-12-08',12),(1957,'2022-12-08',13),(1958,'2022-12-08',14),(1959,'2022-12-08',15),(1960,'2022-12-08',16),(1961,'2022-12-08',17),(1962,'2022-12-08',18),(1963,'2022-12-09',1),(1964,'2022-12-09',2),(1965,'2022-12-09',3),(1966,'2022-12-09',4),(1967,'2022-12-09',5),(1968,'2022-12-09',6),(1969,'2022-12-09',7),(1970,'2022-12-09',8),(1971,'2022-12-09',9),(1972,'2022-12-09',10),(1973,'2022-12-09',11),(1974,'2022-12-09',12),(1975,'2022-12-09',13),(1976,'2022-12-09',14),(1977,'2022-12-09',15),(1978,'2022-12-09',16),(1979,'2022-12-09',17),(1980,'2022-12-09',18),(1981,'2022-12-10',1),(1982,'2022-12-10',2),(1983,'2022-12-10',3),(1984,'2022-12-10',4),(1985,'2022-12-10',5),(1986,'2022-12-10',6),(1987,'2022-12-10',7),(1988,'2022-12-10',8),(1989,'2022-12-10',9),(1990,'2022-12-10',10),(1991,'2022-12-10',11),(1992,'2022-12-10',12),(1993,'2022-12-10',13),(1994,'2022-12-10',14),(1995,'2022-12-10',15),(1996,'2022-12-10',16),(1997,'2022-12-10',17),(1998,'2022-12-10',18),(1999,'2022-12-11',1),(2000,'2022-12-11',2),(2001,'2022-12-11',3),(2002,'2022-12-11',4),(2003,'2022-12-11',5),(2004,'2022-12-11',6),(2005,'2022-12-11',7),(2006,'2022-12-11',8),(2007,'2022-12-11',9),(2008,'2022-12-11',10),(2009,'2022-12-11',11),(2010,'2022-12-11',12),(2011,'2022-12-11',13),(2012,'2022-12-11',14),(2013,'2022-12-11',15),(2014,'2022-12-11',16),(2015,'2022-12-11',17),(2016,'2022-12-11',18),(2017,'2022-12-12',1),(2018,'2022-12-12',2),(2019,'2022-12-12',3),(2020,'2022-12-12',4),(2021,'2022-12-12',5),(2022,'2022-12-12',6),(2023,'2022-12-12',7),(2024,'2022-12-12',8),(2025,'2022-12-12',9),(2026,'2022-12-12',10),(2027,'2022-12-12',11),(2028,'2022-12-12',12),(2029,'2022-12-12',13),(2030,'2022-12-12',14),(2031,'2022-12-12',15),(2032,'2022-12-12',16),(2033,'2022-12-12',17),(2034,'2022-12-12',18),(2035,'2022-12-13',1),(2036,'2022-12-13',2),(2037,'2022-12-13',3),(2038,'2022-12-13',4),(2039,'2022-12-13',5),(2040,'2022-12-13',6),(2041,'2022-12-13',7),(2042,'2022-12-13',8),(2043,'2022-12-13',9),(2044,'2022-12-13',10),(2045,'2022-12-13',11),(2046,'2022-12-13',12),(2047,'2022-12-13',13),(2048,'2022-12-13',14),(2049,'2022-12-13',15),(2050,'2022-12-13',16),(2051,'2022-12-13',17),(2052,'2022-12-13',18),(2053,'2022-12-14',1),(2054,'2022-12-14',2),(2055,'2022-12-14',3),(2056,'2022-12-14',4),(2057,'2022-12-14',5),(2058,'2022-12-14',6),(2059,'2022-12-14',7),(2060,'2022-12-14',8),(2061,'2022-12-14',9),(2062,'2022-12-14',10),(2063,'2022-12-14',11),(2064,'2022-12-14',12),(2065,'2022-12-14',13),(2066,'2022-12-14',14),(2067,'2022-12-14',15),(2068,'2022-12-14',16),(2069,'2022-12-14',17),(2070,'2022-12-14',18),(2071,'2022-12-15',1),(2072,'2022-12-15',2),(2073,'2022-12-15',3),(2074,'2022-12-15',4),(2075,'2022-12-15',5),(2076,'2022-12-15',6),(2077,'2022-12-15',7),(2078,'2022-12-15',8),(2079,'2022-12-15',9),(2080,'2022-12-15',10),(2081,'2022-12-15',11),(2082,'2022-12-15',12),(2083,'2022-12-15',13),(2084,'2022-12-15',14),(2085,'2022-12-15',15),(2086,'2022-12-15',16),(2087,'2022-12-15',17),(2088,'2022-12-15',18),(2089,'2022-12-16',1),(2090,'2022-12-16',2),(2091,'2022-12-16',3),(2092,'2022-12-16',4),(2093,'2022-12-16',5),(2094,'2022-12-16',6),(2095,'2022-12-16',7),(2096,'2022-12-16',8),(2097,'2022-12-16',9),(2098,'2022-12-16',10),(2099,'2022-12-16',11),(2100,'2022-12-16',12),(2101,'2022-12-16',13),(2102,'2022-12-16',14),(2103,'2022-12-16',15),(2104,'2022-12-16',16),(2105,'2022-12-16',17),(2106,'2022-12-16',18),(2107,'2022-12-17',1),(2108,'2022-12-17',2),(2109,'2022-12-17',3),(2110,'2022-12-17',4),(2111,'2022-12-17',5),(2112,'2022-12-17',6),(2113,'2022-12-17',7),(2114,'2022-12-17',8),(2115,'2022-12-17',9),(2116,'2022-12-17',10),(2117,'2022-12-17',11),(2118,'2022-12-17',12),(2119,'2022-12-17',13),(2120,'2022-12-17',14),(2121,'2022-12-17',15),(2122,'2022-12-17',16),(2123,'2022-12-17',17),(2124,'2022-12-17',18),(2125,'2022-12-18',1),(2126,'2022-12-18',2),(2127,'2022-12-18',3),(2128,'2022-12-18',4),(2129,'2022-12-18',5),(2130,'2022-12-18',6),(2131,'2022-12-18',7),(2132,'2022-12-18',8),(2133,'2022-12-18',9),(2134,'2022-12-18',10),(2135,'2022-12-18',11),(2136,'2022-12-18',12),(2137,'2022-12-18',13),(2138,'2022-12-18',14),(2139,'2022-12-18',15),(2140,'2022-12-18',16),(2141,'2022-12-18',17),(2142,'2022-12-18',18),(2143,'2022-12-19',1),(2144,'2022-12-19',2),(2145,'2022-12-19',3),(2146,'2022-12-19',4),(2147,'2022-12-19',5),(2148,'2022-12-19',6),(2149,'2022-12-19',7),(2150,'2022-12-19',8),(2151,'2022-12-19',9),(2152,'2022-12-19',10),(2153,'2022-12-19',11),(2154,'2022-12-19',12),(2155,'2022-12-19',13),(2156,'2022-12-19',14),(2157,'2022-12-19',15),(2158,'2022-12-19',16),(2159,'2022-12-19',17),(2160,'2022-12-19',18),(2161,'2022-12-20',1),(2162,'2022-12-20',2),(2163,'2022-12-20',3),(2164,'2022-12-20',4),(2165,'2022-12-20',5),(2166,'2022-12-20',6),(2167,'2022-12-20',7),(2168,'2022-12-20',8),(2169,'2022-12-20',9),(2170,'2022-12-20',10),(2171,'2022-12-20',11),(2172,'2022-12-20',12),(2173,'2022-12-20',13),(2174,'2022-12-20',14),(2175,'2022-12-20',15),(2176,'2022-12-20',16),(2177,'2022-12-20',17),(2178,'2022-12-20',18),(2179,'2022-12-21',1),(2180,'2022-12-21',2),(2181,'2022-12-21',3),(2182,'2022-12-21',4),(2183,'2022-12-21',5),(2184,'2022-12-21',6),(2185,'2022-12-21',7),(2186,'2022-12-21',8),(2187,'2022-12-21',9),(2188,'2022-12-21',10),(2189,'2022-12-21',11),(2190,'2022-12-21',12),(2191,'2022-12-21',13),(2192,'2022-12-21',14),(2193,'2022-12-21',15),(2194,'2022-12-21',16),(2195,'2022-12-21',17),(2196,'2022-12-21',18),(2197,'2022-12-22',1),(2198,'2022-12-22',2),(2199,'2022-12-22',3),(2200,'2022-12-22',4),(2201,'2022-12-22',5),(2202,'2022-12-22',6),(2203,'2022-12-22',7),(2204,'2022-12-22',8),(2205,'2022-12-22',9),(2206,'2022-12-22',10),(2207,'2022-12-22',11),(2208,'2022-12-22',12),(2209,'2022-12-22',13),(2210,'2022-12-22',14),(2211,'2022-12-22',15),(2212,'2022-12-22',16),(2213,'2022-12-22',17),(2214,'2022-12-22',18),(2215,'2022-12-23',1),(2216,'2022-12-23',2),(2217,'2022-12-23',3),(2218,'2022-12-23',4),(2219,'2022-12-23',5),(2220,'2022-12-23',6),(2221,'2022-12-23',7),(2222,'2022-12-23',8),(2223,'2022-12-23',9),(2224,'2022-12-23',10),(2225,'2022-12-23',11),(2226,'2022-12-23',12),(2227,'2022-12-23',13),(2228,'2022-12-23',14),(2229,'2022-12-23',15),(2230,'2022-12-23',16),(2231,'2022-12-23',17),(2232,'2022-12-23',18),(2233,'2022-12-24',1),(2234,'2022-12-24',2),(2235,'2022-12-24',3),(2236,'2022-12-24',4),(2237,'2022-12-24',5),(2238,'2022-12-24',6),(2239,'2022-12-24',7),(2240,'2022-12-24',8),(2241,'2022-12-24',9),(2242,'2022-12-24',10),(2243,'2022-12-24',11),(2244,'2022-12-24',12),(2245,'2022-12-24',13),(2246,'2022-12-24',14),(2247,'2022-12-24',15),(2248,'2022-12-24',16),(2249,'2022-12-24',17),(2250,'2022-12-24',18),(2251,'2022-12-25',1),(2252,'2022-12-25',2),(2253,'2022-12-25',3),(2254,'2022-12-25',4),(2255,'2022-12-25',5),(2256,'2022-12-25',6),(2257,'2022-12-25',7),(2258,'2022-12-25',8),(2259,'2022-12-25',9),(2260,'2022-12-25',10),(2261,'2022-12-25',11),(2262,'2022-12-25',12),(2263,'2022-12-25',13),(2264,'2022-12-25',14),(2265,'2022-12-25',15),(2266,'2022-12-25',16),(2267,'2022-12-25',17),(2268,'2022-12-25',18),(2269,'2022-12-26',1),(2270,'2022-12-26',2),(2271,'2022-12-26',3),(2272,'2022-12-26',4),(2273,'2022-12-26',5),(2274,'2022-12-26',6),(2275,'2022-12-26',7),(2276,'2022-12-26',8),(2277,'2022-12-26',9),(2278,'2022-12-26',10),(2279,'2022-12-26',11),(2280,'2022-12-26',12),(2281,'2022-12-26',13),(2282,'2022-12-26',14),(2283,'2022-12-26',15),(2284,'2022-12-26',16),(2285,'2022-12-26',17),(2286,'2022-12-26',18),(2287,'2022-12-27',1),(2288,'2022-12-27',2),(2289,'2022-12-27',3),(2290,'2022-12-27',4),(2291,'2022-12-27',5),(2292,'2022-12-27',6),(2293,'2022-12-27',7),(2294,'2022-12-27',8),(2295,'2022-12-27',9),(2296,'2022-12-27',10),(2297,'2022-12-27',11),(2298,'2022-12-27',12),(2299,'2022-12-27',13),(2300,'2022-12-27',14),(2301,'2022-12-27',15),(2302,'2022-12-27',16),(2303,'2022-12-27',17),(2304,'2022-12-27',18),(2305,'2022-12-28',1),(2306,'2022-12-28',2),(2307,'2022-12-28',3),(2308,'2022-12-28',4),(2309,'2022-12-28',5),(2310,'2022-12-28',6),(2311,'2022-12-28',7),(2312,'2022-12-28',8),(2313,'2022-12-28',9),(2314,'2022-12-28',10),(2315,'2022-12-28',11),(2316,'2022-12-28',12),(2317,'2022-12-28',13),(2318,'2022-12-28',14),(2319,'2022-12-28',15),(2320,'2022-12-28',16),(2321,'2022-12-28',17),(2322,'2022-12-28',18),(2323,'2022-12-29',1),(2324,'2022-12-29',2),(2325,'2022-12-29',3),(2326,'2022-12-29',4),(2327,'2022-12-29',5),(2328,'2022-12-29',6),(2329,'2022-12-29',7),(2330,'2022-12-29',8),(2331,'2022-12-29',9),(2332,'2022-12-29',10),(2333,'2022-12-29',11),(2334,'2022-12-29',12),(2335,'2022-12-29',13),(2336,'2022-12-29',14),(2337,'2022-12-29',15),(2338,'2022-12-29',16),(2339,'2022-12-29',17),(2340,'2022-12-29',18),(2341,'2022-12-30',1),(2342,'2022-12-30',2),(2343,'2022-12-30',3),(2344,'2022-12-30',4),(2345,'2022-12-30',5),(2346,'2022-12-30',6),(2347,'2022-12-30',7),(2348,'2022-12-30',8),(2349,'2022-12-30',9),(2350,'2022-12-30',10),(2351,'2022-12-30',11),(2352,'2022-12-30',12),(2353,'2022-12-30',13),(2354,'2022-12-30',14),(2355,'2022-12-30',15),(2356,'2022-12-30',16),(2357,'2022-12-30',17),(2358,'2022-12-30',18),(2359,'2022-12-31',1),(2360,'2022-12-31',2),(2361,'2022-12-31',3),(2362,'2022-12-31',4),(2363,'2022-12-31',5),(2364,'2022-12-31',6),(2365,'2022-12-31',7),(2366,'2022-12-31',8),(2367,'2022-12-31',9),(2368,'2022-12-31',10),(2369,'2022-12-31',11),(2370,'2022-12-31',12),(2371,'2022-12-31',13),(2372,'2022-12-31',14),(2373,'2022-12-31',15),(2374,'2022-12-31',16),(2375,'2022-12-31',17),(2376,'2022-12-31',18);
/*!40000 ALTER TABLE `AvailableSlots` ENABLE KEYS */;
UNLOCK TABLES;

--
-- Table structure for table `EquipmentRentals`
--

DROP TABLE IF EXISTS `EquipmentRentals`;
/*!40101 SET @saved_cs_client     = @@character_set_client */;
/*!50503 SET character_set_client = utf8mb4 */;
CREATE TABLE `EquipmentRentals` (
  `rent_id` int NOT NULL AUTO_INCREMENT,
  `equipment_count` int DEFAULT NULL,
  `rent_date` datetime DEFAULT NULL,
  `available_slot_id` int DEFAULT NULL,
  `net_id` varchar(30) DEFAULT NULL,
  `equipment_id` int DEFAULT NULL,
  PRIMARY KEY (`rent_id`),
  KEY `available_slot_id` (`available_slot_id`),
  KEY `net_id` (`net_id`),
  KEY `equipment_id` (`equipment_id`),
  CONSTRAINT `equipmentrentals_ibfk_1` FOREIGN KEY (`available_slot_id`) REFERENCES `AvailableSlots` (`available_slot_id`) ON DELETE CASCADE ON UPDATE CASCADE,
  CONSTRAINT `equipmentrentals_ibfk_2` FOREIGN KEY (`net_id`) REFERENCES `Users` (`net_id`) ON DELETE CASCADE ON UPDATE CASCADE,
  CONSTRAINT `equipmentrentals_ibfk_3` FOREIGN KEY (`equipment_id`) REFERENCES `Equipments` (`equipment_id`) ON DELETE CASCADE ON UPDATE CASCADE
) ENGINE=InnoDB DEFAULT CHARSET=utf8mb4 COLLATE=utf8mb4_0900_ai_ci;
/*!40101 SET character_set_client = @saved_cs_client */;

--
-- Dumping data for table `EquipmentRentals`
--

LOCK TABLES `EquipmentRentals` WRITE;
/*!40000 ALTER TABLE `EquipmentRentals` DISABLE KEYS */;
/*!40000 ALTER TABLE `EquipmentRentals` ENABLE KEYS */;
UNLOCK TABLES;

--
-- Table structure for table `Equipments`
--

DROP TABLE IF EXISTS `Equipments`;
/*!40101 SET @saved_cs_client     = @@character_set_client */;
/*!50503 SET character_set_client = utf8mb4 */;
CREATE TABLE `Equipments` (
  `equipment_id` int NOT NULL AUTO_INCREMENT,
  `equipment_name` varchar(50) DEFAULT NULL,
  `equipment_count` int NOT NULL,
  `equipment_rent_per_hour` double DEFAULT NULL,
  `sport_id` int DEFAULT NULL,
  PRIMARY KEY (`equipment_id`),
  KEY `sport_id` (`sport_id`),
  CONSTRAINT `equipments_ibfk_1` FOREIGN KEY (`sport_id`) REFERENCES `Sports` (`sport_id`) ON DELETE CASCADE ON UPDATE CASCADE
) ENGINE=InnoDB AUTO_INCREMENT=13 DEFAULT CHARSET=utf8mb4 COLLATE=utf8mb4_0900_ai_ci;
/*!40101 SET character_set_client = @saved_cs_client */;

--
-- Dumping data for table `Equipments`
--

LOCK TABLES `Equipments` WRITE;
/*!40000 ALTER TABLE `Equipments` DISABLE KEYS */;
INSERT INTO `Equipments` VALUES (1,'Badminton Racquet',100,2,1),(2,'Badminton Shuttle',200,2,1),(3,'Basketball',30,0,2),(4,'Rock Climbing Gear',20,3,3),(5,'Swimming Tube',30,2,4),(6,'Swimming Float',30,3,4),(7,'Squash Racquet',20,2,8),(8,'Squash Balls',30,2,8),(9,'Racquetball Racquet',70,4,9),(10,'Racquetball Ball',40,2,9),(11,'TT Racquet',50,2,10),(12,'TT Ball',20,2,10);
/*!40000 ALTER TABLE `Equipments` ENABLE KEYS */;
UNLOCK TABLES;

--
-- Table structure for table `EventBookings`
--

DROP TABLE IF EXISTS `EventBookings`;
/*!40101 SET @saved_cs_client     = @@character_set_client */;
/*!50503 SET character_set_client = utf8mb4 */;
CREATE TABLE `EventBookings` (
  `ticket_id` int NOT NULL AUTO_INCREMENT,
  `net_id` varchar(30) DEFAULT NULL,
  `event_id` int DEFAULT NULL,
  `booking_date` datetime DEFAULT NULL,
  `ticket_count` int DEFAULT NULL,
  PRIMARY KEY (`ticket_id`),
  KEY `net_id` (`net_id`),
  KEY `event_id` (`event_id`),
  CONSTRAINT `eventbookings_ibfk_1` FOREIGN KEY (`net_id`) REFERENCES `Users` (`net_id`) ON DELETE CASCADE ON UPDATE CASCADE,
  CONSTRAINT `eventbookings_ibfk_2` FOREIGN KEY (`event_id`) REFERENCES `Events` (`event_id`) ON DELETE CASCADE ON UPDATE CASCADE
) ENGINE=InnoDB DEFAULT CHARSET=utf8mb4 COLLATE=utf8mb4_0900_ai_ci;
/*!40101 SET character_set_client = @saved_cs_client */;

--
-- Dumping data for table `EventBookings`
--

LOCK TABLES `EventBookings` WRITE;
/*!40000 ALTER TABLE `EventBookings` DISABLE KEYS */;
/*!40000 ALTER TABLE `EventBookings` ENABLE KEYS */;
UNLOCK TABLES;

--
-- Table structure for table `Events`
--

DROP TABLE IF EXISTS `Events`;
/*!40101 SET @saved_cs_client     = @@character_set_client */;
/*!50503 SET character_set_client = utf8mb4 */;
CREATE TABLE `Events` (
  `event_id` int NOT NULL AUTO_INCREMENT,
  `event_name` varchar(50) DEFAULT NULL,
  `event_description` varchar(200) DEFAULT NULL,
  `event_capacity` int NOT NULL,
  `ticket_cost` double DEFAULT NULL,
  `event_date` date DEFAULT NULL,
  `event_start_time` time DEFAULT NULL,
  `event_end_time` time DEFAULT NULL,
  `facility_id` int DEFAULT NULL,
  `sport_id` int DEFAULT NULL,
  PRIMARY KEY (`event_id`),
  KEY `facility_id` (`facility_id`),
  KEY `sport_id` (`sport_id`),
  CONSTRAINT `events_ibfk_1` FOREIGN KEY (`facility_id`) REFERENCES `Facilities` (`facility_id`) ON DELETE CASCADE ON UPDATE CASCADE,
  CONSTRAINT `events_ibfk_2` FOREIGN KEY (`sport_id`) REFERENCES `Sports` (`sport_id`) ON DELETE CASCADE ON UPDATE CASCADE
) ENGINE=InnoDB AUTO_INCREMENT=20 DEFAULT CHARSET=utf8mb4 COLLATE=utf8mb4_0900_ai_ci;
/*!40101 SET character_set_client = @saved_cs_client */;

--
-- Dumping data for table `Events`
--

LOCK TABLES `Events` WRITE;
/*!40000 ALTER TABLE `Events` DISABLE KEYS */;
/*!40000 ALTER TABLE `Events` ENABLE KEYS */;
UNLOCK TABLES;

--
-- Table structure for table `Facilities`
--

DROP TABLE IF EXISTS `Facilities`;
/*!40101 SET @saved_cs_client     = @@character_set_client */;
/*!50503 SET character_set_client = utf8mb4 */;
CREATE TABLE `Facilities` (
  `facility_id` int NOT NULL AUTO_INCREMENT,
  `facility_name` varchar(50) DEFAULT NULL,
  `sport_id` int DEFAULT NULL,
  PRIMARY KEY (`facility_id`),
  KEY `sport_id` (`sport_id`),
  CONSTRAINT `facilities_ibfk_1` FOREIGN KEY (`sport_id`) REFERENCES `Sports` (`sport_id`) ON DELETE CASCADE ON UPDATE CASCADE
) ENGINE=InnoDB AUTO_INCREMENT=43 DEFAULT CHARSET=utf8mb4 COLLATE=utf8mb4_0900_ai_ci;
/*!40101 SET character_set_client = @saved_cs_client */;

--
-- Dumping data for table `Facilities`
--

LOCK TABLES `Facilities` WRITE;
/*!40000 ALTER TABLE `Facilities` DISABLE KEYS */;
INSERT INTO `Facilities` VALUES (1,'Badminton Court 1',1),(2,'Badminton Court 2',1),(3,'Badminton Court 3',1),(4,'Badminton Court 4',1),(5,'Badminton Court 5',1),(6,'Badminton Court 6',1),(7,'Badminton Court 7',1),(8,'Badminton Court 8',1),(9,'Basketball Court 1',2),(10,'Basketball Court 2',2),(11,'Basketball Court 3',2),(12,'Basketball Court 4',2),(13,'Climbing Wall 1',3),(14,'Swimming Pool 1',4),(15,'Swimming Pool 2',4),(16,'Multi Purpose Room 1',5),(17,'Multi Purpose Room 2',5),(18,'Multi Purpose Room 3',5),(19,'Multi Purpose Room 1',6),(20,'Multi Purpose Room 2',6),(21,'Multi Purpose Room 3',6),(22,'Multi Purpose Room 1',7),(23,'Multi Purpose Room 2',7),(24,'Multi Purpose Room 3',7),(25,'Squash Court 1',8),(26,'Squash Court 2',8),(27,'Squash Court 3',8),(28,'Racquetball Court 1',9),(29,'Racquetball Court 2',9),(30,'Racquetball Court 3',9),(31,'Racquetball Court 4',9),(32,'Racquetball Court 5',9),(33,'Table Tennis Table 1',10),(34,'Table Tennis Table 2',10),(35,'Table Tennis Table 3',10),(36,'Table Tennis Table 4',10),(37,'Table Tennis Table 5',10),(38,'Memorial Stadium',11),(39,'Volleyball Court 1',12),(40,'Volleyball Court 2',12),(41,'Volleyball Court 3',12),(42,'Volleyball Court 4',12);
/*!40000 ALTER TABLE `Facilities` ENABLE KEYS */;
UNLOCK TABLES;

--
-- Table structure for table `Roles`
--

DROP TABLE IF EXISTS `Roles`;
/*!40101 SET @saved_cs_client     = @@character_set_client */;
/*!50503 SET character_set_client = utf8mb4 */;
CREATE TABLE `Roles` (
  `role_id` int NOT NULL AUTO_INCREMENT,
  `role_name` varchar(50) DEFAULT NULL,
  `role_description` varchar(200) DEFAULT NULL,
  PRIMARY KEY (`role_id`)
) ENGINE=InnoDB AUTO_INCREMENT=4 DEFAULT CHARSET=utf8mb4 COLLATE=utf8mb4_0900_ai_ci;
/*!40101 SET character_set_client = @saved_cs_client */;

--
-- Dumping data for table `Roles`
--

LOCK TABLES `Roles` WRITE;
/*!40000 ALTER TABLE `Roles` DISABLE KEYS */;
INSERT INTO `Roles` VALUES (1,'User','Users availing ARC facilities'),(2,'Administrator','Admin of the application'),(3,'Supervisor','Supervisors of different sports');
/*!40000 ALTER TABLE `Roles` ENABLE KEYS */;
UNLOCK TABLES;

--
-- Table structure for table `SlotBookings`
--

DROP TABLE IF EXISTS `SlotBookings`;
/*!40101 SET @saved_cs_client     = @@character_set_client */;
/*!50503 SET character_set_client = utf8mb4 */;
CREATE TABLE `SlotBookings` (
  `net_id` varchar(30) NOT NULL,
  `facility_id` int NOT NULL,
  `slot_id` int NOT NULL,
  `booking_date` datetime NOT NULL,
  PRIMARY KEY (`net_id`,`facility_id`,`booking_date`,`slot_id`),
  KEY `facility_id` (`facility_id`),
  KEY `slot_id` (`slot_id`),
  CONSTRAINT `slotbookings_ibfk_1` FOREIGN KEY (`net_id`) REFERENCES `Users` (`net_id`) ON DELETE CASCADE ON UPDATE CASCADE,
  CONSTRAINT `slotbookings_ibfk_2` FOREIGN KEY (`facility_id`) REFERENCES `Facilities` (`facility_id`) ON DELETE CASCADE ON UPDATE CASCADE,
  CONSTRAINT `slotbookings_ibfk_3` FOREIGN KEY (`slot_id`) REFERENCES `Slots` (`slot_id`) ON DELETE CASCADE ON UPDATE CASCADE
) ENGINE=InnoDB DEFAULT CHARSET=utf8mb4 COLLATE=utf8mb4_0900_ai_ci;
/*!40101 SET character_set_client = @saved_cs_client */;

--
-- Dumping data for table `SlotBookings`
--

LOCK TABLES `SlotBookings` WRITE;
/*!40000 ALTER TABLE `SlotBookings` DISABLE KEYS */;
INSERT INTO `SlotBookings` VALUES ('_greenwings',1,17,'2022-12-19 00:00:00'),('_johnny215',1,8,'2022-11-21 00:00:00'),('allthelovelinds',1,16,'2022-10-31 00:00:00'),('atirakhalisha',1,15,'2022-12-01 00:00:00'),('carolscho',1,10,'2022-10-30 00:00:00'),('cityogini',1,13,'2022-11-14 00:00:00'),('debdarkpetal',1,9,'2022-11-26 00:00:00'),('deejayprod',1,16,'2022-10-06 00:00:00'),('erian_a',1,8,'2022-10-24 00:00:00'),('ethankell11',1,10,'2022-10-25 00:00:00'),('fccminneapolsi',1,9,'2022-12-12 00:00:00'),('goblinmerchant',1,3,'2022-11-02 00:00:00'),('got2spd',1,9,'2022-12-23 00:00:00'),('gregoktaveceyp',1,14,'2022-11-28 00:00:00'),('isidoodles',1,18,'2022-12-25 00:00:00'),('jinnspak',1,1,'2022-12-06 00:00:00'),('jwwatson1',1,7,'2022-11-25 00:00:00'),('kinkyplier',1,12,'2022-12-14 00:00:00'),('ldydrums',1,6,'2022-12-05 00:00:00'),('liluh1',1,13,'2022-10-25 00:00:00'),('maseinguilherme',1,17,'2022-12-15 00:00:00'),('meonajourney',1,14,'2022-09-29 00:00:00'),('natabaalo',1,4,'2022-11-07 00:00:00'),('nazniman',1,3,'2022-11-18 00:00:00'),('notjulianedels',1,2,'2022-12-19 00:00:00'),('panzer0821',1,7,'2022-11-10 00:00:00'),('provenpestcontr',1,6,'2022-12-23 00:00:00'),('rottoturbine',1,2,'2022-12-31 00:00:00'),('rudolphjjacobs',1,11,'2022-12-15 00:00:00'),('sena_adi21',1,1,'2022-09-04 00:00:00'),('tailwind3',1,16,'2022-11-02 00:00:00'),('thestationng',1,9,'2022-11-16 00:00:00'),('todayspop',1,1,'2022-10-29 00:00:00'),('trent__swanson',1,15,'2022-11-27 00:00:00'),('yatovalmonte',1,11,'2022-11-02 00:00:00'),('100thone',2,14,'2022-09-09 00:00:00'),('airydairy',2,4,'2022-12-16 00:00:00'),('all_jobs_',2,13,'2022-12-23 00:00:00'),('ashlyjbrooks',2,9,'2022-09-23 00:00:00'),('blemmie',2,3,'2022-12-13 00:00:00'),('businesssharer',2,6,'2022-12-26 00:00:00'),('carpetbaby20',2,3,'2022-09-28 00:00:00'),('carpetbaby20',2,16,'2022-12-07 00:00:00'),('cisn_jack',2,9,'2022-08-22 00:00:00'),('citieswelike',2,8,'2022-09-25 00:00:00'),('claytonhenders2',2,16,'2022-09-03 00:00:00'),('dlabrie',2,3,'2022-09-18 00:00:00'),('dodwinchester',2,10,'2022-09-09 00:00:00'),('echasera',2,13,'2022-11-28 00:00:00'),('eli5_reddit',2,8,'2022-12-01 00:00:00'),('fancycomedy',2,18,'2022-09-22 00:00:00'),('fuckingbanknote',2,13,'2022-09-19 00:00:00'),('futballg',2,7,'2022-11-11 00:00:00'),('gregoktaveceyp',2,13,'2022-09-15 00:00:00'),('hanadiiammar',2,16,'2022-11-24 00:00:00'),('hyrule_w4rrior',2,18,'2022-11-15 00:00:00'),('iraknieuws',2,17,'2022-10-08 00:00:00'),('ishanprakash',2,10,'2022-10-13 00:00:00'),('ishanprakash',2,2,'2022-10-29 00:00:00'),('jamesh97_',2,14,'2022-12-21 00:00:00'),('jaymiedels',2,10,'2022-12-23 00:00:00'),('jleichtner5',2,15,'2022-10-26 00:00:00'),('jrctic_ebooks',2,11,'2022-12-23 00:00:00'),('jt_mid_east',2,1,'2022-11-28 00:00:00'),('kaisy__',2,6,'2022-11-15 00:00:00'),('kay_alexis9',2,15,'2022-08-29 00:00:00'),('khalifahbako',2,13,'2022-10-18 00:00:00'),('krishnavenibe15',2,13,'2022-09-15 00:00:00'),('lifeofaroman',2,15,'2022-10-28 00:00:00'),('lotusbuddhababa',2,16,'2022-09-03 00:00:00'),('lwsullivan',2,13,'2022-11-22 00:00:00'),('margmccrohon',2,1,'2022-12-19 00:00:00'),('marsbridesveil',2,15,'2022-10-05 00:00:00'),('maua_jimmison',2,17,'2022-11-02 00:00:00'),('mbrlydnkr61',2,17,'2022-09-29 00:00:00'),('meonajourney',2,4,'2022-10-05 00:00:00'),('meongh100',2,14,'2022-09-28 00:00:00'),('munsinglaw',2,6,'2022-09-29 00:00:00'),('myoutletsghh',2,11,'2022-11-10 00:00:00'),('myrettanababan',2,14,'2022-10-26 00:00:00'),('myroommatekarl',2,7,'2022-12-23 00:00:00'),('ride_tha_tiger',2,15,'2022-12-17 00:00:00'),('rom1520',2,11,'2022-10-11 00:00:00'),('stellamaris614',2,12,'2022-10-12 00:00:00'),('thereal_robjack',2,17,'2022-09-02 00:00:00'),('tstark',2,13,'2022-12-01 00:00:00'),('tward73',2,8,'2022-12-23 00:00:00'),('vincentturner80',2,14,'2022-09-23 00:00:00'),('wheelychris',2,2,'2022-12-06 00:00:00'),('ygolwalkar',2,18,'2022-10-20 00:00:00'),('yunusverified',2,1,'2022-09-16 00:00:00'),('_eggcrown',3,12,'2022-10-28 00:00:00'),('all_jobs_',3,6,'2022-12-13 00:00:00'),('all_jobs_',3,5,'2022-12-21 00:00:00'),('andpiacentinig',3,15,'2022-10-19 00:00:00'),('andrewlalex',3,14,'2022-11-30 00:00:00'),('arjujumand',3,8,'2022-09-14 00:00:00'),('b0_s8_hx',3,3,'2022-09-19 00:00:00'),('britt_2legit',3,2,'2022-11-11 00:00:00'),('carimachet',3,7,'2022-12-28 00:00:00'),('chrisogilviesnr',3,12,'2022-11-12 00:00:00'),('cityogini',3,14,'2022-09-14 00:00:00'),('coachseahorn',3,3,'2022-09-29 00:00:00'),('dens_ethan',3,18,'2022-09-24 00:00:00'),('dloglesby57',3,18,'2022-10-11 00:00:00'),('ebruforyou',3,18,'2022-12-29 00:00:00'),('endunvyrantinie',3,1,'2022-11-02 00:00:00'),('enshtein_albert',3,10,'2022-11-27 00:00:00'),('evidenceaid',3,18,'2022-08-24 00:00:00'),('fckboyash_',3,8,'2022-12-21 00:00:00'),('ghouliana',3,2,'2022-12-04 00:00:00'),('ginger891022',3,16,'2022-12-17 00:00:00'),('gmanews',3,7,'2022-10-24 00:00:00'),('grv1000',3,1,'2022-08-29 00:00:00'),('gunturmaverick',3,7,'2022-11-26 00:00:00'),('hoenjojo',3,16,'2022-12-15 00:00:00'),('ishqdmaria',3,5,'2022-10-07 00:00:00'),('izzystaymunchin',3,2,'2022-12-30 00:00:00'),('jacekdurkalec',3,6,'2022-08-26 00:00:00'),('jackcapp1122',3,11,'2022-12-11 00:00:00'),('jinnspak',3,5,'2022-11-30 00:00:00'),('journomayank',3,13,'2022-10-07 00:00:00'),('kenyacoast',3,10,'2022-09-11 00:00:00'),('knowlifemusic',3,5,'2022-08-26 00:00:00'),('kyliecaat',3,14,'2022-11-14 00:00:00'),('lianethompson',3,11,'2022-11-30 00:00:00'),('lianethompson',3,5,'2022-12-26 00:00:00'),('miarxo',3,5,'2022-09-09 00:00:00'),('nadhianov_',3,15,'2022-11-20 00:00:00'),('naitousa',3,18,'2022-11-23 00:00:00'),('newbrxkenscenex',3,9,'2022-11-26 00:00:00'),('osintzone',3,6,'2022-10-23 00:00:00'),('piercingheart',3,4,'2022-12-07 00:00:00'),('racingtweets1',3,8,'2022-10-03 00:00:00'),('rauhallinen',3,17,'2022-10-03 00:00:00'),('robertgammon',3,4,'2022-09-19 00:00:00'),('saketsj2',3,2,'2022-10-03 00:00:00'),('saltyphone',3,1,'2022-11-25 00:00:00'),('secretcodem7',3,15,'2022-08-28 00:00:00'),('sienk0',3,17,'2022-10-07 00:00:00'),('sunkanmishams',3,18,'2022-11-21 00:00:00'),('takwane2',3,11,'2022-09-22 00:00:00'),('tamil1947',3,11,'2022-10-16 00:00:00'),('tamil1947',3,1,'2022-12-11 00:00:00'),('themexicoreport',3,13,'2022-10-08 00:00:00'),('thestationng',3,18,'2022-10-31 00:00:00'),('torsadventuresm',3,16,'2022-10-10 00:00:00'),('veneromatias',3,15,'2022-09-07 00:00:00'),('andpiacentinig',4,17,'2022-10-14 00:00:00'),('anyagauld',4,18,'2022-11-26 00:00:00'),('aye_rain',4,6,'2022-10-22 00:00:00'),('bialicagua1972',4,8,'2022-11-04 00:00:00'),('bobgiantz',4,18,'2022-09-10 00:00:00'),('casz33',4,5,'2022-09-21 00:00:00'),('cityogini',4,15,'2022-11-17 00:00:00'),('cxtieharold',4,16,'2022-09-28 00:00:00'),('daddy_styles69',4,4,'2022-10-15 00:00:00'),('dbone_69',4,15,'2022-09-03 00:00:00'),('duthel',4,18,'2022-08-29 00:00:00'),('evstatic11',4,10,'2022-12-20 00:00:00'),('gousain',4,11,'2022-12-18 00:00:00'),('hoenjojo',4,15,'2022-08-24 00:00:00'),('k_ban',4,9,'2022-12-06 00:00:00'),('kangsseulgo',4,10,'2022-08-29 00:00:00'),('kerryswainbank',4,6,'2022-09-30 00:00:00'),('kinkyplier',4,11,'2022-12-21 00:00:00'),('kyliecaat',4,17,'2022-12-22 00:00:00'),('laydbackcat',4,13,'2022-10-13 00:00:00'),('lunaclaveria',4,12,'2022-12-17 00:00:00'),('mariamstrongms',4,3,'2022-11-09 00:00:00'),('mavros35169',4,11,'2022-10-12 00:00:00'),('mcshea1',4,11,'2022-10-18 00:00:00'),('meongh100',4,8,'2022-12-01 00:00:00'),('morenojacobomo3',4,14,'2022-10-24 00:00:00'),('pfz817paukhoy',4,9,'2022-09-02 00:00:00'),('pialfapi314',4,10,'2022-09-12 00:00:00'),('qualfoijuniu',4,1,'2022-10-28 00:00:00'),('radioessexnews',4,16,'2022-09-10 00:00:00'),('raythegrouch',4,7,'2022-12-17 00:00:00'),('rkehmeier',4,13,'2022-11-11 00:00:00'),('sanjamregmi',4,10,'2022-09-11 00:00:00'),('saywellness2',4,14,'2022-09-13 00:00:00'),('seedhesadheakki',4,15,'2022-10-15 00:00:00'),('shreyanshrathi',4,9,'2022-10-14 00:00:00'),('squares73terry',4,11,'2022-11-10 00:00:00'),('theangrymick',4,7,'2022-12-13 00:00:00'),('they_callmepapi',4,6,'2022-09-19 00:00:00'),('torsadventuresm',4,6,'2022-11-06 00:00:00'),('uchennadumetol2',4,1,'2022-10-13 00:00:00'),('verejohansen',4,2,'2022-10-09 00:00:00'),('_donlbr',5,5,'2022-11-08 00:00:00'),('accessagric',5,2,'2022-10-19 00:00:00'),('alexandregarel',5,13,'2022-11-20 00:00:00'),('aniwahyagroup',5,18,'2022-09-10 00:00:00'),('bigbosssayvo',5,9,'2022-11-23 00:00:00'),('charlessanfili1',5,5,'2022-08-22 00:00:00'),('corptropolis',5,9,'2022-09-26 00:00:00'),('cullenzawacki69',5,9,'2022-08-26 00:00:00'),('dennispeckmq',5,16,'2022-09-26 00:00:00'),('dloglesby57',5,7,'2022-12-02 00:00:00'),('eridoublec',5,2,'2022-11-16 00:00:00'),('fakesbumtie',5,7,'2022-10-15 00:00:00'),('fauxfleur',5,14,'2022-09-30 00:00:00'),('fccminneapolsi',5,1,'2022-09-14 00:00:00'),('fitzroy81',5,1,'2022-09-21 00:00:00'),('flawlessa_k',5,3,'2022-08-29 00:00:00'),('gmanews',5,4,'2022-09-09 00:00:00'),('homecourtbias',5,12,'2022-11-27 00:00:00'),('janblue555',5,6,'2022-11-22 00:00:00'),('jhtallboy',5,6,'2022-11-14 00:00:00'),('jojohunney',5,14,'2022-12-31 00:00:00'),('justwaynecamp',5,10,'2022-10-31 00:00:00'),('kaisy__',5,17,'2022-11-07 00:00:00'),('karan_mehta10',5,5,'2022-10-30 00:00:00'),('knappyhour',5,6,'2022-08-26 00:00:00'),('l_kianchong',5,1,'2022-12-08 00:00:00'),('lbgupta7',5,14,'2022-09-30 00:00:00'),('lianethompson',5,9,'2022-09-14 00:00:00'),('lorensantiago80',5,10,'2022-10-26 00:00:00'),('megmarie64',5,16,'2022-09-20 00:00:00'),('melissawarfield',5,11,'2022-10-04 00:00:00'),('mobileapprevolt',5,16,'2022-09-29 00:00:00'),('mohsinmalvi19',5,16,'2022-10-02 00:00:00'),('mukziey',5,7,'2022-12-21 00:00:00'),('n0n0t0',5,14,'2022-11-09 00:00:00'),('noflashsansiris',5,14,'2022-09-11 00:00:00'),('oliviaclark047',5,4,'2022-12-21 00:00:00'),('owlabye978',5,10,'2022-09-11 00:00:00'),('pauloosting',5,14,'2022-10-18 00:00:00'),('pherae_le_sann',5,14,'2022-09-03 00:00:00'),('rachithsridhar',5,18,'2022-09-19 00:00:00'),('racingtweets1',5,13,'2022-11-11 00:00:00'),('revival1924',5,13,'2022-11-07 00:00:00'),('rhonaabila',5,8,'2022-11-07 00:00:00'),('rjber15',5,1,'2022-08-25 00:00:00'),('rodgerseatm',5,11,'2022-12-26 00:00:00'),('sergioferraris',5,16,'2022-12-17 00:00:00'),('sircapoako',5,18,'2022-12-16 00:00:00'),('stevewillmott',5,14,'2022-11-30 00:00:00'),('sweeting_gina',5,18,'2022-10-23 00:00:00'),('szelepanna',5,4,'2022-10-05 00:00:00'),('thegoodphight',5,18,'2022-12-23 00:00:00'),('tootie42448',5,1,'2022-10-08 00:00:00'),('tstark',5,8,'2022-09-01 00:00:00'),('visitseychelles',5,10,'2022-10-16 00:00:00'),('xorands',5,4,'2022-10-29 00:00:00'),('youbidderjones',5,10,'2022-11-04 00:00:00'),('zenmommangrimes',5,15,'2022-12-07 00:00:00'),('115746999eric',6,1,'2022-12-29 00:00:00'),('alayna_powers',6,1,'2022-09-08 00:00:00'),('amendolaart',6,1,'2022-11-27 00:00:00'),('arjujumand',6,4,'2022-11-29 00:00:00'),('arjungautam8888',6,17,'2022-12-08 00:00:00'),('az_4_trump',6,16,'2022-08-24 00:00:00'),('babesexpert',6,6,'2022-10-02 00:00:00'),('blancamiosi',6,14,'2022-09-09 00:00:00'),('cain_sanchez',6,17,'2022-09-19 00:00:00'),('carpetbaby20',6,6,'2022-10-15 00:00:00'),('cullenzawacki69',6,2,'2022-12-19 00:00:00'),('dorinesez',6,13,'2022-10-12 00:00:00'),('elisamarie223',6,8,'2022-12-10 00:00:00'),('guide2tricks',6,12,'2022-10-04 00:00:00'),('hassensienicht',6,14,'2022-08-27 00:00:00'),('internethinduz',6,14,'2022-12-11 00:00:00'),('ivansidorenko1',6,16,'2022-11-13 00:00:00'),('jinijack89',6,2,'2022-12-09 00:00:00'),('jjvwebb',6,6,'2022-10-23 00:00:00'),('kaileshrajdev',6,10,'2022-09-11 00:00:00'),('kaileshrajdev',6,5,'2022-10-24 00:00:00'),('kay_alexis9',6,9,'2022-12-25 00:00:00'),('kehlbayern',6,2,'2022-08-25 00:00:00'),('krykey',6,2,'2022-08-23 00:00:00'),('maseinguilherme',6,3,'2022-12-03 00:00:00'),('mattdewees11',6,4,'2022-11-02 00:00:00'),('megaapriyanti9',6,2,'2022-10-19 00:00:00'),('nazniman',6,6,'2022-09-20 00:00:00'),('panacheprince',6,4,'2022-11-12 00:00:00'),('plrates',6,12,'2022-11-09 00:00:00'),('rkodominic',6,16,'2022-11-24 00:00:00'),('saketsj2',6,11,'2022-09-12 00:00:00'),('seapabkk',6,7,'2022-12-10 00:00:00'),('shadow_anino',6,9,'2022-11-19 00:00:00'),('superfuturelove',6,6,'2022-12-29 00:00:00'),('sweetyb41804973',6,5,'2022-12-05 00:00:00'),('thefeudupdate',6,17,'2022-12-19 00:00:00'),('themexicoreport',6,9,'2022-11-19 00:00:00'),('ticchula',6,7,'2022-10-04 00:00:00'),('tim_lashley',6,6,'2022-11-20 00:00:00'),('triplec1998',6,4,'2022-12-21 00:00:00'),('adenahollington',7,1,'2022-08-27 00:00:00'),('amendolaart',7,9,'2022-09-30 00:00:00'),('balram_insan',7,17,'2022-08-22 00:00:00'),('bazyjonesy',7,16,'2022-09-05 00:00:00'),('bilbulbabe',7,10,'2022-11-28 00:00:00'),('charlierichmond',7,8,'2022-10-20 00:00:00'),('crankedswift',7,4,'2022-10-07 00:00:00'),('dinnidania',7,8,'2022-10-02 00:00:00'),('environmenlaw',7,3,'2022-09-23 00:00:00'),('fauxfleur',7,4,'2022-11-13 00:00:00'),('festindecuervo',7,4,'2022-11-13 00:00:00'),('giditti',7,18,'2022-09-19 00:00:00'),('haarriisson',7,16,'2022-08-26 00:00:00'),('hoenjojo',7,11,'2022-11-07 00:00:00'),('homecourtbias',7,17,'2022-10-05 00:00:00'),('houdrew',7,13,'2022-11-07 00:00:00'),('huzzayn',7,9,'2022-09-04 00:00:00'),('jatkat45',7,11,'2022-12-20 00:00:00'),('joebobhi',7,14,'2022-11-05 00:00:00'),('juliaadamson4',7,11,'2022-09-09 00:00:00'),('khairulaqmal',7,4,'2022-12-23 00:00:00'),('kingtsamuel13',7,2,'2022-09-01 00:00:00'),('kingtsamuel13',7,9,'2022-11-06 00:00:00'),('lbgupta7',7,16,'2022-11-12 00:00:00'),('lukkaewsone',7,10,'2022-08-28 00:00:00'),('lunaclaveria',7,6,'2022-12-11 00:00:00'),('marcowodopia',7,12,'2022-12-01 00:00:00'),('marsbridesveil',7,18,'2022-10-17 00:00:00'),('myoutletsghh',7,3,'2022-08-22 00:00:00'),('nazrinsyafiq89',7,13,'2022-08-31 00:00:00'),('oliviaclark047',7,15,'2022-11-28 00:00:00'),('panivpatil',7,10,'2022-12-24 00:00:00'),('pentaholicsaus',7,9,'2022-09-02 00:00:00'),('phillyalertnews',7,15,'2022-10-18 00:00:00'),('ranthonylemke',7,12,'2022-12-25 00:00:00'),('rcp123456',7,5,'2022-12-08 00:00:00'),('redhalf',7,4,'2022-10-29 00:00:00'),('sainathappagoni',7,14,'2022-08-30 00:00:00'),('samuelbaker67',7,3,'2022-08-23 00:00:00'),('simplewareltd',7,2,'2022-12-28 00:00:00'),('smitteons_',7,14,'2022-12-30 00:00:00'),('stephaniejvel',7,6,'2022-12-22 00:00:00'),('thomaswalker42',7,5,'2022-10-14 00:00:00'),('trcanlas',7,14,'2022-12-08 00:00:00'),('trinz33',7,7,'2022-09-23 00:00:00'),('tz_very_own',7,18,'2022-11-22 00:00:00'),('wheelychris',7,13,'2022-12-08 00:00:00'),('wildgees8',7,3,'2022-12-13 00:00:00'),('wood_cdwo1',7,3,'2022-12-08 00:00:00'),('_kushoo1',8,15,'2022-10-02 00:00:00'),('100thone',8,9,'2022-09-29 00:00:00'),('babosier',8,9,'2022-11-09 00:00:00'),('berberkenan',8,10,'2022-10-22 00:00:00'),('brookeinbows',8,10,'2022-12-22 00:00:00'),('cnjbromo',8,9,'2022-09-06 00:00:00'),('fiidaus',8,5,'2022-12-17 00:00:00'),('goblinmerchant',8,2,'2022-08-24 00:00:00'),('gousain',8,6,'2022-12-05 00:00:00'),('groonk',8,14,'2022-08-23 00:00:00'),('hipsteryogi',8,18,'2022-09-03 00:00:00'),('indopulse',8,10,'2022-12-23 00:00:00'),('justinmanis32',8,15,'2022-12-21 00:00:00'),('jwwatson1',8,15,'2022-09-17 00:00:00'),('ku5h4l',8,9,'2022-10-29 00:00:00'),('lebzaa15',8,12,'2022-09-17 00:00:00'),('mariamstrongms',8,13,'2022-10-21 00:00:00'),('mhs95',8,10,'2022-10-01 00:00:00'),('miarxo',8,3,'2022-11-18 00:00:00'),('nsevencan61',8,16,'2022-10-20 00:00:00'),('pfgun0',8,3,'2022-10-16 00:00:00'),('rachel_jsa',8,15,'2022-12-25 00:00:00'),('rlalas',8,17,'2022-12-15 00:00:00'),('segavox_44114',8,16,'2022-11-02 00:00:00'),('sergioferraris',8,11,'2022-10-11 00:00:00'),('sipho_zn',8,7,'2022-09-30 00:00:00'),('skssaltanat',8,6,'2022-09-23 00:00:00'),('sopphhucked',8,18,'2022-09-05 00:00:00'),('theangrymick',8,1,'2022-11-03 00:00:00'),('theonlyleaderbb',8,13,'2022-10-05 00:00:00'),('todayspop',8,7,'2022-12-05 00:00:00'),('whatsnewinnews',8,18,'2022-12-16 00:00:00'),('zoomnclick',8,8,'2022-11-02 00:00:00'),('all_jobs_',9,8,'2022-08-22 00:00:00'),('all_jobs_',9,14,'2022-11-11 00:00:00'),('allthelovelinds',9,2,'2022-11-06 00:00:00'),('allthelovelinds',9,2,'2022-11-16 00:00:00'),('analogist',9,16,'2022-09-23 00:00:00'),('andilemlondo',9,15,'2022-12-20 00:00:00'),('asian_cumdumps',9,18,'2022-12-27 00:00:00'),('binnsy_46',9,3,'2022-08-26 00:00:00'),('carpetbaby20',9,11,'2022-12-16 00:00:00'),('causewerave',9,1,'2022-12-23 00:00:00'),('christiana_20',9,6,'2022-09-21 00:00:00'),('clibustwitch',9,16,'2022-12-06 00:00:00'),('cooper_marcus1',9,11,'2022-11-05 00:00:00'),('corptropolis',9,3,'2022-12-12 00:00:00'),('cynthiajdavenp3',9,18,'2022-09-26 00:00:00'),('dbone_69',9,6,'2022-08-29 00:00:00'),('didalondon',9,1,'2022-11-21 00:00:00'),('durhambacker',9,15,'2022-11-10 00:00:00'),('eli5_reddit',9,4,'2022-09-25 00:00:00'),('fccminneapolsi',9,1,'2022-11-30 00:00:00'),('gaetanburgio',9,6,'2022-10-25 00:00:00'),('gjoptometrists',9,15,'2022-11-14 00:00:00'),('gupta2dec',9,1,'2022-09-30 00:00:00'),('hiryuxiii',9,8,'2022-10-01 00:00:00'),('hotelcomau',9,14,'2022-08-30 00:00:00'),('iambigthalafan',9,10,'2022-10-05 00:00:00'),('imadethatmyself',9,3,'2022-09-13 00:00:00'),('jatkat45',9,8,'2022-12-24 00:00:00'),('jordanneely18',9,13,'2022-12-18 00:00:00'),('journomayank',9,10,'2022-12-16 00:00:00'),('juicedzevs',9,2,'2022-11-01 00:00:00'),('kaileshrajdev',9,3,'2022-10-02 00:00:00'),('kevinharvell',9,1,'2022-10-09 00:00:00'),('kimballbainbri1',9,1,'2022-12-01 00:00:00'),('ldydrums',9,2,'2022-11-10 00:00:00'),('lmocase',9,16,'2022-10-07 00:00:00'),('losangelespics6',9,5,'2022-11-22 00:00:00'),('luwedge',9,10,'2022-12-29 00:00:00'),('mainstreamedia',9,18,'2022-10-28 00:00:00'),('margmccrohon',9,9,'2022-10-18 00:00:00'),('matthew1hunter',9,18,'2022-08-27 00:00:00'),('myrettanababan',9,12,'2022-08-26 00:00:00'),('nekobuta11',9,5,'2022-12-05 00:00:00'),('newbrxkenscenex',9,17,'2022-11-22 00:00:00'),('nwatudaniel',9,18,'2022-09-24 00:00:00'),('pcb_cricket_pk',9,9,'2022-10-17 00:00:00'),('pet_julia',9,14,'2022-11-29 00:00:00'),('pfgun0',9,2,'2022-09-05 00:00:00'),('rhonaabila',9,4,'2022-11-05 00:00:00'),('tootthebarber',9,2,'2022-11-09 00:00:00'),('ushasudarshan27',9,12,'2022-09-06 00:00:00'),('vinksharma',9,18,'2022-12-09 00:00:00'),('vofnnamibia',9,16,'2022-09-30 00:00:00'),('vraptors_',9,12,'2022-12-22 00:00:00'),('winsconation',9,15,'2022-11-24 00:00:00'),('xtsoccer',9,1,'2022-12-07 00:00:00'),('ygolwalkar',9,7,'2022-11-25 00:00:00'),('yoghourte',9,5,'2022-10-25 00:00:00'),('andpiacentinig',10,13,'2022-11-11 00:00:00'),('arjujumand',10,6,'2022-12-12 00:00:00'),('b_reesey',10,13,'2022-10-08 00:00:00'),('billy_tully_13',10,3,'2022-11-14 00:00:00'),('deejayprod',10,17,'2022-12-18 00:00:00'),('dodwinchester',10,11,'2022-11-19 00:00:00'),('dutodesitat',10,14,'2022-11-29 00:00:00'),('ekoonibajeooo',10,18,'2022-10-02 00:00:00'),('evidenceaid',10,14,'2022-09-02 00:00:00'),('feelitae',10,12,'2022-08-30 00:00:00'),('g_maduabuchi',10,16,'2022-08-26 00:00:00'),('getreallux',10,10,'2022-12-01 00:00:00'),('gregorydundas1',10,1,'2022-11-04 00:00:00'),('gypsy_jeffrey',10,11,'2022-11-05 00:00:00'),('hidefumif',10,6,'2022-08-28 00:00:00'),('hoenjojo',10,6,'2022-09-25 00:00:00'),('ishqdmaria',10,17,'2022-12-14 00:00:00'),('jimfacette',10,18,'2022-12-26 00:00:00'),('jp_hitmen',10,11,'2022-09-27 00:00:00'),('katja_flores',10,8,'2022-11-09 00:00:00'),('kingston_v',10,10,'2022-08-26 00:00:00'),('kkantbajpai',10,11,'2022-09-30 00:00:00'),('lavionne',10,1,'2022-12-26 00:00:00'),('lloydnare',10,9,'2022-12-24 00:00:00'),('martymtweets',10,10,'2022-09-17 00:00:00'),('martymtweets',10,11,'2022-10-08 00:00:00'),('mattgross33',10,8,'2022-12-06 00:00:00'),('mbrlydnkr61',10,16,'2022-12-31 00:00:00'),('nadhianov_',10,7,'2022-10-20 00:00:00'),('ndwrrn969',10,11,'2022-12-14 00:00:00'),('nobanonjud',10,10,'2022-08-28 00:00:00'),('oyalea_',10,8,'2022-10-16 00:00:00'),('pareshp94866251',10,16,'2022-11-24 00:00:00'),('prididdy_',10,6,'2022-09-16 00:00:00'),('saiduml',10,8,'2022-12-30 00:00:00'),('sami1laine',10,4,'2022-11-13 00:00:00'),('scarlettwarrior',10,17,'2022-12-26 00:00:00'),('shashashabooyea',10,12,'2022-09-01 00:00:00'),('shilanqadir',10,6,'2022-09-17 00:00:00'),('steve00794525',10,7,'2022-12-06 00:00:00'),('sydneyaustral_a',10,12,'2022-11-14 00:00:00'),('thol_rauf',10,17,'2022-11-21 00:00:00'),('tootthebarber',10,16,'2022-12-09 00:00:00'),('travelnewsdeals',10,15,'2022-10-22 00:00:00'),('trent__swanson',10,13,'2022-10-03 00:00:00'),('triplec1998',10,4,'2022-11-12 00:00:00'),('tward73',10,17,'2022-09-06 00:00:00'),('umassbeacons',10,3,'2022-09-09 00:00:00'),('umo2013',10,15,'2022-09-01 00:00:00'),('wood_cdwo1',10,17,'2022-11-22 00:00:00'),('115746999eric',11,1,'2022-09-15 00:00:00'),('3malcon',11,6,'2022-12-23 00:00:00'),('adorablenz',11,1,'2022-11-23 00:00:00'),('amarieroldan',11,3,'2022-09-09 00:00:00'),('antwiivirus',11,11,'2022-09-04 00:00:00'),('antwiivirus',11,10,'2022-12-07 00:00:00'),('artofevan',11,5,'2022-11-26 00:00:00'),('ashlyjbrooks',11,7,'2022-11-23 00:00:00'),('cain_sanchez',11,2,'2022-11-30 00:00:00'),('carolscho',11,9,'2022-10-10 00:00:00'),('corptropolis',11,15,'2022-08-26 00:00:00'),('cxtieharold',11,10,'2022-12-28 00:00:00'),('deltonaweather',11,10,'2022-09-19 00:00:00'),('dhikesadis3',11,14,'2022-11-03 00:00:00'),('eezzyy01',11,11,'2022-12-13 00:00:00'),('ekoonibajeooo',11,7,'2022-09-27 00:00:00'),('enolamelyk',11,15,'2022-09-10 00:00:00'),('fionntyx',11,18,'2022-11-11 00:00:00'),('giriall',11,3,'2022-10-22 00:00:00'),('hakeemmudasir',11,3,'2022-11-23 00:00:00'),('hassensienicht',11,5,'2022-10-08 00:00:00'),('hazelpage14',11,3,'2022-09-17 00:00:00'),('janblue555',11,2,'2022-10-31 00:00:00'),('justicenyaude',11,6,'2022-10-11 00:00:00'),('kattcreal1',11,13,'2022-12-11 00:00:00'),('kingston_v',11,3,'2022-09-11 00:00:00'),('ktj_loikk',11,2,'2022-10-16 00:00:00'),('l_aguila007',11,12,'2022-11-10 00:00:00'),('liluh1',11,13,'2022-10-07 00:00:00'),('mattgross33',11,15,'2022-09-21 00:00:00'),('michellex_3',11,1,'2022-09-11 00:00:00'),('morgaangie',11,14,'2022-09-13 00:00:00'),('nwatudaniel',11,4,'2022-11-06 00:00:00'),('oroomleb',11,8,'2022-10-18 00:00:00'),('panacheprince',11,3,'2022-12-29 00:00:00'),('pjthoughtproces',11,12,'2022-12-31 00:00:00'),('sienk0',11,4,'2022-09-07 00:00:00'),('silky0135',11,14,'2022-09-05 00:00:00'),('sport_tin',11,9,'2022-11-19 00:00:00'),('sydneyaustral_a',11,10,'2022-11-14 00:00:00'),('sydneyhorrorx',11,4,'2022-09-11 00:00:00'),('thedon___',11,1,'2022-08-30 00:00:00'),('toniannela',11,18,'2022-09-29 00:00:00'),('tootie42448',11,3,'2022-12-14 00:00:00'),('umimdelainey',11,3,'2022-09-13 00:00:00'),('visit_turkey',11,15,'2022-11-07 00:00:00'),('adorablenz',12,11,'2022-10-10 00:00:00'),('afrikaaman',12,1,'2022-10-11 00:00:00'),('alayna_powers',12,14,'2022-10-18 00:00:00'),('andrewlalex',12,17,'2022-10-11 00:00:00'),('az_4_trump',12,9,'2022-09-26 00:00:00'),('barishitay',12,11,'2022-12-22 00:00:00'),('calley_c',12,2,'2022-12-18 00:00:00'),('callme_tp',12,9,'2022-09-11 00:00:00'),('careerjett',12,4,'2022-09-18 00:00:00'),('christo37303834',12,7,'2022-12-30 00:00:00'),('delazorro',12,4,'2022-08-28 00:00:00'),('devincallahan10',12,1,'2022-09-10 00:00:00'),('dhiraj1c',12,2,'2022-10-26 00:00:00'),('djdas',12,2,'2022-10-03 00:00:00'),('dutodesitat',12,12,'2022-12-14 00:00:00'),('eridoublec',12,6,'2022-10-23 00:00:00'),('gnfocus',12,17,'2022-09-03 00:00:00'),('gousain',12,15,'2022-11-04 00:00:00'),('gregoktaveceyp',12,18,'2022-09-28 00:00:00'),('harrypezz',12,11,'2022-11-26 00:00:00'),('hollersandra',12,10,'2022-12-18 00:00:00'),('izajoker2812',12,3,'2022-11-23 00:00:00'),('jacintasv',12,14,'2022-09-03 00:00:00'),('jameslfrancis',12,17,'2022-11-20 00:00:00'),('jwwatson1',12,7,'2022-09-27 00:00:00'),('jwwatson1',12,11,'2022-12-18 00:00:00'),('katja_flores',12,12,'2022-09-03 00:00:00'),('kevincosna',12,10,'2022-11-19 00:00:00'),('kevincosna',12,12,'2022-12-01 00:00:00'),('king_myers',12,6,'2022-09-17 00:00:00'),('lois775025',12,6,'2022-11-12 00:00:00'),('mobileapprevolt',12,1,'2022-08-28 00:00:00'),('munsinglaw',12,14,'2022-08-31 00:00:00'),('od_king',12,6,'2022-09-12 00:00:00'),('origanalist',12,9,'2022-11-25 00:00:00'),('osintzone',12,4,'2022-11-21 00:00:00'),('panzer0821',12,7,'2022-11-22 00:00:00'),('patriciangle',12,16,'2022-10-31 00:00:00'),('pfgun0',12,17,'2022-09-19 00:00:00'),('sipho_zn',12,15,'2022-10-21 00:00:00'),('stephaniejvel',12,16,'2022-08-28 00:00:00'),('sydneyaustral_a',12,11,'2022-09-08 00:00:00'),('theangrymick',12,11,'2022-09-14 00:00:00'),('tomdoig',12,18,'2022-09-29 00:00:00'),('xorands',12,4,'2022-08-23 00:00:00'),('ahmdkhoirullah',13,11,'2022-12-20 00:00:00'),('asian_cumdumps',13,5,'2022-12-05 00:00:00'),('atirakhalisha',13,7,'2022-09-13 00:00:00'),('aye_rain',13,14,'2022-11-03 00:00:00'),('cnni',13,6,'2022-10-13 00:00:00'),('cnni',13,1,'2022-11-02 00:00:00'),('coleroberts95',13,12,'2022-09-11 00:00:00'),('csabrad',13,17,'2022-10-12 00:00:00'),('daytanszekely1',13,9,'2022-09-22 00:00:00'),('devincallahan10',13,7,'2022-12-14 00:00:00'),('dhiraj1c',13,13,'2022-11-07 00:00:00'),('durhambacker',13,5,'2022-10-14 00:00:00'),('filawumobewuju',13,3,'2022-12-14 00:00:00'),('ghouliana',13,1,'2022-12-25 00:00:00'),('grv1000',13,3,'2022-09-18 00:00:00'),('htvmuslca',13,8,'2022-10-23 00:00:00'),('i_am_coello',13,11,'2022-12-05 00:00:00'),('jt_mid_east',13,14,'2022-10-12 00:00:00'),('kinkyplier',13,7,'2022-10-28 00:00:00'),('kylepettine',13,17,'2022-08-24 00:00:00'),('l_kianchong',13,7,'2022-10-07 00:00:00'),('lanas_regal',13,11,'2022-11-30 00:00:00'),('mainstreamedia',13,3,'2022-09-25 00:00:00'),('mikaylareneee',13,17,'2022-10-07 00:00:00'),('placesoflight',13,1,'2022-12-10 00:00:00'),('pmuyombano',13,12,'2022-11-26 00:00:00'),('rhonaabila',13,17,'2022-12-09 00:00:00'),('ride_tha_tiger',13,6,'2022-10-23 00:00:00'),('rlalas',13,12,'2022-11-17 00:00:00'),('rsharma027',13,9,'2022-11-12 00:00:00'),('saywellness2',13,7,'2022-09-16 00:00:00'),('spasonoro',13,16,'2022-11-20 00:00:00'),('sportsjunkie007',13,16,'2022-12-23 00:00:00'),('tailwind3',13,5,'2022-10-17 00:00:00'),('the01wingman',13,7,'2022-08-25 00:00:00'),('tward73',13,4,'2022-10-12 00:00:00'),('vipinkumarinsa2',13,11,'2022-11-26 00:00:00'),('visualpersist',13,10,'2022-09-25 00:00:00'),('yamansharma22',13,9,'2022-12-15 00:00:00'),('yusufsiyunda',13,5,'2022-12-04 00:00:00'),('zachtulio',13,7,'2022-09-06 00:00:00'),('alokshrivastav0',14,4,'2022-11-11 00:00:00'),('asiafilipinas',14,6,'2022-09-20 00:00:00'),('babesexpert',14,3,'2022-09-02 00:00:00'),('balram_insan',14,8,'2022-10-20 00:00:00'),('businesssharer',14,17,'2022-10-20 00:00:00'),('christo37303834',14,6,'2022-10-03 00:00:00'),('cnni',14,12,'2022-12-20 00:00:00'),('coodyjl',14,18,'2022-12-31 00:00:00'),('daneshhr',14,16,'2022-10-28 00:00:00'),('dbs_78',14,17,'2022-09-14 00:00:00'),('destlnatlons_',14,14,'2022-12-07 00:00:00'),('estherfsedman',14,1,'2022-12-01 00:00:00'),('evstatic11',14,4,'2022-11-01 00:00:00'),('foleymusic2015',14,5,'2022-10-07 00:00:00'),('fruityknebels',14,16,'2022-10-03 00:00:00'),('goblinmerchant',14,6,'2022-11-17 00:00:00'),('hyrule_w4rrior',14,18,'2022-10-19 00:00:00'),('imadethatmyself',14,15,'2022-10-01 00:00:00'),('indopulse',14,14,'2022-12-16 00:00:00'),('insta_hamburg',14,12,'2022-11-05 00:00:00'),('ishqdmaria',14,6,'2022-09-22 00:00:00'),('jamesasexton',14,7,'2022-09-12 00:00:00'),('jts_1957',14,8,'2022-10-17 00:00:00'),('kaisy__',14,3,'2022-09-16 00:00:00'),('lavionne',14,3,'2022-12-30 00:00:00'),('lmocase',14,3,'2022-10-09 00:00:00'),('melissawarfield',14,16,'2022-12-18 00:00:00'),('milk777milk7',14,13,'2022-12-15 00:00:00'),('morenojacobomo3',14,10,'2022-09-22 00:00:00'),('nsevencan61',14,17,'2022-09-25 00:00:00'),('nzkanivapacific',14,15,'2022-12-27 00:00:00'),('pcb_cricket_pk',14,17,'2022-08-25 00:00:00'),('piercingheart',14,7,'2022-11-04 00:00:00'),('polarnanuk',14,3,'2022-09-03 00:00:00'),('shashashabooyea',14,16,'2022-10-17 00:00:00'),('skyemah77',14,7,'2022-09-28 00:00:00'),('sportsjunkie007',14,5,'2022-08-30 00:00:00'),('stankin_rankin',14,16,'2022-10-27 00:00:00'),('stefyqb',14,18,'2022-09-05 00:00:00'),('stockcursor',14,8,'2022-10-14 00:00:00'),('thebrandguide',14,14,'2022-11-21 00:00:00'),('thor_long11',14,3,'2022-09-16 00:00:00'),('trinz33',14,2,'2022-10-11 00:00:00'),('vipinkumarinsa2',14,4,'2022-09-09 00:00:00'),('wildgees8',14,2,'2022-09-18 00:00:00'),('wood_cdwo1',14,16,'2022-12-16 00:00:00'),('abdallahcnn',15,7,'2022-10-21 00:00:00'),('ajlisteningpost',15,14,'2022-10-26 00:00:00'),('andpiacentinig',15,7,'2022-09-24 00:00:00'),('billyrachel1',15,18,'2022-11-04 00:00:00'),('browergrischa',15,17,'2022-12-29 00:00:00'),('bryan_cleary',15,5,'2022-10-29 00:00:00'),('chinadailyeu',15,7,'2022-12-04 00:00:00'),('cynthiajdavenp3',15,9,'2022-09-14 00:00:00'),('danmc2',15,16,'2022-10-21 00:00:00'),('durhambacker',15,2,'2022-10-22 00:00:00'),('emmabisco',15,17,'2022-10-17 00:00:00'),('erian_a',15,16,'2022-08-25 00:00:00'),('ferrjimenez',15,9,'2022-12-02 00:00:00'),('giriall',15,5,'2022-08-27 00:00:00'),('gjoptometrists',15,5,'2022-10-21 00:00:00'),('got2spd',15,9,'2022-11-27 00:00:00'),('grv1000',15,7,'2022-10-10 00:00:00'),('hiryuxiii',15,2,'2022-11-18 00:00:00'),('htvmuslca',15,2,'2022-09-08 00:00:00'),('insta_hamburg',15,6,'2022-11-05 00:00:00'),('jeannine_c_',15,14,'2022-10-08 00:00:00'),('jonathanvan11',15,3,'2022-09-27 00:00:00'),('justinsweitzah',15,16,'2022-09-07 00:00:00'),('kgisondi11',15,6,'2022-11-26 00:00:00'),('kmccormack94',15,17,'2022-11-05 00:00:00'),('larrycandycane',15,10,'2022-10-22 00:00:00'),('laskabot',15,10,'2022-12-28 00:00:00'),('mahmoodkhan',15,16,'2022-12-10 00:00:00'),('mason849',15,15,'2022-11-09 00:00:00'),('megmarie64',15,10,'2022-09-12 00:00:00'),('mrvvipak',15,13,'2022-09-22 00:00:00'),('myoutletsghh',15,15,'2022-12-18 00:00:00'),('myrettanababan',15,7,'2022-12-04 00:00:00'),('nadhianov_',15,17,'2022-10-03 00:00:00'),('nadjacydney',15,15,'2022-10-25 00:00:00'),('nikosm_ir',15,5,'2022-10-19 00:00:00'),('panivpatil',15,4,'2022-11-07 00:00:00'),('pfz817paukhoy',15,1,'2022-12-24 00:00:00'),('potato_wingd',15,18,'2022-12-07 00:00:00'),('rudolphjjacobs',15,14,'2022-09-27 00:00:00'),('sainathappagoni',15,10,'2022-10-18 00:00:00'),('selfloveaearw',15,5,'2022-10-02 00:00:00'),('sena_adi21',15,16,'2022-11-27 00:00:00'),('specialcarpk',15,4,'2022-11-26 00:00:00'),('thewireradio',15,16,'2022-09-17 00:00:00'),('tulyhtown',15,16,'2022-12-31 00:00:00'),('umo2013',15,4,'2022-11-23 00:00:00'),('walkerdude13',15,14,'2022-11-23 00:00:00'),('yeahdotpictures',15,14,'2022-08-24 00:00:00'),('ajfecko',16,3,'2022-09-25 00:00:00'),('aminzulkarnain',16,2,'2022-10-17 00:00:00'),('appspolicyforum',16,2,'2022-12-31 00:00:00'),('armada207',16,11,'2022-09-23 00:00:00'),('bellohamzaa',16,5,'2022-11-01 00:00:00'),('city7tv',16,4,'2022-11-12 00:00:00'),('dayanabaharin_',16,5,'2022-10-17 00:00:00'),('dloglesby57',16,11,'2022-12-30 00:00:00'),('dr_climate',16,6,'2022-08-30 00:00:00'),('dutodesitat',16,3,'2022-11-15 00:00:00'),('emotional__man',16,10,'2022-08-26 00:00:00'),('eromoegbejule',16,3,'2022-12-19 00:00:00'),('gigi_stam',16,6,'2022-11-24 00:00:00'),('goblinmerchant',16,17,'2022-12-14 00:00:00'),('hype3sixty',16,7,'2022-09-13 00:00:00'),('jeaniemartelli',16,12,'2022-09-28 00:00:00'),('jimfacette',16,1,'2022-11-23 00:00:00'),('jmillz_',16,12,'2022-10-05 00:00:00'),('justsayhelo',16,15,'2022-11-15 00:00:00'),('kaileshrajdev',16,8,'2022-10-22 00:00:00'),('kevinwhyte87',16,3,'2022-11-02 00:00:00'),('khanalpratik',16,15,'2022-11-07 00:00:00'),('lbgupta7',16,15,'2022-12-30 00:00:00'),('lnmcglwn848',16,6,'2022-11-21 00:00:00'),('losangelespics6',16,3,'2022-10-07 00:00:00'),('marsbridesveil',16,6,'2022-08-23 00:00:00'),('mavros35169',16,3,'2022-09-28 00:00:00'),('meghaghosh',16,17,'2022-09-02 00:00:00'),('melanieperez867',16,18,'2022-09-03 00:00:00'),('mika0562',16,6,'2022-11-28 00:00:00'),('mohsinmalvi19',16,1,'2022-12-09 00:00:00'),('mrvvipak',16,14,'2022-09-21 00:00:00'),('mukziey',16,1,'2022-12-17 00:00:00'),('patriciangle',16,14,'2022-11-15 00:00:00'),('pjthoughtproces',16,5,'2022-09-12 00:00:00'),('radioessexnews',16,17,'2022-10-30 00:00:00'),('robinmeske',16,5,'2022-09-18 00:00:00'),('rzhprmdz',16,1,'2022-12-24 00:00:00'),('sainathappagoni',16,3,'2022-09-06 00:00:00'),('sandra_harris',16,1,'2022-10-25 00:00:00'),('secretcodem7',16,3,'2022-09-02 00:00:00'),('si_ohumu',16,7,'2022-09-05 00:00:00'),('stephaniejvel',16,11,'2022-11-12 00:00:00'),('watersonjade',16,1,'2022-12-06 00:00:00'),('abbyantal',17,2,'2022-08-26 00:00:00'),('aliens68',17,10,'2022-09-09 00:00:00'),('anthonyoliva2',17,5,'2022-11-20 00:00:00'),('bbingl',17,1,'2022-11-12 00:00:00'),('brewshirtclub',17,8,'2022-12-23 00:00:00'),('cardiffjournal',17,17,'2022-09-12 00:00:00'),('careerjett',17,14,'2022-10-10 00:00:00'),('carpetbaby20',17,5,'2022-09-23 00:00:00'),('cerita_ayah',17,17,'2022-11-15 00:00:00'),('cnjbromo',17,8,'2022-10-13 00:00:00'),('danielasepa',17,3,'2022-11-06 00:00:00'),('dsweather',17,11,'2022-12-17 00:00:00'),('ebruforyou',17,11,'2022-09-03 00:00:00'),('eridoublec',17,3,'2022-09-14 00:00:00'),('fauxfleur',17,5,'2022-10-26 00:00:00'),('fruityknebels',17,2,'2022-11-03 00:00:00'),('gabiangelsanche',17,15,'2022-09-14 00:00:00'),('genosmithnews',17,16,'2022-10-11 00:00:00'),('hamidakcali',17,16,'2022-11-02 00:00:00'),('harrypezz',17,2,'2022-12-21 00:00:00'),('hazelpage14',17,2,'2022-12-02 00:00:00'),('idksheldon_',17,11,'2022-10-10 00:00:00'),('jochen_mn',17,14,'2022-10-29 00:00:00'),('kyiiejenher',17,8,'2022-12-11 00:00:00'),('mahmoodkhan',17,3,'2022-09-21 00:00:00'),('majordougman',17,1,'2022-11-03 00:00:00'),('nazrinsyafiq89',17,16,'2022-10-04 00:00:00'),('pialfapi314',17,13,'2022-09-08 00:00:00'),('prayapp',17,16,'2022-12-07 00:00:00'),('rgrabel5',17,5,'2022-11-04 00:00:00'),('rhonaabila',17,4,'2022-11-03 00:00:00'),('rhonaabila',17,16,'2022-12-16 00:00:00'),('rom1520',17,15,'2022-11-24 00:00:00'),('rsharma027',17,1,'2022-09-14 00:00:00'),('sami1laine',17,16,'2022-11-06 00:00:00'),('seapabkk',17,4,'2022-09-23 00:00:00'),('squares73terry',17,4,'2022-09-14 00:00:00'),('superfuturelove',17,9,'2022-11-17 00:00:00'),('sweetyb41804973',17,13,'2022-10-22 00:00:00'),('theonlyleaderbb',17,5,'2022-11-29 00:00:00'),('ticchula',17,7,'2022-11-11 00:00:00'),('tu_kwenn',17,10,'2022-11-08 00:00:00'),('uzairaslam14',17,1,'2022-09-04 00:00:00'),('watersonjade',17,9,'2022-09-17 00:00:00'),('zachtulio',17,17,'2022-09-18 00:00:00'),('_kushoo1',18,10,'2022-12-16 00:00:00'),('akanev716',18,16,'2022-10-09 00:00:00'),('aminzulkarnain',18,7,'2022-09-03 00:00:00'),('aminzulkarnain',18,3,'2022-09-04 00:00:00'),('amirkhxn',18,16,'2022-09-11 00:00:00'),('az_4_trump',18,1,'2022-12-27 00:00:00'),('bravehart60',18,8,'2022-11-30 00:00:00'),('brookeinbows',18,7,'2022-09-26 00:00:00'),('bubzi_boi',18,10,'2022-09-26 00:00:00'),('c_ajmani',18,15,'2022-09-12 00:00:00'),('chrisogilviesnr',18,18,'2022-08-23 00:00:00'),('coleroberts95',18,15,'2022-09-03 00:00:00'),('echasera',18,11,'2022-10-07 00:00:00'),('erian_a',18,8,'2022-10-26 00:00:00'),('evidenceaid',18,15,'2022-11-17 00:00:00'),('fakesbumtie',18,3,'2022-10-17 00:00:00'),('foleymusic2015',18,8,'2022-11-09 00:00:00'),('foleymusic2015',18,18,'2022-12-08 00:00:00'),('forexrelvo',18,14,'2022-09-12 00:00:00'),('gomarlins_2000',18,4,'2022-09-01 00:00:00'),('ineeshadvs',18,18,'2022-09-18 00:00:00'),('jhtallboy',18,6,'2022-10-03 00:00:00'),('justwaynecamp',18,3,'2022-12-16 00:00:00'),('l_aguila007',18,18,'2022-09-04 00:00:00'),('marcowodopia',18,5,'2022-10-18 00:00:00'),('mcbmeubels',18,4,'2022-10-31 00:00:00'),('missmerl_',18,9,'2022-12-25 00:00:00'),('mystokedlife',18,10,'2022-09-10 00:00:00'),('nzkanivapacific',18,10,'2022-11-14 00:00:00'),('oroomleb',18,1,'2022-09-04 00:00:00'),('panzer0821',18,11,'2022-09-03 00:00:00'),('rkehmeier',18,18,'2022-12-22 00:00:00'),('rlalas',18,1,'2022-11-20 00:00:00'),('rodgerseatm',18,1,'2022-11-06 00:00:00'),('samcyliax',18,7,'2022-12-09 00:00:00'),('she_alcaide',18,9,'2022-10-10 00:00:00'),('simplysia',18,18,'2022-11-06 00:00:00'),('stephaniejvel',18,16,'2022-10-10 00:00:00'),('svnaidoo',18,3,'2022-12-09 00:00:00'),('theonlyleaderbb',18,15,'2022-10-01 00:00:00'),('tim_lashley',18,2,'2022-10-29 00:00:00'),('yousif199531',18,4,'2022-11-06 00:00:00'),('115746999eric',19,5,'2022-11-20 00:00:00'),('abbyantal',19,13,'2022-08-31 00:00:00'),('alexandregarel',19,14,'2022-10-11 00:00:00'),('alondraweng',19,1,'2022-12-11 00:00:00'),('cayfacagou530',19,14,'2022-11-28 00:00:00'),('cikchyda',19,1,'2022-11-03 00:00:00'),('cullenzawacki69',19,5,'2022-12-09 00:00:00'),('dittib_pcdm',19,5,'2022-09-23 00:00:00'),('festindecuervo',19,15,'2022-10-08 00:00:00'),('got2spd',19,13,'2022-12-26 00:00:00'),('gwendolyncbosw2',19,17,'2022-12-11 00:00:00'),('jonathanvan11',19,2,'2022-11-17 00:00:00'),('katja_flores',19,16,'2022-09-07 00:00:00'),('liluh1',19,14,'2022-08-25 00:00:00'),('lmbokoma',19,3,'2022-10-21 00:00:00'),('mcshea1',19,9,'2022-11-30 00:00:00'),('much_man',19,16,'2022-08-26 00:00:00'),('mystokedlife',19,9,'2022-11-13 00:00:00'),('nowplayxmusic',19,18,'2022-11-19 00:00:00'),('oroomleb',19,1,'2022-09-23 00:00:00'),('owenbreon',19,13,'2022-10-01 00:00:00'),('panivpatil',19,17,'2022-12-02 00:00:00'),('polarnanuk',19,3,'2022-08-25 00:00:00'),('ranjan_rkp',19,2,'2022-08-22 00:00:00'),('rhonaabila',19,14,'2022-10-30 00:00:00'),('samcyliax',19,7,'2022-12-21 00:00:00'),('sdsueuro',19,1,'2022-11-18 00:00:00'),('sergioferraris',19,12,'2022-11-16 00:00:00'),('specialcarpk',19,7,'2022-09-23 00:00:00'),('stephaniejvel',19,8,'2022-09-19 00:00:00'),('sumairgohar3',19,1,'2022-12-17 00:00:00'),('unanoviacabrona',19,1,'2022-10-24 00:00:00'),('adorablenz',20,4,'2022-08-22 00:00:00'),('all_thats_left_',20,4,'2022-10-12 00:00:00'),('allthelovelinds',20,9,'2022-12-02 00:00:00'),('aniwahyagroup',20,6,'2022-10-06 00:00:00'),('azizi_mustakim',20,17,'2022-11-18 00:00:00'),('bellohamzaa',20,5,'2022-09-10 00:00:00'),('browergrischa',20,16,'2022-09-14 00:00:00'),('bubzi_boi',20,3,'2022-11-17 00:00:00'),('cain_sanchez',20,2,'2022-10-13 00:00:00'),('carpetbaby20',20,3,'2022-12-29 00:00:00'),('cnmcphee',20,7,'2022-12-23 00:00:00'),('dar_dar470161',20,10,'2022-12-10 00:00:00'),('decaminada81',20,3,'2022-09-11 00:00:00'),('dens_ethan',20,8,'2022-11-19 00:00:00'),('eth4n77',20,16,'2022-08-25 00:00:00'),('forextrareview',20,18,'2022-10-03 00:00:00'),('gaxenuwigub',20,18,'2022-10-09 00:00:00'),('glent_za',20,12,'2022-10-18 00:00:00'),('got2spd',20,14,'2022-11-24 00:00:00'),('hakeemmudasir',20,12,'2022-10-27 00:00:00'),('hanadiiammar',20,9,'2022-09-11 00:00:00'),('hanadiiammar',20,18,'2022-10-20 00:00:00'),('hidefumif',20,9,'2022-10-15 00:00:00'),('joebobhi',20,16,'2022-10-23 00:00:00'),('justinmanis32',20,4,'2022-12-12 00:00:00'),('justinsweitzah',20,10,'2022-08-26 00:00:00'),('justinsweitzah',20,11,'2022-12-02 00:00:00'),('kkantbajpai',20,5,'2022-09-22 00:00:00'),('lnyambai',20,9,'2022-12-24 00:00:00'),('miarxo',20,7,'2022-10-27 00:00:00'),('noflashsansiris',20,1,'2022-12-16 00:00:00'),('passdriving1',20,6,'2022-11-11 00:00:00'),('piercingheart',20,9,'2022-12-13 00:00:00'),('racingtweets1',20,4,'2022-09-27 00:00:00'),('ranjan_rkp',20,4,'2022-09-23 00:00:00'),('samuelbaker67',20,15,'2022-08-23 00:00:00'),('segavox_44114',20,1,'2022-09-02 00:00:00'),('shelovejordan',20,18,'2022-11-21 00:00:00'),('sweeting_gina',20,10,'2022-10-07 00:00:00'),('tre_pound_713',20,16,'2022-08-30 00:00:00'),('umassbeacons',20,9,'2022-12-02 00:00:00'),('umimdelainey',20,1,'2022-09-26 00:00:00'),('visit_turkey',20,10,'2022-11-27 00:00:00'),('ajfecko',21,17,'2022-09-06 00:00:00'),('amirkhxn',21,14,'2022-10-28 00:00:00'),('bialicagua1972',21,11,'2022-09-06 00:00:00'),('billsvoice',21,18,'2022-12-02 00:00:00'),('britt_2legit',21,9,'2022-09-26 00:00:00'),('causewerave',21,7,'2022-12-17 00:00:00'),('dloglesby57',21,2,'2022-12-15 00:00:00'),('dloglesby57',21,18,'2022-12-22 00:00:00'),('droncoped',21,5,'2022-10-06 00:00:00'),('fccminneapolsi',21,9,'2022-10-24 00:00:00'),('fewaxumadyxe',21,14,'2022-09-16 00:00:00'),('geoffhillitv',21,17,'2022-10-01 00:00:00'),('ginger891022',21,1,'2022-11-30 00:00:00'),('glent_za',21,15,'2022-12-28 00:00:00'),('grv1000',21,13,'2022-09-16 00:00:00'),('hakeemmudasir',21,13,'2022-08-29 00:00:00'),('indopulse',21,4,'2022-11-29 00:00:00'),('jacekdurkalec',21,5,'2022-10-09 00:00:00'),('jonathanvan11',21,16,'2022-10-17 00:00:00'),('jonathanvan11',21,3,'2022-12-06 00:00:00'),('joyax07',21,10,'2022-11-17 00:00:00'),('juan_skyline96',21,17,'2022-12-11 00:00:00'),('juicedzevs',21,18,'2022-09-08 00:00:00'),('jwwatson1',21,7,'2022-09-11 00:00:00'),('kay_alexis9',21,2,'2022-08-29 00:00:00'),('kerryswainbank',21,6,'2022-10-03 00:00:00'),('lianethompson',21,1,'2022-11-02 00:00:00'),('lindzym',21,7,'2022-12-10 00:00:00'),('lloydnare',21,8,'2022-12-17 00:00:00'),('loogunda',21,3,'2022-09-10 00:00:00'),('michellex_3',21,14,'2022-11-30 00:00:00'),('milevalue',21,6,'2022-09-10 00:00:00'),('milevalue',21,13,'2022-09-18 00:00:00'),('missyflash',21,18,'2022-11-25 00:00:00'),('mohsinmalvi19',21,15,'2022-11-07 00:00:00'),('morgaangie',21,10,'2022-12-02 00:00:00'),('mystokedlife',21,13,'2022-09-12 00:00:00'),('nafeesasyeed',21,13,'2022-08-27 00:00:00'),('nazniman',21,10,'2022-09-03 00:00:00'),('nirvnoana',21,2,'2022-11-13 00:00:00'),('nsevencan61',21,6,'2022-12-20 00:00:00'),('origanalist',21,17,'2022-11-10 00:00:00'),('politicswarblog',21,7,'2022-09-21 00:00:00'),('pornhashtag69',21,10,'2022-12-24 00:00:00'),('ranjan_rkp',21,6,'2022-11-24 00:00:00'),('reflectionoia',21,18,'2022-12-13 00:00:00'),('rhonaabila',21,9,'2022-11-14 00:00:00'),('samcyliax',21,17,'2022-09-21 00:00:00'),('segavox_44114',21,17,'2022-12-10 00:00:00'),('simplysia',21,18,'2022-08-27 00:00:00'),('theangrymick',21,9,'2022-09-14 00:00:00'),('thecoffeequeen2',21,9,'2022-09-05 00:00:00'),('thegoodphight',21,8,'2022-12-03 00:00:00'),('theislandmaven',21,1,'2022-12-24 00:00:00'),('tomihoooooo',21,1,'2022-10-16 00:00:00'),('vandavague',21,13,'2022-12-24 00:00:00'),('yongicon',21,12,'2022-09-06 00:00:00'),('abbyantal',22,6,'2022-12-10 00:00:00'),('adenahollington',22,16,'2022-10-20 00:00:00'),('andpiacentinig',22,5,'2022-12-02 00:00:00'),('bestgrierr',22,7,'2022-12-22 00:00:00'),('blemmie',22,3,'2022-09-15 00:00:00'),('businesssharer',22,1,'2022-09-13 00:00:00'),('cisn_jack',22,5,'2022-09-07 00:00:00'),('cisn_jack',22,17,'2022-11-21 00:00:00'),('csabrad',22,5,'2022-09-18 00:00:00'),('dgpetrie',22,3,'2022-08-31 00:00:00'),('echasera',22,17,'2022-12-26 00:00:00'),('fccminneapolsi',22,11,'2022-08-31 00:00:00'),('fckboyash_',22,7,'2022-11-23 00:00:00'),('filawumobewuju',22,18,'2022-08-25 00:00:00'),('findtrying',22,7,'2022-10-31 00:00:00'),('foleymusic2015',22,2,'2022-09-12 00:00:00'),('ginger891022',22,16,'2022-08-23 00:00:00'),('hakeemmudasir',22,5,'2022-12-12 00:00:00'),('isidoodles',22,13,'2022-12-23 00:00:00'),('jochen_mn',22,15,'2022-12-14 00:00:00'),('joerikalwij',22,3,'2022-10-13 00:00:00'),('journomayank',22,16,'2022-10-17 00:00:00'),('lorensantiago80',22,11,'2022-12-06 00:00:00'),('maseinguilherme',22,6,'2022-09-25 00:00:00'),('mcbmeubels',22,12,'2022-12-06 00:00:00'),('mgcmybabe',22,11,'2022-10-04 00:00:00'),('milk777milk7',22,5,'2022-09-04 00:00:00'),('mrnoahitall',22,11,'2022-12-28 00:00:00'),('munsinglaw',22,18,'2022-10-24 00:00:00'),('nadiaka786',22,1,'2022-11-12 00:00:00'),('panivpatil',22,7,'2022-08-31 00:00:00'),('profcarbo728',22,17,'2022-12-14 00:00:00'),('ranjan_rkp',22,18,'2022-11-25 00:00:00'),('shreyanshrathi',22,10,'2022-09-19 00:00:00'),('smitteons_',22,13,'2022-09-08 00:00:00'),('swaggysid__',22,14,'2022-12-12 00:00:00'),('thecoffeequeen2',22,2,'2022-10-12 00:00:00'),('themexicoreport',22,4,'2022-11-23 00:00:00'),('tre_pound_713',22,3,'2022-12-15 00:00:00'),('uchennadumetol2',22,18,'2022-10-11 00:00:00'),('umo2013',22,2,'2022-11-26 00:00:00'),('vansonouis',22,4,'2022-12-26 00:00:00'),('aii_haider',23,1,'2022-10-29 00:00:00'),('aleneb25',23,6,'2022-10-28 00:00:00'),('balram_insan',23,5,'2022-09-09 00:00:00'),('barcadenigeria',23,4,'2022-11-12 00:00:00'),('benjamminmusic',23,13,'2022-11-17 00:00:00'),('binnsy_46',23,2,'2022-11-22 00:00:00'),('britabrookes',23,4,'2022-09-27 00:00:00'),('businesssharer',23,16,'2022-12-18 00:00:00'),('carolyncbarthel',23,2,'2022-09-23 00:00:00'),('coleroberts95',23,9,'2022-09-28 00:00:00'),('danmc2',23,18,'2022-10-15 00:00:00'),('destlnatlons_',23,1,'2022-09-24 00:00:00'),('dikenokikucu',23,7,'2022-11-17 00:00:00'),('enolamelyk',23,17,'2022-10-06 00:00:00'),('erinyoung24',23,4,'2022-12-08 00:00:00'),('ewancollinsee',23,12,'2022-09-01 00:00:00'),('fiidaus',23,11,'2022-08-24 00:00:00'),('filawumobewuju',23,10,'2022-09-03 00:00:00'),('jackcapp1122',23,4,'2022-09-07 00:00:00'),('justicenyaude',23,6,'2022-11-04 00:00:00'),('lbgupta7',23,16,'2022-09-25 00:00:00'),('loriewimble',23,7,'2022-12-28 00:00:00'),('mhs95',23,12,'2022-11-07 00:00:00'),('misshazlee',23,11,'2022-09-07 00:00:00'),('nahanni_',23,12,'2022-12-03 00:00:00'),('parker0505',23,7,'2022-12-09 00:00:00'),('philmelnik',23,3,'2022-09-17 00:00:00'),('ranthonylemke',23,13,'2022-09-29 00:00:00'),('ranthonylemke',23,5,'2022-12-02 00:00:00'),('ryanfelsman',23,7,'2022-11-27 00:00:00'),('simplysia',23,13,'2022-10-16 00:00:00'),('simplysia',23,3,'2022-11-07 00:00:00'),('sportschatlive',23,5,'2022-10-25 00:00:00'),('stellacotton',23,3,'2022-12-18 00:00:00'),('thebrandguide',23,17,'2022-12-25 00:00:00'),('thewikitommy',23,7,'2022-12-05 00:00:00'),('tre_pound_713',23,14,'2022-08-24 00:00:00'),('yusufsiyunda',23,14,'2022-12-08 00:00:00'),('zenmommangrimes',23,6,'2022-12-23 00:00:00'),('adorablenz',24,4,'2022-09-25 00:00:00'),('amirkhxn',24,16,'2022-09-13 00:00:00'),('babosier',24,12,'2022-09-24 00:00:00'),('bestgrierr',24,15,'2022-09-28 00:00:00'),('cayfacagou530',24,6,'2022-12-17 00:00:00'),('cinbenfenati',24,5,'2022-11-19 00:00:00'),('city7tv',24,9,'2022-11-04 00:00:00'),('enshtein_albert',24,10,'2022-12-03 00:00:00'),('frielingbailey',24,17,'2022-10-07 00:00:00'),('fyrdausi',24,7,'2022-08-22 00:00:00'),('geoffhillitv',24,7,'2022-11-25 00:00:00'),('gjoptometrists',24,3,'2022-12-23 00:00:00'),('groonk',24,4,'2022-10-11 00:00:00'),('hipsteryogi',24,15,'2022-09-15 00:00:00'),('iyabosarah',24,10,'2022-10-07 00:00:00'),('j_drp',24,18,'2022-10-09 00:00:00'),('jonathanvan11',24,8,'2022-09-17 00:00:00'),('jordanneely18',24,16,'2022-10-16 00:00:00'),('jullietsl',24,10,'2022-11-07 00:00:00'),('jwwatson1',24,14,'2022-08-29 00:00:00'),('kangsseulgo',24,8,'2022-10-18 00:00:00'),('krykey',24,4,'2022-10-24 00:00:00'),('kyiiejenher',24,5,'2022-11-17 00:00:00'),('lavionne',24,12,'2022-12-03 00:00:00'),('mainstreamedia',24,16,'2022-10-23 00:00:00'),('marctheshark111',24,15,'2022-08-23 00:00:00'),('marsbridesveil',24,6,'2022-12-20 00:00:00'),('mattdewees11',24,3,'2022-11-03 00:00:00'),('mrvvipak',24,4,'2022-11-26 00:00:00'),('natzumi27',24,14,'2022-11-14 00:00:00'),('nazniman',24,17,'2022-10-07 00:00:00'),('owenbreon',24,11,'2022-11-18 00:00:00'),('panzer0821',24,11,'2022-10-11 00:00:00'),('prididdy_',24,15,'2022-12-17 00:00:00'),('revival1924',24,2,'2022-08-23 00:00:00'),('rexuvipyrupu',24,5,'2022-10-19 00:00:00'),('rzhprmdz',24,10,'2022-09-28 00:00:00'),('salonesabil',24,5,'2022-09-08 00:00:00'),('theeglamqueen',24,14,'2022-12-05 00:00:00'),('therealbethann',24,8,'2022-10-11 00:00:00'),('they_callmepapi',24,7,'2022-11-21 00:00:00'),('totalupdet',24,5,'2022-10-17 00:00:00'),('umezulike1',24,18,'2022-09-17 00:00:00'),('visitseychelles',24,15,'2022-10-31 00:00:00'),('walkerdude13',24,15,'2022-11-22 00:00:00'),('watersonjade',24,11,'2022-09-07 00:00:00'),('wceagles77',24,12,'2022-11-16 00:00:00'),('yayan0628',24,11,'2022-12-12 00:00:00'),('4travelproducts',25,2,'2022-09-19 00:00:00'),('adorablenz',25,3,'2022-08-27 00:00:00'),('africanewsaddic',25,6,'2022-09-22 00:00:00'),('alexandregarel',25,18,'2022-10-02 00:00:00'),('all_thats_left_',25,15,'2022-11-25 00:00:00'),('az_4_trump',25,6,'2022-09-19 00:00:00'),('bubbleboi_logan',25,16,'2022-10-02 00:00:00'),('bwayne',25,15,'2022-11-29 00:00:00'),('candy_rheanna',25,4,'2022-12-23 00:00:00'),('causewerave',25,6,'2022-08-30 00:00:00'),('chazgunningham',25,3,'2022-11-10 00:00:00'),('cnjbromo',25,7,'2022-12-02 00:00:00'),('dinnidania',25,7,'2022-11-11 00:00:00'),('ehismusa1',25,7,'2022-11-28 00:00:00'),('endunvyrantinie',25,3,'2022-09-13 00:00:00'),('environmenlaw',25,16,'2022-10-18 00:00:00'),('ftnadb',25,9,'2022-12-09 00:00:00'),('gaetanburgio',25,15,'2022-09-13 00:00:00'),('izzystaymunchin',25,3,'2022-11-07 00:00:00'),('jmroberge',25,12,'2022-10-29 00:00:00'),('junhyeok_sg',25,12,'2022-10-09 00:00:00'),('kaileshrajdev',25,15,'2022-12-13 00:00:00'),('kakhidze20162',25,16,'2022-10-21 00:00:00'),('kattcreal1',25,4,'2022-10-30 00:00:00'),('kehlbayern',25,18,'2022-09-29 00:00:00'),('lnmcglwn848',25,6,'2022-08-26 00:00:00'),('mason849',25,7,'2022-10-22 00:00:00'),('nazniman',25,17,'2022-08-22 00:00:00'),('nikosm_ir',25,18,'2022-10-26 00:00:00'),('placesoflight',25,1,'2022-08-30 00:00:00'),('raythegrouch',25,3,'2022-11-17 00:00:00'),('revolutweets',25,14,'2022-12-01 00:00:00'),('rudolphjjacobs',25,2,'2022-11-07 00:00:00'),('saketsj2',25,3,'2022-08-25 00:00:00'),('samuelbaker67',25,12,'2022-12-11 00:00:00'),('sandra_harris',25,17,'2022-12-24 00:00:00'),('sienk0',25,15,'2022-10-31 00:00:00'),('stellacotton',25,17,'2022-11-05 00:00:00'),('teezythegawd',25,10,'2022-10-01 00:00:00'),('tu_kwenn',25,15,'2022-12-01 00:00:00'),('tweetivy20',25,15,'2022-10-08 00:00:00'),('vadenandrew',25,9,'2022-10-01 00:00:00'),('ventermitt',25,7,'2022-12-02 00:00:00'),('visualpersist',25,18,'2022-11-19 00:00:00'),('wildgees8',25,10,'2022-12-22 00:00:00'),('aidaadrianaa_',26,3,'2022-12-10 00:00:00'),('arjujumand',26,6,'2022-12-10 00:00:00'),('baldryvera',26,6,'2022-10-14 00:00:00'),('bilbulbabe',26,3,'2022-12-11 00:00:00'),('calley_c',26,3,'2022-09-14 00:00:00'),('causewerave',26,12,'2022-11-14 00:00:00'),('charlierichmond',26,8,'2022-11-27 00:00:00'),('christiana_20',26,4,'2022-11-02 00:00:00'),('cinbenfenati',26,10,'2022-11-03 00:00:00'),('danielairesking',26,3,'2022-10-20 00:00:00'),('dentistazah',26,6,'2022-10-17 00:00:00'),('droncoped',26,17,'2022-12-05 00:00:00'),('duthel',26,2,'2022-09-04 00:00:00'),('elaine94149937',26,4,'2022-12-05 00:00:00'),('ethankell11',26,2,'2022-08-22 00:00:00'),('evidenceaid',26,6,'2022-09-20 00:00:00'),('ferialhaffajee',26,6,'2022-08-28 00:00:00'),('filawumobewuju',26,18,'2022-09-09 00:00:00'),('ginger891022',26,3,'2022-12-29 00:00:00'),('gomarlins_2000',26,4,'2022-11-25 00:00:00'),('indriwwulan28',26,3,'2022-11-20 00:00:00'),('jamaica',26,13,'2022-08-31 00:00:00'),('jaymiedels',26,11,'2022-10-20 00:00:00'),('juliazalutskaja',26,6,'2022-10-16 00:00:00'),('karan_mehta10',26,16,'2022-11-27 00:00:00'),('kazfoxy',26,4,'2022-08-30 00:00:00'),('kbozi',26,16,'2022-09-19 00:00:00'),('kehlbayern',26,18,'2022-10-27 00:00:00'),('kgisondi11',26,12,'2022-11-20 00:00:00'),('khanalpratik',26,1,'2022-11-20 00:00:00'),('kkantbajpai',26,9,'2022-11-20 00:00:00'),('lmbokoma',26,12,'2022-08-29 00:00:00'),('marcowodopia',26,10,'2022-08-27 00:00:00'),('mason849',26,6,'2022-11-11 00:00:00'),('parker0505',26,2,'2022-12-21 00:00:00'),('patriciangle',26,14,'2022-10-10 00:00:00'),('radioessexnews',26,17,'2022-10-18 00:00:00'),('rajdeep123',26,8,'2022-11-20 00:00:00'),('reflectionoia',26,4,'2022-09-25 00:00:00'),('robertgammon',26,8,'2022-11-04 00:00:00'),('sakitty_ptx',26,8,'2022-09-26 00:00:00'),('selfloveaearw',26,3,'2022-09-01 00:00:00'),('shadow_anino',26,12,'2022-10-26 00:00:00'),('stellacotton',26,4,'2022-12-26 00:00:00'),('sumairgohar3',26,7,'2022-09-24 00:00:00'),('toniannela',26,8,'2022-12-24 00:00:00'),('trinz33',26,17,'2022-09-02 00:00:00'),('upshelp',26,16,'2022-09-23 00:00:00'),('vadenandrew',26,12,'2022-11-09 00:00:00'),('veneromatias',26,6,'2022-09-11 00:00:00'),('vinksharma',26,7,'2022-10-07 00:00:00'),('wood_cdwo1',26,3,'2022-10-27 00:00:00'),('_eggcrown',27,14,'2022-09-05 00:00:00'),('_kushoo1',27,12,'2022-09-23 00:00:00'),('7tstarkey',27,15,'2022-09-15 00:00:00'),('adri16',27,5,'2022-12-31 00:00:00'),('adriankao',27,10,'2022-12-19 00:00:00'),('amarieroldan',27,7,'2022-12-25 00:00:00'),('bahamasfilmgirl',27,15,'2022-10-10 00:00:00'),('blancamiosi',27,15,'2022-10-31 00:00:00'),('businesssharer',27,17,'2022-12-01 00:00:00'),('cityogini',27,9,'2022-10-30 00:00:00'),('cityogini',27,12,'2022-11-25 00:00:00'),('daytanszekely1',27,4,'2022-10-09 00:00:00'),('divasupermum',27,10,'2022-09-18 00:00:00'),('emmabisco',27,6,'2022-12-04 00:00:00'),('fatimalexa__',27,17,'2022-10-26 00:00:00'),('feelitae',27,15,'2022-11-29 00:00:00'),('fionntyx',27,16,'2022-10-08 00:00:00'),('ghouliana',27,14,'2022-08-30 00:00:00'),('gjoptometrists',27,17,'2022-10-11 00:00:00'),('gregorydundas1',27,12,'2022-09-09 00:00:00'),('groonk',27,1,'2022-12-03 00:00:00'),('infinityofde',27,3,'2022-09-01 00:00:00'),('ishqdmaria',27,3,'2022-09-24 00:00:00'),('itsmeghaverma',27,9,'2022-09-16 00:00:00'),('jmillz_',27,5,'2022-11-14 00:00:00'),('jochen_mn',27,1,'2022-11-19 00:00:00'),('journomayank',27,7,'2022-09-16 00:00:00'),('kakhidze20162',27,9,'2022-08-25 00:00:00'),('loogunda',27,10,'2022-09-04 00:00:00'),('lwsullivan',27,4,'2022-11-03 00:00:00'),('mason849',27,16,'2022-12-11 00:00:00'),('matthew1hunter',27,1,'2022-12-30 00:00:00'),('maverick1914',27,6,'2022-11-21 00:00:00'),('megaapriyanti9',27,10,'2022-09-18 00:00:00'),('mightytraplord_',27,5,'2022-11-13 00:00:00'),('nadjacydney',27,6,'2022-09-28 00:00:00'),('nazniman',27,2,'2022-10-12 00:00:00'),('nowplayxmusic',27,8,'2022-09-19 00:00:00'),('philliesorca',27,3,'2022-11-30 00:00:00'),('placesoflight',27,15,'2022-09-25 00:00:00'),('skyemah77',27,10,'2022-10-31 00:00:00'),('stefyqb',27,8,'2022-09-14 00:00:00'),('the01wingman',27,9,'2022-10-03 00:00:00'),('theangrymick',27,7,'2022-09-26 00:00:00'),('tuzomurizov',27,9,'2022-09-30 00:00:00'),('tward73',27,15,'2022-10-05 00:00:00'),('veneromatias',27,2,'2022-09-25 00:00:00'),('abbyantal',28,10,'2022-12-23 00:00:00'),('adriankao',28,11,'2022-08-29 00:00:00'),('ahmdkhoirullah',28,11,'2022-12-04 00:00:00'),('alokshrivastav0',28,6,'2022-11-07 00:00:00'),('andrewlalex',28,5,'2022-12-25 00:00:00'),('ashlyjbrooks',28,18,'2022-09-15 00:00:00'),('bialicagua1972',28,13,'2022-09-01 00:00:00'),('bubzi_boi',28,18,'2022-09-09 00:00:00'),('carltinkjr',28,14,'2022-12-29 00:00:00'),('city7tv',28,18,'2022-09-01 00:00:00'),('cityogini',28,15,'2022-09-18 00:00:00'),('dilahweirdo',28,5,'2022-08-24 00:00:00'),('dinaafitriana',28,15,'2022-12-27 00:00:00'),('franckbiyong1',28,17,'2022-09-02 00:00:00'),('gousain',28,9,'2022-12-09 00:00:00'),('haarriisson',28,16,'2022-10-18 00:00:00'),('imadethatmyself',28,2,'2022-12-23 00:00:00'),('jamaica',28,15,'2022-09-12 00:00:00'),('juicedzevs',28,2,'2022-09-28 00:00:00'),('kgisondi11',28,13,'2022-11-21 00:00:00'),('king_myers',28,7,'2022-09-15 00:00:00'),('liluh1',28,14,'2022-12-11 00:00:00'),('looncall7',28,6,'2022-12-06 00:00:00'),('lunaclaveria',28,8,'2022-10-06 00:00:00'),('lwsullivan',28,1,'2022-12-17 00:00:00'),('mason849',28,16,'2022-09-23 00:00:00'),('mattdewees11',28,16,'2022-09-10 00:00:00'),('meghaghosh',28,18,'2022-08-28 00:00:00'),('miarxo',28,17,'2022-11-22 00:00:00'),('misshazlee',28,3,'2022-09-10 00:00:00'),('myoutletsghh',28,6,'2022-11-21 00:00:00'),('myroommatekarl',28,17,'2022-11-25 00:00:00'),('nazniman',28,7,'2022-12-20 00:00:00'),('nikosm_ir',28,8,'2022-11-21 00:00:00'),('philliesorca',28,13,'2022-11-21 00:00:00'),('sajjadtarakzai',28,1,'2022-09-20 00:00:00'),('sami1laine',28,3,'2022-12-17 00:00:00'),('samuelbaker67',28,10,'2022-09-20 00:00:00'),('theonlyleaderbb',28,8,'2022-11-24 00:00:00'),('tispoubonvi1974',28,2,'2022-10-31 00:00:00'),('tumbuhkan',28,7,'2022-11-03 00:00:00'),('tward73',28,12,'2022-10-26 00:00:00'),('tz_very_own',28,15,'2022-09-14 00:00:00'),('tz_very_own',28,14,'2022-10-21 00:00:00'),('uchennadumetol2',28,7,'2022-09-10 00:00:00'),('upshelp',28,11,'2022-10-15 00:00:00'),('vadenandrew',28,16,'2022-12-29 00:00:00'),('waydee77',28,16,'2022-11-06 00:00:00'),('wingler_sherri',28,17,'2022-11-28 00:00:00'),('100thone',29,1,'2022-11-10 00:00:00'),('3malcon',29,13,'2022-10-15 00:00:00'),('aescartin',29,10,'2022-12-09 00:00:00'),('africanewsaddic',29,11,'2022-10-02 00:00:00'),('alokshrivastav0',29,12,'2022-10-13 00:00:00'),('aminzulkarnain',29,7,'2022-09-13 00:00:00'),('andrewlalex',29,16,'2022-08-22 00:00:00'),('aviram_loggie',29,3,'2022-09-30 00:00:00'),('beem_team',29,15,'2022-08-25 00:00:00'),('boobsandprada',29,18,'2022-12-13 00:00:00'),('brandonb1025',29,9,'2022-11-02 00:00:00'),('bravehart60',29,1,'2022-10-23 00:00:00'),('briannamathers',29,15,'2022-11-24 00:00:00'),('businesssharer',29,6,'2022-08-31 00:00:00'),('canenv',29,6,'2022-10-09 00:00:00'),('chrisogilviesnr',29,17,'2022-11-19 00:00:00'),('datta_kugwe',29,6,'2022-08-30 00:00:00'),('dens_ethan',29,4,'2022-10-15 00:00:00'),('deshbhakt77',29,10,'2022-09-01 00:00:00'),('deshbhakt77',29,7,'2022-12-12 00:00:00'),('ehismusa1',29,9,'2022-10-21 00:00:00'),('fatimalexa__',29,4,'2022-12-21 00:00:00'),('ferrjimenez',29,8,'2022-12-12 00:00:00'),('hollersandra',29,12,'2022-12-28 00:00:00'),('htvmuslca',29,5,'2022-11-13 00:00:00'),('jacekdurkalec',29,15,'2022-09-27 00:00:00'),('jinnspak',29,8,'2022-09-09 00:00:00'),('joyax07',29,13,'2022-11-13 00:00:00'),('jts_1957',29,12,'2022-12-06 00:00:00'),('kamarleystephen',29,1,'2022-08-25 00:00:00'),('kerryswainbank',29,17,'2022-12-08 00:00:00'),('kimballbainbri1',29,4,'2022-09-03 00:00:00'),('kingston_v',29,13,'2022-09-22 00:00:00'),('mikaylaaarae',29,6,'2022-11-24 00:00:00'),('notjulianedels',29,8,'2022-12-17 00:00:00'),('ownlyvibes',29,16,'2022-09-21 00:00:00'),('pirhoo',29,7,'2022-11-20 00:00:00'),('prettykah_',29,15,'2022-11-24 00:00:00'),('profcarbo728',29,11,'2022-12-24 00:00:00'),('provenpestcontr',29,13,'2022-10-20 00:00:00'),('pzychodc',29,7,'2022-12-08 00:00:00'),('rhonaabila',29,6,'2022-10-28 00:00:00'),('sandra_harris',29,17,'2022-08-28 00:00:00'),('soltoseedfarm',29,10,'2022-10-06 00:00:00'),('szelepanna',29,11,'2022-12-18 00:00:00'),('taele_sphiwe',29,9,'2022-09-13 00:00:00'),('thebrandguide',29,2,'2022-12-21 00:00:00'),('theeglamqueen',29,15,'2022-08-26 00:00:00'),('thomaswalker42',29,4,'2022-12-08 00:00:00'),('umimdelainey',29,2,'2022-12-29 00:00:00'),('123infographics',30,9,'2022-10-09 00:00:00'),('3ishbeirut',30,3,'2022-12-20 00:00:00'),('abbyantal',30,5,'2022-09-04 00:00:00'),('aescartin',30,15,'2022-11-19 00:00:00'),('airydairy',30,15,'2022-09-13 00:00:00'),('alexsardar',30,2,'2022-09-29 00:00:00'),('aye_rain',30,9,'2022-12-26 00:00:00'),('barbroe',30,18,'2022-09-01 00:00:00'),('barbroe',30,3,'2022-11-15 00:00:00'),('britabrookes',30,15,'2022-12-29 00:00:00'),('cinbenfenati',30,7,'2022-11-21 00:00:00'),('cullenzawacki69',30,11,'2022-10-18 00:00:00'),('dalethibodeaux',30,9,'2022-09-30 00:00:00'),('danielairesking',30,13,'2022-11-17 00:00:00'),('dbs_78',30,15,'2022-09-18 00:00:00'),('destlnatlons_',30,16,'2022-10-17 00:00:00'),('dloglesby57',30,2,'2022-12-25 00:00:00'),('dutodesitat',30,14,'2022-11-04 00:00:00'),('elisamarie223',30,4,'2022-11-24 00:00:00'),('fckboyash_',30,10,'2022-11-06 00:00:00'),('fiidaus',30,8,'2022-10-26 00:00:00'),('forexrelvo',30,8,'2022-09-29 00:00:00'),('haestheman',30,7,'2022-11-12 00:00:00'),('ivansidorenko1',30,9,'2022-10-01 00:00:00'),('jacekdurkalec',30,3,'2022-11-10 00:00:00'),('janblue555',30,2,'2022-12-03 00:00:00'),('jim_katz1',30,13,'2022-09-13 00:00:00'),('jonathanvan11',30,14,'2022-11-12 00:00:00'),('joshua__9',30,11,'2022-11-13 00:00:00'),('katja_flores',30,4,'2022-09-27 00:00:00'),('kerynr_artist',30,7,'2022-09-16 00:00:00'),('kingston_v',30,12,'2022-09-02 00:00:00'),('knappyhour',30,14,'2022-09-11 00:00:00'),('l_aguila007',30,7,'2022-11-27 00:00:00'),('liluh1',30,14,'2022-12-03 00:00:00'),('lotusbuddhababa',30,13,'2022-09-23 00:00:00'),('mahmoodkhan',30,14,'2022-11-10 00:00:00'),('maverick1914',30,17,'2022-09-03 00:00:00'),('morgaangie',30,12,'2022-12-23 00:00:00'),('nadhianov_',30,17,'2022-12-15 00:00:00'),('philmelnik',30,3,'2022-11-18 00:00:00'),('prididdy_',30,8,'2022-09-08 00:00:00'),('qualfoijuniu',30,9,'2022-12-02 00:00:00'),('ruthwmunyi',30,18,'2022-08-31 00:00:00'),('ryandanielatt',30,15,'2022-10-12 00:00:00'),('sakitty_ptx',30,7,'2022-08-28 00:00:00'),('sameerkarvemt',30,9,'2022-09-13 00:00:00'),('sameerkarvemt',30,14,'2022-09-21 00:00:00'),('secretcodem7',30,17,'2022-11-15 00:00:00'),('sunkanmishams',30,16,'2022-11-02 00:00:00'),('theeglamqueen',30,4,'2022-12-29 00:00:00'),('thor_long11',30,9,'2022-10-24 00:00:00'),('tward73',30,2,'2022-09-26 00:00:00'),('uchennadumetol2',30,9,'2022-10-21 00:00:00'),('umshahad1986',30,12,'2022-10-07 00:00:00'),('unanoviacabrona',30,10,'2022-10-11 00:00:00'),('vandavague',30,13,'2022-08-24 00:00:00'),('zachsorrentino5',30,1,'2022-08-27 00:00:00'),('ahmdkhoirullah',31,11,'2022-10-23 00:00:00'),('antwiivirus',31,4,'2022-08-26 00:00:00'),('areptesa',31,1,'2022-10-28 00:00:00'),('bahamasfilmgirl',31,6,'2022-09-17 00:00:00'),('bobin_james',31,9,'2022-10-08 00:00:00'),('carimachet',31,1,'2022-11-22 00:00:00'),('carltinkjr',31,13,'2022-10-02 00:00:00'),('ccsalsberg',31,12,'2022-09-24 00:00:00'),('chrisralph_',31,1,'2022-09-07 00:00:00'),('cisn_jack',31,12,'2022-09-20 00:00:00'),('clibustwitch',31,5,'2022-11-23 00:00:00'),('codeandcommand',31,9,'2022-08-22 00:00:00'),('daytanszekely1',31,18,'2022-09-01 00:00:00'),('dloglesby57',31,10,'2022-12-08 00:00:00'),('dsweather',31,2,'2022-11-22 00:00:00'),('emmabisco',31,17,'2022-12-06 00:00:00'),('franckbiyong1',31,12,'2022-10-09 00:00:00'),('fuckingbanknote',31,10,'2022-11-18 00:00:00'),('goblinmerchant',31,1,'2022-10-01 00:00:00'),('goblinmerchant',31,14,'2022-11-29 00:00:00'),('hassensienicht',31,9,'2022-10-03 00:00:00'),('ishqdmaria',31,14,'2022-12-12 00:00:00'),('jordanneely18',31,15,'2022-11-17 00:00:00'),('jt_mid_east',31,16,'2022-10-07 00:00:00'),('kay_alexis9',31,11,'2022-11-09 00:00:00'),('kwararetweets',31,14,'2022-12-13 00:00:00'),('lanas_regal',31,12,'2022-10-20 00:00:00'),('ledrito',31,1,'2022-11-09 00:00:00'),('mahmoodkhan',31,17,'2022-11-08 00:00:00'),('mkalte666',31,6,'2022-10-02 00:00:00'),('mrvvipak',31,9,'2022-09-08 00:00:00'),('naitousa',31,13,'2022-10-30 00:00:00'),('newsfeit',31,9,'2022-10-02 00:00:00'),('nowplayxmusic',31,14,'2022-09-02 00:00:00'),('ownlyvibes',31,18,'2022-10-14 00:00:00'),('pfz817paukhoy',31,3,'2022-12-07 00:00:00'),('piercingheart',31,18,'2022-10-09 00:00:00'),('pranayrayv',31,8,'2022-11-09 00:00:00'),('robinpro84',31,12,'2022-08-23 00:00:00'),('ryanfelsman',31,15,'2022-12-05 00:00:00'),('rzhprmdz',31,8,'2022-12-02 00:00:00'),('sani_07',31,6,'2022-09-06 00:00:00'),('skyemah77',31,18,'2022-10-10 00:00:00'),('smitteons_',31,8,'2022-12-05 00:00:00'),('swaggysid__',31,8,'2022-12-22 00:00:00'),('sydneyaustral_a',31,13,'2022-10-16 00:00:00'),('torsadventuresm',31,2,'2022-10-21 00:00:00'),('watersonjade',31,1,'2022-10-16 00:00:00'),('abbyantal',32,4,'2022-08-30 00:00:00'),('adriankao',32,9,'2022-10-02 00:00:00'),('aii_haider',32,9,'2022-10-20 00:00:00'),('amarieroldan',32,12,'2022-08-27 00:00:00'),('anonymtipster',32,9,'2022-11-20 00:00:00'),('appspolicyforum',32,18,'2022-08-24 00:00:00'),('ashlyjbrooks',32,10,'2022-08-24 00:00:00'),('aufreebets',32,3,'2022-10-01 00:00:00'),('babosier',32,1,'2022-08-22 00:00:00'),('cb___gnv',32,4,'2022-12-24 00:00:00'),('cuteirwin94',32,14,'2022-12-07 00:00:00'),('duke_stmamas',32,9,'2022-10-27 00:00:00'),('ebruforyou',32,16,'2022-10-26 00:00:00'),('echasera',32,9,'2022-12-26 00:00:00'),('estherfsedman',32,12,'2022-11-03 00:00:00'),('fiidaus',32,8,'2022-11-07 00:00:00'),('gabiangelsanche',32,9,'2022-12-22 00:00:00'),('geoffhillitv',32,2,'2022-09-26 00:00:00'),('giditti',32,13,'2022-11-20 00:00:00'),('gousain',32,12,'2022-12-10 00:00:00'),('hanadiiammar',32,17,'2022-09-25 00:00:00'),('ineeshadvs',32,16,'2022-08-27 00:00:00'),('jjvwebb',32,13,'2022-08-31 00:00:00'),('jordanneely18',32,8,'2022-10-05 00:00:00'),('kamil36afna',32,14,'2022-09-17 00:00:00'),('khairulaqmal',32,18,'2022-11-04 00:00:00'),('lnyambai',32,16,'2022-10-23 00:00:00'),('marleneordaz5',32,6,'2022-09-10 00:00:00'),('mattdewees11',32,11,'2022-11-17 00:00:00'),('mattdewees11',32,8,'2022-12-24 00:00:00'),('mavros35169',32,8,'2022-12-14 00:00:00'),('miarxo',32,11,'2022-11-13 00:00:00'),('mobileapprevolt',32,7,'2022-09-04 00:00:00'),('nadiaka786',32,6,'2022-12-17 00:00:00'),('natzumi27',32,9,'2022-10-13 00:00:00'),('ndinlnd',32,9,'2022-12-06 00:00:00'),('philmelnik',32,16,'2022-12-06 00:00:00'),('pialfapi314',32,4,'2022-10-20 00:00:00'),('pranayrayv',32,11,'2022-11-14 00:00:00'),('rasheedsworld',32,4,'2022-08-24 00:00:00'),('rudycisne',32,15,'2022-12-22 00:00:00'),('ryanfelsman',32,8,'2022-11-24 00:00:00'),('susansopine',32,13,'2022-08-26 00:00:00'),('szelepanna',32,17,'2022-11-09 00:00:00'),('thetruth24us',32,10,'2022-10-30 00:00:00'),('thol_rauf',32,2,'2022-11-30 00:00:00'),('ticchula',32,6,'2022-12-26 00:00:00'),('umezulike1',32,3,'2022-11-01 00:00:00'),('umimdelainey',32,12,'2022-11-15 00:00:00'),('uskeus',32,5,'2022-09-07 00:00:00'),('vinksharma',32,5,'2022-08-30 00:00:00'),('vraptors_',32,13,'2022-12-25 00:00:00'),('wegoid',32,5,'2022-12-05 00:00:00'),('yatovalmonte',32,3,'2022-10-12 00:00:00'),('yeahdotpictures',32,15,'2022-09-22 00:00:00'),('3ishbeirut',33,5,'2022-10-27 00:00:00'),('armada207',33,15,'2022-09-20 00:00:00'),('ashlyjbrooks',33,9,'2022-09-12 00:00:00'),('babesexpert',33,11,'2022-09-25 00:00:00'),('bestgrierr',33,5,'2022-09-24 00:00:00'),('brendagoodson',33,6,'2022-09-06 00:00:00'),('brenthofmann1',33,9,'2022-10-03 00:00:00'),('cachbbw',33,10,'2022-08-27 00:00:00'),('casz33',33,14,'2022-11-13 00:00:00'),('checkpointrnz',33,18,'2022-12-11 00:00:00'),('devincallahan10',33,10,'2022-09-18 00:00:00'),('didalondon',33,6,'2022-09-23 00:00:00'),('dorinesez',33,8,'2022-09-12 00:00:00'),('ekoonibajeooo',33,4,'2022-09-27 00:00:00'),('eromoegbejule',33,10,'2022-11-01 00:00:00'),('fuckingbanknote',33,18,'2022-11-01 00:00:00'),('ganakar',33,13,'2022-10-26 00:00:00'),('gomarlins_2000',33,14,'2022-12-12 00:00:00'),('iambigthalafan',33,17,'2022-11-22 00:00:00'),('indopulse',33,8,'2022-10-29 00:00:00'),('iraknieuws',33,8,'2022-09-29 00:00:00'),('jackcapp1122',33,10,'2022-10-13 00:00:00'),('jacquelinedsou4',33,5,'2022-09-02 00:00:00'),('jamesasexton',33,2,'2022-10-17 00:00:00'),('kevincosna',33,13,'2022-08-28 00:00:00'),('laskabot',33,18,'2022-12-15 00:00:00'),('liluh1',33,10,'2022-09-02 00:00:00'),('lmbokoma',33,3,'2022-09-02 00:00:00'),('mariamalsaif',33,17,'2022-09-25 00:00:00'),('meonajourney',33,8,'2022-12-03 00:00:00'),('meongh100',33,1,'2022-12-08 00:00:00'),('michellex_3',33,15,'2022-11-28 00:00:00'),('mskanyegenya',33,4,'2022-10-06 00:00:00'),('newsfeit',33,17,'2022-12-21 00:00:00'),('niallmcilroy',33,6,'2022-11-05 00:00:00'),('pjthoughtproces',33,11,'2022-09-18 00:00:00'),('pornhashtag69',33,12,'2022-12-01 00:00:00'),('porscheclassy',33,15,'2022-09-28 00:00:00'),('rajdeep123',33,6,'2022-11-05 00:00:00'),('rasheedsworld',33,10,'2022-10-19 00:00:00'),('seedhesadheakki',33,4,'2022-10-30 00:00:00'),('shelovejordan',33,6,'2022-12-06 00:00:00'),('shibwec',33,8,'2022-12-03 00:00:00'),('soltoseedfarm',33,17,'2022-11-16 00:00:00'),('steve00794525',33,18,'2022-11-29 00:00:00'),('taele_sphiwe',33,9,'2022-09-01 00:00:00'),('the5bestboys',33,1,'2022-10-13 00:00:00'),('theangrymick',33,12,'2022-10-06 00:00:00'),('toutorj',33,10,'2022-12-27 00:00:00'),('tu_kwenn',33,15,'2022-12-04 00:00:00'),('visitseychelles',33,17,'2022-11-20 00:00:00'),('adri16',34,11,'2022-11-05 00:00:00'),('andersenhotel',34,10,'2022-10-02 00:00:00'),('asiafilipinas',34,2,'2022-12-20 00:00:00'),('aye_rain',34,15,'2022-09-27 00:00:00'),('baldryvera',34,5,'2022-09-12 00:00:00'),('binnsy_46',34,13,'2022-12-14 00:00:00'),('bobin_james',34,10,'2022-11-03 00:00:00'),('cb___gnv',34,2,'2022-12-07 00:00:00'),('cinbenfenati',34,15,'2022-12-16 00:00:00'),('cnni',34,7,'2022-12-15 00:00:00'),('dalethibodeaux',34,18,'2022-11-07 00:00:00'),('dar_dar470161',34,16,'2022-10-20 00:00:00'),('datta_kugwe',34,1,'2022-10-03 00:00:00'),('dennispeckmq',34,1,'2022-09-21 00:00:00'),('duthel',34,5,'2022-08-22 00:00:00'),('elisamarie223',34,15,'2022-09-15 00:00:00'),('eromoegbejule',34,11,'2022-08-25 00:00:00'),('faraa_ayien',34,13,'2022-11-14 00:00:00'),('fionntyx',34,12,'2022-09-17 00:00:00'),('iambriseis_7',34,18,'2022-09-12 00:00:00'),('izajoker2812',34,18,'2022-11-26 00:00:00'),('jacintasv',34,14,'2022-12-12 00:00:00'),('kangsseulgo',34,3,'2022-12-12 00:00:00'),('knappyhour',34,17,'2022-09-07 00:00:00'),('lianethompson',34,12,'2022-12-20 00:00:00'),('livloolivloo',34,4,'2022-09-18 00:00:00'),('melissawarfield',34,8,'2022-12-21 00:00:00'),('meongh100',34,7,'2022-10-25 00:00:00'),('mrmcsunnyboy',34,17,'2022-11-18 00:00:00'),('myoutletsghh',34,16,'2022-11-22 00:00:00'),('ownlyvibes',34,7,'2022-12-20 00:00:00'),('pet_julia',34,4,'2022-10-11 00:00:00'),('phantilador',34,2,'2022-09-30 00:00:00'),('puspa_cfc',34,14,'2022-09-24 00:00:00'),('rcp123456',34,13,'2022-12-03 00:00:00'),('ride_tha_tiger',34,15,'2022-10-31 00:00:00'),('rjber15',34,12,'2022-12-28 00:00:00'),('ruthwmunyi',34,4,'2022-10-10 00:00:00'),('salonesabil',34,14,'2022-09-26 00:00:00'),('seedhesadheakki',34,18,'2022-10-09 00:00:00'),('shelovejordan',34,9,'2022-09-09 00:00:00'),('smitteons_',34,7,'2022-09-27 00:00:00'),('sunkanmishams',34,6,'2022-11-22 00:00:00'),('theangrymick',34,16,'2022-09-11 00:00:00'),('travelnewsdeals',34,16,'2022-10-18 00:00:00'),('trizztaylor',34,17,'2022-12-12 00:00:00'),('umezulike1',34,18,'2022-09-01 00:00:00'),('uzairaslam14',34,9,'2022-09-24 00:00:00'),('wvpakis',34,11,'2022-10-22 00:00:00'),('yoghourte',34,4,'2022-10-08 00:00:00'),('yunusverified',34,12,'2022-09-30 00:00:00'),('4omgnewsafrica',35,1,'2022-10-15 00:00:00'),('arshya',35,5,'2022-12-31 00:00:00'),('barishitay',35,17,'2022-09-13 00:00:00'),('belairof23',35,6,'2022-08-25 00:00:00'),('belairof23',35,11,'2022-10-03 00:00:00'),('blancamiosi',35,6,'2022-10-05 00:00:00'),('chattingcat',35,16,'2022-12-26 00:00:00'),('danielasepa',35,17,'2022-11-12 00:00:00'),('dennispeckmq',35,5,'2022-11-01 00:00:00'),('erinyoung24',35,5,'2022-10-13 00:00:00'),('evidenceaid',35,18,'2022-10-25 00:00:00'),('fckboyash_',35,9,'2022-09-04 00:00:00'),('forextrareview',35,6,'2022-09-19 00:00:00'),('forextrareview',35,14,'2022-11-02 00:00:00'),('giriall',35,8,'2022-12-09 00:00:00'),('gousain',35,17,'2022-12-21 00:00:00'),('hakeemmudasir',35,14,'2022-12-16 00:00:00'),('headunder_water',35,3,'2022-08-30 00:00:00'),('hiryuxiii',35,17,'2022-09-24 00:00:00'),('iambeirye',35,14,'2022-12-15 00:00:00'),('ishanprakash',35,3,'2022-09-04 00:00:00'),('izajoker2812',35,1,'2022-08-22 00:00:00'),('jaymiedels',35,12,'2022-10-08 00:00:00'),('jeromedruesne',35,17,'2022-10-19 00:00:00'),('jet99999',35,14,'2022-09-17 00:00:00'),('junhyeok_sg',35,1,'2022-08-23 00:00:00'),('kkantbajpai',35,13,'2022-09-23 00:00:00'),('makewaymusic',35,8,'2022-09-05 00:00:00'),('marina__o_o',35,5,'2022-10-28 00:00:00'),('oliviaclark047',35,6,'2022-09-13 00:00:00'),('omgitsmikemars',35,18,'2022-10-19 00:00:00'),('profcarbo728',35,10,'2022-11-25 00:00:00'),('pzychodc',35,2,'2022-09-20 00:00:00'),('rauhallinen',35,10,'2022-09-07 00:00:00'),('revolutweets',35,14,'2022-10-03 00:00:00'),('ryanfelsman',35,16,'2022-10-11 00:00:00'),('shashashabooyea',35,13,'2022-10-26 00:00:00'),('the5thoctave',35,9,'2022-09-11 00:00:00'),('thestationng',35,14,'2022-11-20 00:00:00'),('trizztaylor',35,4,'2022-10-26 00:00:00'),('uskeus',35,14,'2022-11-26 00:00:00'),('whisper5003',35,5,'2022-11-24 00:00:00'),('yayan0628',35,8,'2022-12-23 00:00:00'),('yongicon',35,11,'2022-10-10 00:00:00'),('adenahollington',36,17,'2022-11-09 00:00:00'),('arshya',36,7,'2022-08-30 00:00:00'),('ashlyjbrooks',36,14,'2022-12-09 00:00:00'),('asian_cumdumps',36,1,'2022-10-09 00:00:00'),('attilasvillains',36,17,'2022-10-19 00:00:00'),('aye_rain',36,8,'2022-10-17 00:00:00'),('babesexpert',36,15,'2022-10-20 00:00:00'),('blemmie',36,15,'2022-09-09 00:00:00'),('brandonb1025',36,8,'2022-09-24 00:00:00'),('britt_2legit',36,9,'2022-10-08 00:00:00'),('brookeinbows',36,14,'2022-10-14 00:00:00'),('carpetbaby20',36,18,'2022-09-21 00:00:00'),('casz33',36,17,'2022-12-17 00:00:00'),('cb___gnv',36,4,'2022-11-15 00:00:00'),('chazgunningham',36,14,'2022-10-15 00:00:00'),('checkpointrnz',36,9,'2022-08-25 00:00:00'),('cooper_marcus1',36,12,'2022-08-27 00:00:00'),('djdas',36,17,'2022-10-03 00:00:00'),('ehismusa1',36,12,'2022-11-07 00:00:00'),('eli5_reddit',36,6,'2022-12-22 00:00:00'),('endunvyrantinie',36,5,'2022-11-08 00:00:00'),('environmenlaw',36,18,'2022-10-30 00:00:00'),('erian_a',36,9,'2022-08-24 00:00:00'),('estherfsedman',36,5,'2022-12-04 00:00:00'),('gnfocus',36,18,'2022-09-08 00:00:00'),('gregorydundas1',36,18,'2022-11-24 00:00:00'),('isaiassxx',36,15,'2022-12-09 00:00:00'),('jacekdurkalec',36,5,'2022-12-31 00:00:00'),('jamesbrimacombe',36,18,'2022-09-14 00:00:00'),('jaymiedels',36,8,'2022-11-01 00:00:00'),('jinnspak',36,3,'2022-10-26 00:00:00'),('joshua__9',36,6,'2022-08-22 00:00:00'),('justsayhelo',36,10,'2022-10-22 00:00:00'),('k_ban',36,2,'2022-09-20 00:00:00'),('kaileshrajdev',36,2,'2022-09-04 00:00:00'),('kenyacoast',36,6,'2022-10-05 00:00:00'),('kevinwhyte87',36,6,'2022-10-18 00:00:00'),('kimballbainbri1',36,12,'2022-09-25 00:00:00'),('ktj_loikk',36,2,'2022-12-16 00:00:00'),('laskabot',36,15,'2022-10-27 00:00:00'),('lotusbuddhababa',36,17,'2022-10-21 00:00:00'),('mrmcsunnyboy',36,2,'2022-08-27 00:00:00'),('n0n0t0',36,11,'2022-10-12 00:00:00'),('nadhianov_',36,14,'2022-11-16 00:00:00'),('natzumi27',36,5,'2022-12-24 00:00:00'),('niesaahmad',36,1,'2022-09-08 00:00:00'),('potato_wingd',36,5,'2022-12-12 00:00:00'),('pranayrayv',36,14,'2022-11-30 00:00:00'),('premierenenus',36,15,'2022-12-28 00:00:00'),('ranjan_rkp',36,17,'2022-12-21 00:00:00'),('rsharma027',36,7,'2022-12-01 00:00:00'),('samcyliax',36,1,'2022-11-10 00:00:00'),('samuelbaker67',36,8,'2022-10-16 00:00:00'),('sandra_harris',36,17,'2022-10-19 00:00:00'),('savicevic1973',36,8,'2022-10-22 00:00:00'),('superfuturelove',36,8,'2022-08-24 00:00:00'),('sweeting_gina',36,1,'2022-10-15 00:00:00'),('sydneyaustral_a',36,3,'2022-11-26 00:00:00'),('theonlyleaderbb',36,16,'2022-11-13 00:00:00'),('umimdelainey',36,5,'2022-11-06 00:00:00'),('v_nerobckowa',36,10,'2022-11-21 00:00:00'),('wegoid',36,17,'2022-12-22 00:00:00'),('zenmommangrimes',36,5,'2022-09-16 00:00:00'),('_eggcrown',37,18,'2022-10-13 00:00:00'),('123infographics',37,4,'2022-10-18 00:00:00'),('alayna_powers',37,13,'2022-10-08 00:00:00'),('artofevan',37,7,'2022-09-07 00:00:00'),('barishitay',37,1,'2022-11-14 00:00:00'),('binnsy_46',37,17,'2022-09-07 00:00:00'),('calley_c',37,14,'2022-10-17 00:00:00'),('cikchyda',37,3,'2022-09-18 00:00:00'),('claytonhenders2',37,5,'2022-09-22 00:00:00'),('deltonaweather',37,9,'2022-12-31 00:00:00'),('donraul100',37,9,'2022-10-11 00:00:00'),('findtrying',37,5,'2022-09-04 00:00:00'),('fyrdausi',37,16,'2022-11-03 00:00:00'),('gaxenuwigub',37,7,'2022-11-02 00:00:00'),('gayesmit',37,4,'2022-08-30 00:00:00'),('groonk',37,9,'2022-10-16 00:00:00'),('hidefumif',37,18,'2022-10-23 00:00:00'),('hotelcomau',37,3,'2022-10-25 00:00:00'),('hummingbigbird',37,13,'2022-11-07 00:00:00'),('infinityofde',37,10,'2022-12-25 00:00:00'),('isaiassxx',37,9,'2022-09-10 00:00:00'),('jmroberge',37,16,'2022-12-07 00:00:00'),('jochen_mn',37,10,'2022-12-02 00:00:00'),('jojohunney',37,7,'2022-12-17 00:00:00'),('jprequiro',37,5,'2022-12-29 00:00:00'),('lindzym',37,3,'2022-09-11 00:00:00'),('mbrlydnkr61',37,8,'2022-11-05 00:00:00'),('myoutletsghh',37,15,'2022-10-11 00:00:00'),('nazniman',37,7,'2022-12-19 00:00:00'),('pauloosting',37,4,'2022-10-21 00:00:00'),('polarnanuk',37,5,'2022-11-18 00:00:00'),('provenpestcontr',37,1,'2022-12-06 00:00:00'),('robinpro84',37,18,'2022-09-08 00:00:00'),('sabine_dhbw',37,4,'2022-12-25 00:00:00'),('sipho_zn',37,5,'2022-11-11 00:00:00'),('sirichson',37,6,'2022-12-09 00:00:00'),('stankin_rankin',37,9,'2022-09-10 00:00:00'),('suepesznecker',37,18,'2022-09-16 00:00:00'),('syriaconflict',37,4,'2022-09-01 00:00:00'),('tellybuzz',37,13,'2022-10-21 00:00:00'),('thereal_robjack',37,11,'2022-11-14 00:00:00'),('therealbethann',37,1,'2022-11-10 00:00:00'),('thewikitommy',37,15,'2022-10-16 00:00:00'),('todayspop',37,15,'2022-09-03 00:00:00'),('tomihoooooo',37,16,'2022-09-26 00:00:00'),('uskeus',37,17,'2022-10-24 00:00:00'),('veneromatias',37,13,'2022-09-25 00:00:00'),('visualpersist',37,8,'2022-09-30 00:00:00'),('waydee77',37,4,'2022-10-18 00:00:00'),('youbidderjones',37,12,'2022-12-13 00:00:00'),('zachsorrentino5',37,8,'2022-09-12 00:00:00'),('_eggcrown',38,18,'2022-12-04 00:00:00'),('adorablenz',38,18,'2022-10-20 00:00:00'),('alayna_powers',38,15,'2022-09-17 00:00:00'),('aminzulkarnain',38,1,'2022-11-08 00:00:00'),('andrewroquiz',38,8,'2022-09-28 00:00:00'),('babesexpert',38,18,'2022-10-12 00:00:00'),('barcrusherboats',38,6,'2022-11-05 00:00:00'),('bialicagua1972',38,18,'2022-08-23 00:00:00'),('billsvoice',38,15,'2022-10-26 00:00:00'),('blancamiosi',38,15,'2022-08-22 00:00:00'),('britt_2legit',38,1,'2022-10-06 00:00:00'),('businesssharer',38,10,'2022-09-22 00:00:00'),('charlottesogn',38,18,'2022-08-26 00:00:00'),('dittib_pcdm',38,6,'2022-11-06 00:00:00'),('ferialhaffajee',38,5,'2022-09-08 00:00:00'),('findtrying',38,13,'2022-12-24 00:00:00'),('gregorydundas1',38,9,'2022-12-20 00:00:00'),('haarriisson',38,12,'2022-10-22 00:00:00'),('huzzayn',38,17,'2022-11-17 00:00:00'),('i_am_coello',38,10,'2022-08-29 00:00:00'),('insta_hamburg',38,10,'2022-10-26 00:00:00'),('jacintasv',38,12,'2022-12-25 00:00:00'),('jleichtner5',38,5,'2022-08-25 00:00:00'),('justsayhelo',38,9,'2022-11-09 00:00:00'),('jwwatson1',38,18,'2022-10-15 00:00:00'),('kamil36afna',38,15,'2022-10-09 00:00:00'),('kimballbainbri1',38,7,'2022-08-30 00:00:00'),('lebzaa15',38,1,'2022-09-05 00:00:00'),('lois775025',38,16,'2022-11-27 00:00:00'),('marcowodopia',38,11,'2022-09-19 00:00:00'),('maseinguilherme',38,16,'2022-11-20 00:00:00'),('medcruiseguide',38,2,'2022-08-27 00:00:00'),('megmarie64',38,5,'2022-12-15 00:00:00'),('mitarank',38,5,'2022-11-15 00:00:00'),('nadiaka786',38,5,'2022-09-25 00:00:00'),('pmuyombano',38,15,'2022-12-23 00:00:00'),('rachel_jsa',38,8,'2022-11-06 00:00:00'),('redearthz',38,11,'2022-11-19 00:00:00'),('renjitweets',38,17,'2022-12-20 00:00:00'),('robertgammon',38,12,'2022-09-06 00:00:00'),('segavox_44114',38,3,'2022-10-06 00:00:00'),('szelepanna',38,17,'2022-12-13 00:00:00'),('thomaswalker42',38,13,'2022-12-10 00:00:00'),('tomdoig',38,7,'2022-10-03 00:00:00'),('tomdoig',38,7,'2022-12-24 00:00:00'),('umezulike1',38,16,'2022-12-21 00:00:00'),('vipinkumarinsa2',38,17,'2022-11-24 00:00:00'),('vraptors_',38,4,'2022-12-17 00:00:00'),('_donlbr',39,9,'2022-09-16 00:00:00'),('_donlbr',39,2,'2022-10-24 00:00:00'),('_donlbr',39,16,'2022-12-27 00:00:00'),('_johnny215',39,13,'2022-12-19 00:00:00'),('aii_haider',39,4,'2022-10-22 00:00:00'),('aii_haider',39,11,'2022-11-24 00:00:00'),('allthelovelinds',39,16,'2022-08-30 00:00:00'),('aminzulkarnain',39,4,'2022-12-27 00:00:00'),('andrewroquiz',39,12,'2022-11-15 00:00:00'),('bahamasfilmgirl',39,9,'2022-12-04 00:00:00'),('bestgrierr',39,17,'2022-08-27 00:00:00'),('carpetbaby20',39,11,'2022-10-17 00:00:00'),('chattingcat',39,15,'2022-12-18 00:00:00'),('chrisogilviesnr',39,5,'2022-10-16 00:00:00'),('cullenzawacki69',39,10,'2022-10-14 00:00:00'),('didalondon',39,15,'2022-10-15 00:00:00'),('eissaahmed4',39,18,'2022-12-01 00:00:00'),('fauxfleur',39,12,'2022-10-02 00:00:00'),('gaetanburgio',39,4,'2022-09-06 00:00:00'),('harrypezz',39,6,'2022-10-27 00:00:00'),('homecourtbias',39,9,'2022-10-15 00:00:00'),('iambigthalafan',39,15,'2022-09-05 00:00:00'),('indriwwulan28',39,2,'2022-12-16 00:00:00'),('iyabosarah',39,8,'2022-08-30 00:00:00'),('jinnspak',39,7,'2022-12-01 00:00:00'),('jmillz_',39,4,'2022-11-28 00:00:00'),('jrctic_ebooks',39,15,'2022-08-30 00:00:00'),('junhyeok_sg',39,4,'2022-09-19 00:00:00'),('justinsweitzah',39,4,'2022-10-31 00:00:00'),('kay_alexis9',39,17,'2022-10-10 00:00:00'),('kylepettine',39,3,'2022-12-06 00:00:00'),('lindzym',39,7,'2022-10-29 00:00:00'),('lnmcglwn848',39,5,'2022-09-26 00:00:00'),('maulikpatel_mb',39,5,'2022-12-18 00:00:00'),('mcbmeubels',39,8,'2022-12-14 00:00:00'),('missyflash',39,17,'2022-08-26 00:00:00'),('mrvvipak',39,8,'2022-10-21 00:00:00'),('niallmcilroy',39,11,'2022-09-03 00:00:00'),('patriciangle',39,1,'2022-11-03 00:00:00'),('ranthonylemke',39,8,'2022-11-06 00:00:00'),('raythegrouch',39,5,'2022-10-09 00:00:00'),('ryandanielatt',39,9,'2022-09-19 00:00:00'),('samaraman123',39,12,'2022-12-06 00:00:00'),('seapabkk',39,13,'2022-11-24 00:00:00'),('shahkourosh',39,3,'2022-11-06 00:00:00'),('skssaltanat',39,16,'2022-12-02 00:00:00'),('supp_gabby',39,16,'2022-09-20 00:00:00'),('vinksharma',39,9,'2022-12-18 00:00:00'),('allthelovelinds',40,11,'2022-11-05 00:00:00'),('appspolicyforum',40,4,'2022-12-06 00:00:00'),('billyrachel1',40,14,'2022-11-04 00:00:00'),('bobgiantz',40,2,'2022-08-30 00:00:00'),('bradyhernandezx',40,9,'2022-10-09 00:00:00'),('brandonb1025',40,5,'2022-10-11 00:00:00'),('cb___gnv',40,4,'2022-10-20 00:00:00'),('chattingcat',40,7,'2022-11-07 00:00:00'),('clarissapedrera',40,3,'2022-10-15 00:00:00'),('danmc2',40,11,'2022-10-18 00:00:00'),('dhiraj1c',40,4,'2022-09-13 00:00:00'),('divasupermum',40,13,'2022-08-24 00:00:00'),('dividendnew24x7',40,9,'2022-10-03 00:00:00'),('dlabrie',40,11,'2022-12-06 00:00:00'),('filawumobewuju',40,16,'2022-10-10 00:00:00'),('forexrelvo',40,7,'2022-11-24 00:00:00'),('fyrdausi',40,11,'2022-11-17 00:00:00'),('gilberto57',40,5,'2022-12-12 00:00:00'),('haestheman',40,1,'2022-11-24 00:00:00'),('hazelpage14',40,4,'2022-08-26 00:00:00'),('i_phil_u',40,2,'2022-10-27 00:00:00'),('jamesh97_',40,7,'2022-12-30 00:00:00'),('jesuscletus',40,17,'2022-09-26 00:00:00'),('jrctic_ebooks',40,9,'2022-10-24 00:00:00'),('jullietsl',40,17,'2022-10-07 00:00:00'),('kehlbayern',40,8,'2022-12-16 00:00:00'),('leplan',40,11,'2022-09-24 00:00:00'),('lloydnare',40,15,'2022-10-04 00:00:00'),('lynnqunns',40,17,'2022-11-16 00:00:00'),('majordougman',40,2,'2022-09-19 00:00:00'),('mariamstrongms',40,13,'2022-09-18 00:00:00'),('medcruiseguide',40,18,'2022-10-26 00:00:00'),('mikaylareneee',40,15,'2022-11-15 00:00:00'),('milk777milk7',40,17,'2022-10-09 00:00:00'),('myrettanababan',40,6,'2022-11-14 00:00:00'),('n0n0t0',40,10,'2022-09-18 00:00:00'),('panacheprince',40,16,'2022-09-18 00:00:00'),('panzer0821',40,1,'2022-10-18 00:00:00'),('rachel_jsa',40,13,'2022-11-18 00:00:00'),('rasheedsworld',40,14,'2022-10-15 00:00:00'),('redearthz',40,9,'2022-10-28 00:00:00'),('rlalas',40,13,'2022-12-24 00:00:00'),('saketsj2',40,15,'2022-09-19 00:00:00'),('sydneyhorrorx',40,3,'2022-10-03 00:00:00'),('theangrymick',40,10,'2022-11-19 00:00:00'),('thegoodphight',40,7,'2022-12-02 00:00:00'),('todayspop',40,14,'2022-09-27 00:00:00'),('trinz33',40,11,'2022-11-01 00:00:00'),('truemira',40,2,'2022-10-13 00:00:00'),('umassbeacons',40,12,'2022-11-30 00:00:00'),('uncleporkie',40,4,'2022-10-24 00:00:00'),('yaasiros',40,1,'2022-10-14 00:00:00'),('youbidderjones',40,8,'2022-11-09 00:00:00'),('zachsorrentino5',40,2,'2022-09-05 00:00:00'),('amirkhxn',41,6,'2022-10-15 00:00:00'),('beem_team',41,5,'2022-11-12 00:00:00'),('bestgrierr',41,3,'2022-09-08 00:00:00'),('bryan_cleary',41,10,'2022-11-19 00:00:00'),('callme_tp',41,10,'2022-12-04 00:00:00'),('cullenzawacki69',41,17,'2022-12-12 00:00:00'),('deltonaweather',41,11,'2022-12-17 00:00:00'),('devincallahan10',41,8,'2022-11-16 00:00:00'),('dgpetrie',41,16,'2022-11-16 00:00:00'),('dootsie20',41,9,'2022-11-15 00:00:00'),('epilepsysa',41,1,'2022-11-25 00:00:00'),('festindecuervo',41,16,'2022-10-17 00:00:00'),('franckbiyong1',41,7,'2022-12-25 00:00:00'),('free_media_hub2',41,14,'2022-09-28 00:00:00'),('frogetteca',41,1,'2022-11-05 00:00:00'),('harrypezz',41,18,'2022-12-09 00:00:00'),('headunder_water',41,18,'2022-09-07 00:00:00'),('horsingaroundla',41,3,'2022-11-19 00:00:00'),('ivansidorenko1',41,3,'2022-11-12 00:00:00'),('jacintasv',41,17,'2022-11-10 00:00:00'),('jeannine_c_',41,11,'2022-12-26 00:00:00'),('jleichtner5',41,17,'2022-12-08 00:00:00'),('kay_alexis9',41,1,'2022-10-28 00:00:00'),('kevinharvell',41,2,'2022-11-04 00:00:00'),('kwararetweets',41,9,'2022-09-07 00:00:00'),('ledrito',41,3,'2022-09-22 00:00:00'),('lotusbuddhababa',41,18,'2022-11-23 00:00:00'),('meredithmfranc5',41,2,'2022-11-03 00:00:00'),('morenojacobomo3',41,4,'2022-11-24 00:00:00'),('naitousa',41,17,'2022-09-13 00:00:00'),('otaku_brony',41,10,'2022-11-24 00:00:00'),('pfgun0',41,18,'2022-12-22 00:00:00'),('rcp123456',41,9,'2022-12-31 00:00:00'),('redhalf',41,9,'2022-11-27 00:00:00'),('rzhprmdz',41,9,'2022-09-26 00:00:00'),('sportschatlive',41,17,'2022-12-22 00:00:00'),('supp_gabby',41,6,'2022-08-26 00:00:00'),('sydneyhorrorx',41,5,'2022-10-06 00:00:00'),('tootie42448',41,9,'2022-10-12 00:00:00'),('ugandanjoblines',41,7,'2022-09-06 00:00:00'),('umassbeacons',41,11,'2022-08-28 00:00:00'),('upshelp',41,18,'2022-09-09 00:00:00'),('visit_turkey',41,5,'2022-12-02 00:00:00'),('wegoid',41,3,'2022-08-29 00:00:00'),('zahralahcini',41,17,'2022-10-24 00:00:00'),('alexandregarel',42,2,'2022-09-22 00:00:00'),('anthonyoliva2',42,10,'2022-10-17 00:00:00'),('atifshah',42,6,'2022-11-10 00:00:00'),('barcadenigeria',42,18,'2022-10-06 00:00:00'),('brewshirtclub',42,2,'2022-11-24 00:00:00'),('cisn_jack',42,16,'2022-11-22 00:00:00'),('dowoonph',42,3,'2022-10-09 00:00:00'),('ehismusa1',42,8,'2022-08-28 00:00:00'),('focuson_ad',42,3,'2022-11-30 00:00:00'),('g_maduabuchi',42,17,'2022-10-30 00:00:00'),('gregorydundas1',42,14,'2022-10-14 00:00:00'),('hazelpage14',42,5,'2022-08-22 00:00:00'),('jamaica',42,1,'2022-10-23 00:00:00'),('jamesh97_',42,12,'2022-12-03 00:00:00'),('junhyeok_sg',42,12,'2022-10-21 00:00:00'),('karan_mehta10',42,2,'2022-11-22 00:00:00'),('kazfoxy',42,10,'2022-12-31 00:00:00'),('kevincosna',42,10,'2022-12-10 00:00:00'),('kingtsamuel13',42,13,'2022-11-17 00:00:00'),('lifewaterlife',42,7,'2022-10-23 00:00:00'),('lorensantiago80',42,11,'2022-12-08 00:00:00'),('meg_mackenzie_',42,10,'2022-11-13 00:00:00'),('miarxo',42,2,'2022-11-10 00:00:00'),('mikaylareneee',42,1,'2022-11-23 00:00:00'),('mukziey',42,2,'2022-11-18 00:00:00'),('myworldjalisco',42,5,'2022-10-13 00:00:00'),('nsevencan61',42,1,'2022-11-06 00:00:00'),('nycsportslaw',42,8,'2022-09-05 00:00:00'),('od_king',42,11,'2022-12-17 00:00:00'),('ohshotz',42,15,'2022-09-06 00:00:00'),('owlabye978',42,4,'2022-10-14 00:00:00'),('panivpatil',42,2,'2022-10-31 00:00:00'),('pauloosting',42,15,'2022-11-15 00:00:00'),('pet_julia',42,14,'2022-12-27 00:00:00'),('safeerabbaspk',42,5,'2022-08-25 00:00:00'),('sandra_harris',42,17,'2022-08-26 00:00:00'),('shibwec',42,10,'2022-11-20 00:00:00'),('shilanqadir',42,3,'2022-11-22 00:00:00'),('sopphhucked',42,1,'2022-12-04 00:00:00'),('vincentturner80',42,12,'2022-12-18 00:00:00'),('visualpersist',42,16,'2022-11-23 00:00:00'),('wegoid',42,1,'2022-11-12 00:00:00'),('yusufsiyunda',42,2,'2022-12-15 00:00:00');
/*!40000 ALTER TABLE `SlotBookings` ENABLE KEYS */;
UNLOCK TABLES;

--
-- Table structure for table `Slots`
--

DROP TABLE IF EXISTS `Slots`;
/*!40101 SET @saved_cs_client     = @@character_set_client */;
/*!50503 SET character_set_client = utf8mb4 */;
CREATE TABLE `Slots` (
  `slot_id` int NOT NULL AUTO_INCREMENT,
  `start_time` time DEFAULT NULL,
  `end_time` time DEFAULT NULL,
  PRIMARY KEY (`slot_id`)
) ENGINE=InnoDB AUTO_INCREMENT=19 DEFAULT CHARSET=utf8mb4 COLLATE=utf8mb4_0900_ai_ci;
/*!40101 SET character_set_client = @saved_cs_client */;

--
-- Dumping data for table `Slots`
--

LOCK TABLES `Slots` WRITE;
/*!40000 ALTER TABLE `Slots` DISABLE KEYS */;
INSERT INTO `Slots` VALUES (1,'06:00:00','07:00:00'),(2,'07:00:00','08:00:00'),(3,'08:00:00','09:00:00'),(4,'09:00:00','10:00:00'),(5,'10:00:00','11:00:00'),(6,'11:00:00','12:00:00'),(7,'12:00:00','13:00:00'),(8,'13:00:00','14:00:00'),(9,'14:00:00','15:00:00'),(10,'15:00:00','16:00:00'),(11,'16:00:00','17:00:00'),(12,'17:00:00','18:00:00'),(13,'18:00:00','19:00:00'),(14,'19:00:00','20:00:00'),(15,'20:00:00','21:00:00'),(16,'21:00:00','22:00:00'),(17,'22:00:00','23:00:00'),(18,'23:00:00','24:00:00');
/*!40000 ALTER TABLE `Slots` ENABLE KEYS */;
UNLOCK TABLES;

--
-- Table structure for table `Sports`
--

DROP TABLE IF EXISTS `Sports`;
/*!40101 SET @saved_cs_client     = @@character_set_client */;
/*!50503 SET character_set_client = utf8mb4 */;
CREATE TABLE `Sports` (
  `sport_id` int NOT NULL AUTO_INCREMENT,
  `sport_name` varchar(50) DEFAULT NULL,
  PRIMARY KEY (`sport_id`)
) ENGINE=InnoDB AUTO_INCREMENT=13 DEFAULT CHARSET=utf8mb4 COLLATE=utf8mb4_0900_ai_ci;
/*!40101 SET character_set_client = @saved_cs_client */;

--
-- Dumping data for table `Sports`
--

LOCK TABLES `Sports` WRITE;
/*!40000 ALTER TABLE `Sports` DISABLE KEYS */;
INSERT INTO `Sports` VALUES (1,'Badminton'),(2,'Basketball'),(3,'Rock Climbing'),(4,'Swimming'),(5,'Dance'),(6,'Karate'),(7,'Aerobics'),(8,'Squash'),(9,'Racquetball'),(10,'Table Tennis'),(11,'Other'),(12,'Volleyball');
/*!40000 ALTER TABLE `Sports` ENABLE KEYS */;
UNLOCK TABLES;

--
-- Table structure for table `Users`
--

DROP TABLE IF EXISTS `Users`;
/*!40101 SET @saved_cs_client     = @@character_set_client */;
/*!50503 SET character_set_client = utf8mb4 */;
CREATE TABLE `Users` (
  `net_id` varchar(30) NOT NULL,
  `name` varchar(50) NOT NULL,
  `contact_number` varchar(10) NOT NULL,
  `email_id` varchar(50) NOT NULL,
  `date_of_birth` date DEFAULT NULL,
  `role_id` int DEFAULT NULL,
  PRIMARY KEY (`net_id`),
  KEY `role_id` (`role_id`),
  CONSTRAINT `users_ibfk_1` FOREIGN KEY (`role_id`) REFERENCES `Roles` (`role_id`) ON DELETE CASCADE ON UPDATE CASCADE
) ENGINE=InnoDB DEFAULT CHARSET=utf8mb4 COLLATE=utf8mb4_0900_ai_ci;
/*!40101 SET character_set_client = @saved_cs_client */;

--
-- Dumping data for table `Users`
--

LOCK TABLES `Users` WRITE;
/*!40000 ALTER TABLE `Users` DISABLE KEYS */;
INSERT INTO `Users` VALUES ('_donlbr','Pedro','4646874823','_donlbr@illinois.edu','2003-12-27',1),('_eggcrown','Eyinade L. Abimbola','2669200400','_eggcrown@illinois.edu','2001-08-17',1),('_greenwings','Greenwings','3330591759','_greenwings@illinois.edu','1992-01-03',1),('_jazzybelleee','Jaz','4516918360','_jazzybelleee@illinois.edu','1995-04-22',1),('_johnny215','Johnny','4600269520','_johnny215@illinois.edu','2001-01-08',1),('_kushoo1','kush.','8342620244','_kushoo1@illinois.edu','1998-01-16',1),('_thetonk','The Tonk','8771198578','_thetonk@illinois.edu','2004-04-12',1),('_zeets','Zito','2800104993','_zeets@illinois.edu','2000-03-13',1),('100thone','Chill','8109514849','100thone@illinois.edu','1992-01-25',1),('10coleman','Billy Coleman','5569742678','10coleman@illinois.edu','2002-10-12',1),('115746999eric','ERIC','2507424440','115746999eric@illinois.edu','1990-02-01',1),('123infographics','#infographic','2165247034','123infographics@illinois.edu','2002-01-16',1),('3ishbeirut','3ishbeirut','6052340771','3ishbeirut@illinois.edu','2004-11-01',1),('3malcon','contas meyer','7226217975','3malcon@illinois.edu','2000-10-01',1),('3novicesengland','3NovicesUK','8112446158','3novicesengland@illinois.edu','2005-10-23',1),('4marizumali','Ka- M.U.(MarizUmali)','3791215467','4marizumali@illinois.edu','2000-01-23',1),('4omgnewsafrica','Mori','3151613890','4omgnewsafrica@illinois.edu','2002-04-19',1),('4travelproducts','Ron Pradinuk','3413884166','4travelproducts@illinois.edu','2004-09-24',1),('7tstarkey','Troy Starkey','7479839278','7tstarkey@illinois.edu','2003-03-12',1),('abbyantal','Abby Antal','4667490855','abbyantal@illinois.edu','2003-02-08',1),('abdallahcnn','Khalil Abdallah','3366534720','abdallahcnn@illinois.edu','1993-06-20',1),('ablho','Ablho','2842901176','ablho@illinois.edu','1998-09-09',1),('accessagric','Access Agriculture','6066052392','accessagric@illinois.edu','2001-09-15',1),('adenahollington','Adena Hollington','8179568245','adenahollington@illinois.edu','2002-10-29',1),('adorablenz','Alexis Johnson','7670625457','adorablenz@illinois.edu','1998-03-27',1),('adri16','adri16','5687355281','adri16@illinois.edu','2005-11-17',1),('adriankao','Adrian Kao','5976063981','adriankao@illinois.edu','2004-09-13',1),('aeringuy','Aerin Guy','7495574372','aeringuy@illinois.edu','1990-09-22',1),('aescartin','Abel Escartin Molina','6875244755','aescartin@illinois.edu','2000-12-02',1),('africanewsaddic','John','5726448889','africanewsaddic@illinois.edu','1999-07-29',1),('afrikaaman','afrikaaman','5906816852','afrikaaman@illinois.edu','1991-05-27',1),('afropresencia','AfroPresencia.com','6028459438','afropresencia@illinois.edu','2005-10-10',1),('ahmdkhoirullah','Ahmad Khoirullah','2713555933','ahmdkhoirullah@illinois.edu','2004-06-01',1),('aidaadrianaa_','Adriana','6595825556','aidaadrianaa_@illinois.edu','1996-07-25',1),('aii_haider','Ali Haider','8629674546','aii_haider@illinois.edu','1993-03-01',1),('airydairy','berny','2178969497','airydairy@illinois.edu','1991-12-21',1),('ajfecko','Andy Fecko','6573809130','ajfecko@illinois.edu','1993-08-30',1),('ajlisteningpost','Listening Post','5975049839','ajlisteningpost@illinois.edu','2005-05-24',1),('akanev716','A K A N E .','8640732076','akanev716@illinois.edu','1992-12-30',1),('alayna_powers','alayna','4378834245','alayna_powers@illinois.edu','1994-08-25',1),('aleneb25','Al Eneb E. Limalima','4559143153','aleneb25@illinois.edu','1992-08-11',1),('alexandregarel','saigonsnaps','6814138927','alexandregarel@illinois.edu','1999-10-17',1),('alexsardar','Alex Sardar','7318409105','alexsardar@illinois.edu','2000-03-10',1),('aliens68','Mikael Ahl','3165739955','aliens68@illinois.edu','1995-12-10',1),('all_jobs_','All Jobs','2868681684','all_jobs_@illinois.edu','2000-01-24',1),('all_thats_left_','All Thats Left','4473670041','all_thats_left_@illinois.edu','1995-08-18',1),('allthelovelinds','lindsey','8149786208','allthelovelinds@illinois.edu','1990-07-25',1),('alokshrivastav0','Alok Shrivastava','5937964064','alokshrivastav0@illinois.edu','1996-01-07',1),('alondraweng','weng@cham','7565843774','alondraweng@illinois.edu','2002-07-11',1),('amarieroldan','Alyssa Roldan','6143617686','amarieroldan@illinois.edu','2002-12-16',1),('amendolaart','Dominique amendola','2481600400','amendolaart@illinois.edu','1991-01-16',1),('aminzulkarnain','Roman Reigns','3044551028','aminzulkarnain@illinois.edu','2005-04-15',1),('amirkhxn','apek','5457423187','amirkhxn@illinois.edu','2002-04-21',1),('analogist','Emily Analog','6971809590','analogist@illinois.edu','1998-06-20',1),('andariasbetteng','Andarias B. Pabuaran','2733568637','andariasbetteng@illinois.edu','2000-01-23',1),('andersenhotel','Andersen Hotel CPH','6793669988','andersenhotel@illinois.edu','2004-12-01',1),('andilemlondo','Andile Mlondo','7953654281','andilemlondo@illinois.edu','1996-08-30',1),('andpiacentinig','Andrea Piacentini','8670337835','andpiacentinig@illinois.edu','1993-04-11',1),('andrewlalex','Andrew Alexander','4403287063','andrewlalex@illinois.edu','1999-02-20',1),('andrewroquiz','Andrew Roquiz','3634835992','andrewroquiz@illinois.edu','1990-11-06',1),('aniwahyagroup','(C)David','4506452684','aniwahyagroup@illinois.edu','1998-04-28',1),('anonymtipster','Anonym Tipster','6108336521','anonymtipster@illinois.edu','2000-08-11',1),('anthonyoliva2','anthony oliva','3807850861','anthonyoliva2@illinois.edu','1995-05-13',1),('antlerbunny','Chelsea','3080326659','antlerbunny@illinois.edu','1999-10-09',1),('antwiivirus','TROUBLE MAKER','5048519643','antwiivirus@illinois.edu','2003-06-20',1),('anyagauld','Anya','8073202959','anyagauld@illinois.edu','1997-06-26',1),('aotto1968_2','Andreas Otto','2217859824','aotto1968_2@illinois.edu','2005-09-23',1),('appspolicyforum','Policy Forum','6254377171','appspolicyforum@illinois.edu','1997-02-12',1),('areptesa','Alexander','5377956555','areptesa@illinois.edu','2000-05-19',1),('arjujumand','Trouble','5559420428','arjujumand@illinois.edu','1996-12-10',1),('arjungautam8888','amit','8587573902','arjungautam8888@illinois.edu','1997-01-17',1),('armada207','Scott Mike','8147084412','armada207@illinois.edu','1990-10-14',1),('arshya','Arshya Lakshman','4207480973','arshya@illinois.edu','1990-09-07',1),('artofevan','Art of eVan','7805725997','artofevan@illinois.edu','2001-05-25',1),('ashdrxms','ash xx','3151760468','ashdrxms@illinois.edu','1999-01-30',1),('ashlyjbrooks','Ashly J Brooks','2087883159','ashlyjbrooks@illinois.edu','1994-03-20',1),('asiafilipinas','Asia Filipinas','7506309764','asiafilipinas@illinois.edu','1998-10-21',1),('asian_cumdumps','Asian CumDumps','7732597185','asian_cumdumps@illinois.edu','1997-11-25',1),('atifshah','Atif Ali Shah','7135499692','atifshah@illinois.edu','1997-02-01',1),('atirakhalisha','syerg','4244489815','atirakhalisha@illinois.edu','2000-03-20',1),('attilasvillains','jess&jess','2430028547','attilasvillains@illinois.edu','1995-12-14',1),('aufreebets','Free Bets Australia','8009011616','aufreebets@illinois.edu','1993-04-10',1),('aviram_loggie','Aviram Loggie','7750776568','aviram_loggie@illinois.edu','1999-11-25',1),('aye_rain','Lex Luthor Vandross','3955623062','aye_rain@illinois.edu','1997-07-10',1),('az_4_trump','AZ4Trump','6639695389','az_4_trump@illinois.edu','2005-05-18',1),('azizi_mustakim','Jiji Mustakim','7183035370','azizi_mustakim@illinois.edu','2001-06-12',1),('azzsam','sam','3365235986','azzsam@illinois.edu','2001-02-17',1),('b_reesey','Brian Reese','5855231122','b_reesey@illinois.edu','1997-12-29',1),('b0_s8_hx','NEW BOOK','8331594573','b0_s8_hx@illinois.edu','1999-12-29',1),('babesexpert','The Babes Expert','6320861514','babesexpert@illinois.edu','1997-02-11',1),('babosier','Lamotte Trompas','3868279135','babosier@illinois.edu','1992-07-27',1),('bahamasfilmgirl','Moya','3357266161','bahamasfilmgirl@illinois.edu','1995-08-12',1),('baldryvera','Vera Baldry','5144434410','baldryvera@illinois.edu','1996-08-30',1),('balram_insan','balram insan','3222461019','balram_insan@illinois.edu','1999-09-29',1),('barbroe','Barbara Roe','6491295197','barbroe@illinois.edu','1993-06-20',1),('barcadenigeria','FCBarcelona Nigeria','2848894907','barcadenigeria@illinois.edu','1994-06-22',1),('barcrusherboats','Bar Crusher Boats','7222734724','barcrusherboats@illinois.edu','2005-02-25',1),('barikris','Kristina','5780069290','barikris@illinois.edu','1990-08-28',1),('barishitay','Baris Hitay','6784707136','barishitay@illinois.edu','1990-12-30',1),('basedblob20666','JUWANNA MAN','8225487171','basedblob20666@illinois.edu','2005-05-11',1),('bates512','Bates','2419708279','bates512@illinois.edu','1997-06-27',1),('bazyjonesy','Baz Jones','6986030985','bazyjonesy@illinois.edu','2000-08-22',1),('bbingl','das Bild','5687650159','bbingl@illinois.edu','2003-11-12',1),('bcakoparati208','BC Ako','5215250978','bcakoparati208@illinois.edu','2004-12-18',1),('beem_team','Boricua en El Medio','4703749786','beem_team@illinois.edu','2000-05-25',1),('beingvishal11','#salman ka fan#','3995639424','beingvishal11@illinois.edu','1997-08-02',1),('belairof23','Quez','5004781515','belairof23@illinois.edu','1990-05-07',1),('bellohamzaa','Almajiri Revolution','7130611599','bellohamzaa@illinois.edu','2000-07-13',1),('benjamminmusic','Benjamin Jancewicz','4595166545','benjamminmusic@illinois.edu','1994-09-09',1),('berberkenan','Berber Kenan','4330849083','berberkenan@illinois.edu','1998-07-02',1),('bestgrierr','amy','8067863159','bestgrierr@illinois.edu','1994-02-21',1),('bfjimmy','Jimmy Walsh','6382216373','bfjimmy@illinois.edu','2000-02-02',1),('biafra_man','Free Nnamdi Kanu.','5142014801','biafra_man@illinois.edu','1992-02-03',1),('bialicagua1972','Vanessa Jacobson','7363328001','bialicagua1972@illinois.edu','2001-06-02',1),('bigbosssayvo','MostKnownUnknown','8275329407','bigbosssayvo@illinois.edu','1998-05-22',1),('bilbulbabe','Nel Matheson','5778947710','bilbulbabe@illinois.edu','1994-01-27',1),('billsvoice','Bill Rogers','4828381793','billsvoice@illinois.edu','1993-09-20',1),('billy_tully_13','Billy Tully','4073344950','billy_tully_13@illinois.edu','2003-02-01',1),('billyrachel1','BillyRachel','5198665350','billyrachel1@illinois.edu','2005-11-18',1),('binnsy_46','Mark','5993240500','binnsy_46@illinois.edu','2002-12-14',1),('bittersweet_nic','Nikola','7111116286','bittersweet_nic@illinois.edu','2002-02-02',1),('blancamiosi','Blanca Miosi','8551930352','blancamiosi@illinois.edu','1993-02-02',1),('blemmie','julie vanopdenbosch','2087819073','blemmie@illinois.edu','2002-02-10',1),('blessmadulid','Bless Madulid','2515319149','blessmadulid@illinois.edu','2005-05-13',1),('bobgiantz','Ares_lament','7335750561','bobgiantz@illinois.edu','1991-09-26',1),('bobin_james','Bobin James','5049187283','bobin_james@illinois.edu','1990-04-02',1),('bobtphly444','BobT','8523726221','bobtphly444@illinois.edu','2001-09-14',1),('boobsandprada','boobs and prada','5364207893','boobsandprada@illinois.edu','1994-10-06',1),('bradyhernandezx','Brady Hernandez','7636296780','bradyhernandezx@illinois.edu','1999-05-24',1),('brandonb1025','Brandon Bustamante','5662247654','brandonb1025@illinois.edu','1996-02-17',1),('bravehart60','judye','3023204389','bravehart60@illinois.edu','1999-02-10',1),('brendagoodson','brenda goodson','3613159245','brendagoodson@illinois.edu','1993-12-28',1),('brenthofmann1','brent hofmann','6451783436','brenthofmann1@illinois.edu','2005-08-09',1),('brewshirtclub','TappedLife','6461153186','brewshirtclub@illinois.edu','2001-12-29',1),('briannamathers','RICH HOMIE BRI','4936268097','briannamathers@illinois.edu','1994-06-10',1),('britabrookes','Brita Vija Brookes','3188376296','britabrookes@illinois.edu','2001-09-11',1),('britt_2legit','Brittany Ice Cold','2527771904','britt_2legit@illinois.edu','2003-02-10',1),('brookeinbows','Emmi Sproles','7192625861','brookeinbows@illinois.edu','1991-02-17',1),('browergrischa','Grischa Brower-R.','5323684125','browergrischa@illinois.edu','1992-11-10',1),('bryan_cleary','Bryan Cleary','3532084480','bryan_cleary@illinois.edu','1990-12-08',1),('bubbleboi_logan','Splenda Daddy','7452509411','bubbleboi_logan@illinois.edu','2002-09-06',1),('bubzi_boi','Black Clark Kent','2221156942','bubzi_boi@illinois.edu','1991-10-12',1),('budakkool','AthirahSyammimie','2665439715','budakkool@illinois.edu','1994-10-27',1),('businesssharer','BusinessSharer','8795352065','businesssharer@illinois.edu','2003-01-06',1),('bwayne','Bruce Wayne','8888888888','bwayne@illinois.edu','1986-09-17',3),('c_ajmani','Curtis Ajmani','7049182364','c_ajmani@illinois.edu','2002-01-12',1),('cachbbw','trubbw','4029390638','cachbbw@illinois.edu','2000-02-20',1),('cain_sanchez','Cain Sanchez','3162600568','cain_sanchez@illinois.edu','1991-05-21',1),('calley_c','Calley','6116738055','calley_c@illinois.edu','2005-04-01',1),('callme_tp','Kappa Mikey','8201555917','callme_tp@illinois.edu','1991-03-16',1),('callmegaia','gaia.','5382880774','callmegaia@illinois.edu','1998-03-29',1),('candy_rheanna','Cza Rina','4030052276','candy_rheanna@illinois.edu','1999-09-01',1),('canenv','N V #22','3061468095','canenv@illinois.edu','1998-01-19',1),('cardiffjournal','cardiffjournal','4966136725','cardiffjournal@illinois.edu','1997-07-06',1),('careerjett','careerjett.com','7162976199','careerjett@illinois.edu','1997-05-30',1),('carimachet','cari machet','3425573288','carimachet@illinois.edu','2002-01-06',1),('carltinkjr','tink','7061264368','carltinkjr@illinois.edu','1996-09-24',1),('carolscho','carol','7588919213','carolscho@illinois.edu','1994-02-02',1),('carolyncbarthel','Carolyn C. Barthel','2610774962','carolyncbarthel@illinois.edu','1998-10-09',1),('carpetbaby20','(Official) JAYLASELL','5283676223','carpetbaby20@illinois.edu','1996-11-15',1),('casz33','Seth Caswell','5985751589','casz33@illinois.edu','1995-04-11',1),('causewerave','Let\'s Rave','4463745339','causewerave@illinois.edu','2000-11-21',1),('cayfacagou530','Allen Justine','5357061382','cayfacagou530@illinois.edu','1995-01-25',1),('cb___gnv','sovogue','4517365759','cb___gnv@illinois.edu','1993-10-28',1),('cbts1','Cherry Tattoo Supply','5504775487','cbts1@illinois.edu','1993-07-14',1),('ccsalsberg','ccsalsberg','6778510477','ccsalsberg@illinois.edu','2004-10-17',1),('cerita_ayah','IG : Cerita_ayah','7574736568','cerita_ayah@illinois.edu','1999-04-25',1),('chadsaaiman','Chad Saaiman','3022431887','chadsaaiman@illinois.edu','2003-01-18',1),('charlessanfili1','charles san filippo','5194856427','charlessanfili1@illinois.edu','1998-11-30',1),('charlierichmond','Charlie Richmond','7965580166','charlierichmond@illinois.edu','1994-05-12',1),('charlottesogn','Charlotte Batson','7987780478','charlottesogn@illinois.edu','2005-10-21',1),('charmscatvlc','Catalonia Valencia','6831265819','charmscatvlc@illinois.edu','1998-06-04',1),('chattingcat','Sassidy','3818185467','chattingcat@illinois.edu','1998-03-15',1),('chazgunningham','Charlie Gunningham','8887978716','chazgunningham@illinois.edu','1991-05-08',1),('checkpointrnz','RNZ Checkpoint','4959377453','checkpointrnz@illinois.edu','2001-06-26',1),('chinadailyeu','China Daily Europe','7938723108','chinadailyeu@illinois.edu','1995-11-05',1),('chrisogilviesnr','fixMSM Chris Ogilvie','4197731944','chrisogilviesnr@illinois.edu','1996-05-01',1),('chrisralph_','Demascus Bambridge','3032734266','chrisralph_@illinois.edu','2005-02-02',1),('christiana_20','Krissi Montemayor','8411190017','christiana_20@illinois.edu','2000-11-24',1),('christo37303834','Christopher404','2707020378','christo37303834@illinois.edu','2003-10-23',1),('cikchyda','shahidah','5961416664','cikchyda@illinois.edu','1992-03-21',1),('cinbenfenati','Cintia Benfenati','2130752314','cinbenfenati@illinois.edu','2002-02-09',1),('cisn_jack','Jacqueline  Sweeney','6610308413','cisn_jack@illinois.edu','1995-06-03',1),('citieswelike','My Liveable City','5518873209','citieswelike@illinois.edu','2003-04-09',1),('city7tv','City 7TV','4600734655','city7tv@illinois.edu','1993-04-02',1),('cityogini','ruchi kapoor','5265922107','cityogini@illinois.edu','1990-10-15',1),('clarissapedrera','Clarissa Pedrera','5302497936','clarissapedrera@illinois.edu','1992-06-15',1),('claytonhenders2','GH','5760978725','claytonhenders2@illinois.edu','2000-10-24',1),('clibustwitch','Clibus','5175452281','clibustwitch@illinois.edu','1999-07-20',1),('clivemiriam','Miriam Clive','6595763432','clivemiriam@illinois.edu','1995-12-16',1),('cnjbromo','cnjbromo','6306933736','cnjbromo@illinois.edu','1999-08-02',1),('cnmcphee','Nicole McPhee','4565502111','cnmcphee@illinois.edu','1996-01-17',1),('cnni','CNN International','6861003007','cnni@illinois.edu','1994-07-22',1),('coachseahorn','Daniel Seahorn','6687458803','coachseahorn@illinois.edu','2004-12-17',1),('codeandcommand','CodeAndCommand','2142236883','codeandcommand@illinois.edu','2004-08-30',1),('coleroberts95','Coleyyyy','3772468426','coleroberts95@illinois.edu','2001-11-12',1),('coodyjl','Jeff Coody','3783420677','coodyjl@illinois.edu','1992-12-20',1),('cooking_r','The Taste of Aussie','3060562640','cooking_r@illinois.edu','1994-08-18',1),('cooper_marcus1','COOPER MARCUS','4334063908','cooper_marcus1@illinois.edu','1998-11-17',1),('corporatedigest','Corporate Digest','3737454664','corporatedigest@illinois.edu','2002-09-27',1),('corptropolis','CorpTropolis','7712379663','corptropolis@illinois.edu','2005-08-20',1),('crankedswift','cheyenne','4736585702','crankedswift@illinois.edu','1995-01-05',1),('crimbosocks','Kenny McDowall','3881596812','crimbosocks@illinois.edu','1992-08-09',1),('csabrad','Cindy Bradshaw','8350699325','csabrad@illinois.edu','1993-03-22',1),('csaraf2','Chinmay Saraf','4479020312','csaraf2@illinois.edu','1998-09-26',2),('cullenzawacki69','busta_grymes','3349562325','cullenzawacki69@illinois.edu','1992-02-06',1),('cuteirwin94','erinnnn','5707016427','cuteirwin94@illinois.edu','1995-07-28',1),('cuxehyviwoc','Badar Epine','8819470767','cuxehyviwoc@illinois.edu','1999-05-09',1),('cxtieharold','fweaky','6909175922','cxtieharold@illinois.edu','2005-11-13',1),('cynthiajdavenp3','Wendy R. Brown','2755138024','cynthiajdavenp3@illinois.edu','2000-10-02',1),('daddy_styles69','Harry\'s princess','3898295740','daddy_styles69@illinois.edu','1999-01-18',1),('dalethibodeaux','Dale thibodeaux','2406051505','dalethibodeaux@illinois.edu','2004-12-28',1),('daneshhr','Danesh R','5202091559','daneshhr@illinois.edu','1991-09-15',1),('danielairesking','Daniel Aires','7706310606','danielairesking@illinois.edu','2001-09-06',1),('danielasepa','Daniela Separovich','6073589993','danielasepa@illinois.edu','2002-07-27',1),('danmc2','Dan McGinn','3502376956','danmc2@illinois.edu','1990-08-25',1),('dar_dar470161','daniyal dar','7800907320','dar_dar470161@illinois.edu','1995-01-01',1),('datta_kugwe','Dattathreya Kugwe','5931778013','datta_kugwe@illinois.edu','1991-06-14',1),('dayanabaharin_','nd','5330721921','dayanabaharin_@illinois.edu','1994-08-30',1),('daytanszekely1','Young D','4650286304','daytanszekely1@illinois.edu','1990-04-11',1),('dbone_69','lord bone','8567393468','dbone_69@illinois.edu','2003-11-04',1),('dbs_78','dbs78','3216137552','dbs_78@illinois.edu','2002-11-01',1),('debdarkpetal','Deborah Tomasi','3784966021','debdarkpetal@illinois.edu','1993-03-30',1),('decaminada81','Hands','6759201698','decaminada81@illinois.edu','1993-09-22',1),('deejayprod','TG','3162579631','deejayprod@illinois.edu','1999-05-29',1),('delazorro','Cross n Die','3078407110','delazorro@illinois.edu','2005-07-13',1),('deltonaweather','Deltona Weather','8270518263','deltonaweather@illinois.edu','2003-01-02',1),('dennispeckmq','Dennis Peck','2534422207','dennispeckmq@illinois.edu','1999-04-11',1),('dens_ethan','Dennis Ethan','8758528784','dens_ethan@illinois.edu','2004-10-28',1),('dentistazah','Azah Muhd','8125746405','dentistazah@illinois.edu','1995-12-21',1),('deshbhakt77','Voice of Existence','7829369321','deshbhakt77@illinois.edu','1994-04-07',1),('destlnatlons_','World Destinations','2791040273','destlnatlons_@illinois.edu','1998-08-22',1),('devincallahan10','D. Callahan','5280730044','devincallahan10@illinois.edu','1994-12-26',1),('dgpetrie','Dan Petrie','8383703138','dgpetrie@illinois.edu','2004-07-03',1),('dhikesadis3','dhikeringer lainnya3','4009755365','dhikesadis3@illinois.edu','1997-09-17',1),('dhiraj1c','Dhiraj singh','8742169051','dhiraj1c@illinois.edu','1990-07-08',1),('didalondon','Didar Ahmed','7023280090','didalondon@illinois.edu','2004-07-30',1),('dikenokikucu','Shilo Dalwood','8179754017','dikenokikucu@illinois.edu','1998-07-09',1),('dilahweirdo','dilaaahb','2713398078','dilahweirdo@illinois.edu','1994-07-12',1),('dinaafitriana','Dina!!!','5724259597','dinaafitriana@illinois.edu','2003-11-28',1),('dinnidania','iBelieve','4574030887','dinnidania@illinois.edu','1999-04-02',1),('dittib_pcdm','itsvulture_season','4698354247','dittib_pcdm@illinois.edu','1996-02-29',1),('divasupermum','divasupermum','7810203142','divasupermum@illinois.edu','1990-01-05',1),('dividendnew24x7','Dividend News','8807575853','dividendnew24x7@illinois.edu','1999-06-19',1),('djdas','Dj Das','2788513506','djdas@illinois.edu','2000-10-17',1),('dlabrie','DLabrie','6336900457','dlabrie@illinois.edu','2005-04-30',1),('dloglesby57','Donna L. Oglesby','4773815814','dloglesby57@illinois.edu','1997-04-13',1),('dlphilippines','PhilippinesNewsLinks','7017871674','dlphilippines@illinois.edu','1997-08-26',1),('dodwinchester','Dod','5016423834','dodwinchester@illinois.edu','1998-04-05',1),('donnenhoffer1','Donnenhoffer','8315492907','donnenhoffer1@illinois.edu','1996-05-16',1),('donraul100','The Last Don','7579545052','donraul100@illinois.edu','2002-04-23',1),('donthatethegeek','Don\'t Hate the Geek','7560348136','donthatethegeek@illinois.edu','1998-12-09',1),('dootsie20','Dootsie Peltola','7108110892','dootsie20@illinois.edu','2002-06-18',1),('dorinesez','Dorine Mcdow','5389630097','dorinesez@illinois.edu','1998-03-01',1),('dowoonph','DowoonPH','5416247633','dowoonph@illinois.edu','1993-02-18',1),('dr_climate','DrClimate.com','7485496622','dr_climate@illinois.edu','1998-02-28',1),('droncoped','droncoped','4336085390','droncoped@illinois.edu','2002-11-24',1),('drvdev','Van de V','7026067936','drvdev@illinois.edu','2004-09-19',1),('dsweather','DS-Weather','2649383573','dsweather@illinois.edu','1997-07-26',1),('duke_stmamas','Duke St. Mamas','5377887733','duke_stmamas@illinois.edu','1990-04-01',1),('durhambacker','DurhamBacker','2277008242','durhambacker@illinois.edu','1998-08-10',1),('duthel','University Publisher','4879124516','duthel@illinois.edu','2003-08-22',1),('dutodesitat','Yaakovina Faunch','5842896972','dutodesitat@illinois.edu','2004-12-02',1),('dytfnpa','Mark Brosso Dytfnpa','3481465541','dytfnpa@illinois.edu','1994-06-05',1),('ebruforyou','Unutma','4060681423','ebruforyou@illinois.edu','1993-11-08',1),('echasera','eVe CHaSe','7238087716','echasera@illinois.edu','2000-06-11',1),('eezzyy01','Kuro','8108639350','eezzyy01@illinois.edu','1994-06-12',1),('ehismusa1','Ehis','3690408474','ehismusa1@illinois.edu','1999-10-03',1),('eissaahmed4','Ahmed','3858772009','eissaahmed4@illinois.edu','1993-07-27',1),('ekoonibajeooo','Lagosian','8063518639','ekoonibajeooo@illinois.edu','2003-08-17',1),('elaine94149937','Elaine','8472945051','elaine94149937@illinois.edu','1995-09-12',1),('elasha_farmer','sphs 18\'','2707183229','elasha_farmer@illinois.edu','1991-07-21',1),('eli5_reddit','Reddit ELI5','5676216900','eli5_reddit@illinois.edu','2005-10-10',1),('elisamarie223','EP','6007942331','elisamarie223@illinois.edu','1991-05-11',1),('eme_alb','Mercedes Albelda','7978909055','eme_alb@illinois.edu','2004-10-28',1),('emiratesproj','Emirates','4176384433','emiratesproj@illinois.edu','1999-10-23',1),('emmabisco','Emmabisco','5343814414','emmabisco@illinois.edu','2001-05-09',1),('emotional__man','Michelle BROWN','5776938926','emotional__man@illinois.edu','2003-04-06',1),('endunvyrantinie','Endun Vyrantinie.','6260029896','endunvyrantinie@illinois.edu','1992-07-23',1),('enlifeag','Enlife AG','4365645044','enlifeag@illinois.edu','1993-10-21',1),('enolamelyk','Kyle Malone','5913201190','enolamelyk@illinois.edu','1999-08-19',1),('enshtein_albert','Albert Enshtein','6388108566','enshtein_albert@illinois.edu','1996-02-06',1),('enuguhotspot','enuguhotspot','2977578912','enuguhotspot@illinois.edu','2005-06-02',1),('environmenlaw','Environmen Law','6619865616','environmenlaw@illinois.edu','1991-10-20',1),('epilepsysa','Epilepsy SA','6773337343','epilepsysa@illinois.edu','1998-03-06',1),('erian_a','Andrea Mazzocchetti','8821691242','erian_a@illinois.edu','2005-12-20',1),('eridoublec','ericc','5158249752','eridoublec@illinois.edu','1997-06-14',1),('erinyoung24','erin young','3151452324','erinyoung24@illinois.edu','2000-04-07',1),('erionveliaj','Erion Veliaj','8696516635','erionveliaj@illinois.edu','2003-11-22',1),('eromoegbejule','E. Egbejule','6444858602','eromoegbejule@illinois.edu','1992-08-27',1),('estherfsedman','Esther Flores Sedman','8606759813','estherfsedman@illinois.edu','1997-05-23',1),('eth4n77','Ethan','6712658168','eth4n77@illinois.edu','1997-03-23',1),('ethankell11','Ethan','2976143612','ethankell11@illinois.edu','1995-03-07',1),('etnowlive','ET NOW','3680274341','etnowlive@illinois.edu','1997-11-25',1),('evidenceaid','Evidence Aid','6312790969','evidenceaid@illinois.edu','2002-09-23',1),('evs_26','Zack Evans','6852142927','evs_26@illinois.edu','2004-11-16',1),('evstatic11','EV','7556971569','evstatic11@illinois.edu','1992-12-23',1),('ewancollinsee','Ewan Collins','4897879148','ewancollinsee@illinois.edu','2002-12-18',1),('eyesore42','John Loding','8047317862','eyesore42@illinois.edu','2002-11-30',1),('fakesbumtie','D.D. Watson','5377174739','fakesbumtie@illinois.edu','2004-02-03',1),('fancycomedy','Fancy Comedy','4459317261','fancycomedy@illinois.edu','2004-02-29',1),('faraa_ayien','Ain','2040591370','faraa_ayien@illinois.edu','2000-06-16',1),('fatimalexa__','Fatima caldera','4996715894','fatimalexa__@illinois.edu','2002-07-04',1),('fauxfleur','fauxfleur','3440305188','fauxfleur@illinois.edu','1994-02-02',1),('fbsdv','Standish de Vries','2291483158','fbsdv@illinois.edu','1993-09-22',1),('fccminneapolsi','FirstChristianMpls','3683867764','fccminneapolsi@illinois.edu','1990-04-05',1),('fckboyash_','Darcy','7954875360','fckboyash_@illinois.edu','2004-02-28',1),('feelitae','Vote for SHINee','4761383157','feelitae@illinois.edu','1991-09-03',1),('ferialhaffajee','Ferial Haffajee','4076642833','ferialhaffajee@illinois.edu','2000-05-30',1),('ferrjimenez','Nando','6298114494','ferrjimenez@illinois.edu','1995-08-18',1),('festindecuervo','Pau','7133807582','festindecuervo@illinois.edu','1998-01-04',1),('fewaxumadyxe','Shaker','5965460243','fewaxumadyxe@illinois.edu','1995-07-19',1),('fgc_bigbird','Adel','2972630790','fgc_bigbird@illinois.edu','2005-04-09',1),('fiidaus','Muhd Firdaus','3692660821','fiidaus@illinois.edu','1997-05-15',1),('filawumobewuju','Dyfnallt Jessop','5655601852','filawumobewuju@illinois.edu','1996-03-11',1),('findtrying','Chitra Pattnaik','8208091687','findtrying@illinois.edu','1992-01-27',1),('fionntyx','WARFUCKINGRIOR','4987262880','fionntyx@illinois.edu','1995-12-09',1),('fireflyraine','Dee','8201830751','fireflyraine@illinois.edu','2000-02-27',1),('fitzroy81','fitzroy','3022093092','fitzroy81@illinois.edu','2001-01-24',1),('flavormia','Mia [Flavor] Flow','7647539825','flavormia@illinois.edu','1996-09-23',1),('flawlessa_k','ASH. K.','4141342467','flawlessa_k@illinois.edu','1994-06-12',1),('flexxgotnext','Daddy Axe','8598820920','flexxgotnext@illinois.edu','2004-07-14',1),('focuson_ad','UDAY ALL DAY','6722176187','focuson_ad@illinois.edu','1991-12-13',1),('foleymusic2015','foley entertainment','7234246551','foleymusic2015@illinois.edu','1999-09-19',1),('forexrelvo','Bitcoin fxRevolution','5656246833','forexrelvo@illinois.edu','1995-11-14',1),('forextrareview','John Hall','5324241485','forextrareview@illinois.edu','1995-08-25',1),('franckbiyong1','Franck Biyong','4415677161','franckbiyong1@illinois.edu','2001-04-23',1),('free_media_hub2','Genocide in Syria','3367426928','free_media_hub2@illinois.edu','2000-11-21',1),('frielingbailey','B. Frieling-Bailey','8955298796','frielingbailey@illinois.edu','1994-08-08',1),('frogetteca','frogetteca','7961484799','frogetteca@illinois.edu','1998-06-27',1),('fruityknebels','Kate','6554227374','fruityknebels@illinois.edu','1995-06-19',1),('ftnadb','thinsie','7463947273','ftnadb@illinois.edu','1996-07-08',1),('fuckingbanknote','Jeffrie Bochenski','3987494962','fuckingbanknote@illinois.edu','1998-11-23',1),('futballg','Futball Galore','4235279294','futballg@illinois.edu','1999-04-21',1),('fuwozitozowe','Abidan Dickons','5707966229','fuwozitozowe@illinois.edu','1998-03-07',1),('fyrdausi','Fird','7199693575','fyrdausi@illinois.edu','1993-05-13',1),('g_maduabuchi','i am d true','5409199654','g_maduabuchi@illinois.edu','2002-12-01',1),('gabiangelsanche','HiiiPower','7608567203','gabiangelsanche@illinois.edu','1996-07-23',1),('gaetanburgio','Gaetan Burgio','6351351776','gaetanburgio@illinois.edu','2000-01-22',1),('ganakar','sanjeev','8332292881','ganakar@illinois.edu','2001-05-13',1),('gaxenuwigub','Ruca Afonso','8485087539','gaxenuwigub@illinois.edu','1990-11-02',1),('gayesmit','Gaye Smith','2402997946','gayesmit@illinois.edu','1994-07-21',1),('gearyfrank','Frank Geary','3044377184','gearyfrank@illinois.edu','1991-06-03',1),('geloryo','Glory','8547256872','geloryo@illinois.edu','1990-10-06',1),('genosmithnews','Geno Smith','8868848759','genosmithnews@illinois.edu','2005-04-22',1),('geoffhillitv','Geoff Hill','5555136810','geoffhillitv@illinois.edu','2000-04-23',1),('getreallux','Getrealluxury','7733954430','getreallux@illinois.edu','1992-12-10',1),('ghouliana','giuli','5604157511','ghouliana@illinois.edu','1993-12-07',1),('giditti','randomguy','6897157760','giditti@illinois.edu','2001-01-21',1),('gigi_stam','Gigi Stam','4738075024','gigi_stam@illinois.edu','1992-01-02',1),('gilberto57','gilberto57','8016537264','gilberto57@illinois.edu','2000-01-05',1),('gillian__deleon','G Money','5928947815','gillian__deleon@illinois.edu','2004-04-06',1),('ginger891022','Ginger Edberg','2909635897','ginger891022@illinois.edu','1991-07-30',1),('giriall','ALL ON RAAZ Giri','6974362331','giriall@illinois.edu','1999-10-11',1),('gjoptometrists','GJO','7613441656','gjoptometrists@illinois.edu','2003-12-29',1),('glent_za','Glen Thompson','4045897004','glent_za@illinois.edu','1999-03-01',1),('globalbabel','Tom Metcalfe','6566513571','globalbabel@illinois.edu','2002-02-22',1),('gmanews','GMA News','2328575432','gmanews@illinois.edu','2005-09-19',1),('gnfocus','Gulf News GN Focus','8191823892','gnfocus@illinois.edu','2005-01-06',1),('goblinmerchant','Bradley L Garrett','4236725194','goblinmerchant@illinois.edu','1995-07-14',1),('gomarlins_2000','GoMiami','8237606099','gomarlins_2000@illinois.edu','1996-07-11',1),('got2spd','George Gamez','8627529178','got2spd@illinois.edu','1996-11-12',1),('gothicmaldita','Aldub is Love','6556617786','gothicmaldita@illinois.edu','1999-11-09',1),('gousain','Go USA','2954873677','gousain@illinois.edu','1997-06-15',1),('gregoktaveceyp','greg oktavec','3216763008','gregoktaveceyp@illinois.edu','2001-01-02',1),('gregory_stat','Gregory_STAT','6608034442','gregory_stat@illinois.edu','2000-02-05',1),('gregorydundas1','gregory dundas','3779179676','gregorydundas1@illinois.edu','1996-05-24',1),('groonk','Hubert Motley, Jr','8452588392','groonk@illinois.edu','1997-01-21',1),('grv1000','Gaurav Chaudhary','2130195889','grv1000@illinois.edu','1996-01-16',1),('guide2tricks','A.r.Basith','5425162135','guide2tricks@illinois.edu','1991-04-14',1),('gunturmaverick','sackjetlee','8070225589','gunturmaverick@illinois.edu','1996-09-12',1),('gupta2dec','Rajendra kumar Gupta','7716674811','gupta2dec@illinois.edu','1990-06-05',1),('gwendolyncbosw2','Gwendolyn C. Boswell','3625996772','gwendolyncbosw2@illinois.edu','1995-04-02',1),('gypsy_jeffrey','_____','5567184409','gypsy_jeffrey@illinois.edu','2004-04-16',1),('haarriisson','Harrison','4854581059','haarriisson@illinois.edu','1994-10-08',1),('haestheman','wHAEtingfor089216','8643624001','haestheman@illinois.edu','2000-12-02',1),('hakeemmudasir','hakeem mudasir','7999715313','hakeemmudasir@illinois.edu','1999-02-17',1),('hamidakcali','Hamid Akcali','7211455630','hamidakcali@illinois.edu','1999-08-18',1),('hanadiiammar','Hanadi Ammar','8714747376','hanadiiammar@illinois.edu','1993-04-06',1),('harrypezz','beautiful','5745362181','harrypezz@illinois.edu','2000-04-15',1),('harryssunx','follow me harry','4858368788','harryssunx@illinois.edu','1993-07-26',1),('hassensienicht','Jessie','3550781494','hassensienicht@illinois.edu','1995-10-03',1),('hazelpage14','HazelPage','4351128863','hazelpage14@illinois.edu','1993-08-04',1),('headunder_water','Start Finish','2091196676','headunder_water@illinois.edu','1990-10-13',1),('helena_431','Helena','7628029267','helena_431@illinois.edu','1991-10-16',1),('hidefumif','Hide','2794082711','hidefumif@illinois.edu','1992-01-07',1),('hipsteryogi','Raj Palsingh','4452137935','hipsteryogi@illinois.edu','2003-02-16',1),('hiryuxiii','Hiryu K.','3212717564','hiryuxiii@illinois.edu','2004-09-11',1),('hoenjojo','HotNHard4Harold','4835052519','hoenjojo@illinois.edu','2004-08-10',1),('hollersandra','Sandra Holler','2706555526','hollersandra@illinois.edu','1994-02-21',1),('homecourtbias','frank(ie)','3065099755','homecourtbias@illinois.edu','1999-01-05',1),('homohulk','Homosaurus Flex','8667287513','homohulk@illinois.edu','2005-09-09',1),('hongxiubae','aze.pri','3614512452','hongxiubae@illinois.edu','1999-11-08',1),('horsingaroundla','Erin','4784725613','horsingaroundla@illinois.edu','1996-03-19',1),('hotelcomau','Hotel.com.au','5439175127','hotelcomau@illinois.edu','1993-07-10',1),('houdrew','GARZA','6667067515','houdrew@illinois.edu','1998-02-23',1),('htvmuslca','HTV MUSICA','4079573203','htvmuslca@illinois.edu','1996-05-02',1),('hummingbigbird','BigBird','6450823051','hummingbigbird@illinois.edu','1998-06-18',1),('huzzayn','Hussain','3585989430','huzzayn@illinois.edu','2004-10-16',1),('hype3sixty','hype3sixty','4894279264','hype3sixty@illinois.edu','1995-02-02',1),('hyrule_w4rrior','Christopher Robbin','5475463413','hyrule_w4rrior@illinois.edu','1999-04-13',1),('i_am_coello','Nelson Bangdela','2125172337','i_am_coello@illinois.edu','2003-02-12',1),('i_phil_u','Phillip Bickart','4290175130','i_phil_u@illinois.edu','1999-06-19',1),('iamaadi88','Aditya o_O','6403154059','iamaadi88@illinois.edu','1993-06-18',1),('iambeirye','Brian Engler','5066690482','iambeirye@illinois.edu','2004-09-21',1),('iambigthalafan','Thala..Thala daaa..','8357832943','iambigthalafan@illinois.edu','2002-08-28',1),('iambriseis_7','josie.','5393403402','iambriseis_7@illinois.edu','2003-10-13',1),('idknasra','nasra','4976205111','idknasra@illinois.edu','2003-12-27',1),('idksheldon_','agent mulder','2836889050','idksheldon_@illinois.edu','1995-12-07',1),('imadethatmyself','imadethatmyself.com','7164057967','imadethatmyself@illinois.edu','2004-05-14',1),('indopulse','Indo Pulse','3843631219','indopulse@illinois.edu','1998-02-23',1),('indriwwulan28','Ndull','2270185769','indriwwulan28@illinois.edu','1997-11-22',1),('ineeshadvs','Neeshad V S','4173229143','ineeshadvs@illinois.edu','1997-03-30',1),('infinityofde','Neta.','6067111732','infinityofde@illinois.edu','2004-02-12',1),('insandeepldh','Meet\'s Prince Deep','3472420376','insandeepldh@illinois.edu','1997-09-07',1),('insta_hamburg','Hamburg on Instagram','5042611583','insta_hamburg@illinois.edu','1993-05-22',1),('internethinduz','Karan Kommunal','5075913612','internethinduz@illinois.edu','1992-09-03',1),('iraknieuws','Irak Nieuws','2851545148','iraknieuws@illinois.edu','2002-10-04',1),('ireneksob','Irene Sobolov','2710316990','ireneksob@illinois.edu','1997-06-15',1),('isaiassxx','shark','4536940628','isaiassxx@illinois.edu','2002-02-17',1),('ishanprakash','Ishan Prakash','7602298185','ishanprakash@illinois.edu','1994-03-11',1),('ishqdmaria','Deep','3348553942','ishqdmaria@illinois.edu','1995-02-02',1),('isidoodles','Isi','4312909440','isidoodles@illinois.edu','1998-03-23',1),('istopper1','C.T.','5108230313','istopper1@illinois.edu','2001-10-27',1),('itsmeghaverma','Megha','2954845229','itsmeghaverma@illinois.edu','1991-04-17',1),('ivansidorenko1','Ivan Sidorenko','7439695663','ivansidorenko1@illinois.edu','1996-10-07',1),('iyabosarah','Iyabode olowojolu','4548964014','iyabosarah@illinois.edu','2005-08-09',1),('izajoker2812','OzzohRoslon','3675859079','izajoker2812@illinois.edu','1993-04-15',1),('izzystaymunchin','jefe','7262783785','izzystaymunchin@illinois.edu','1999-04-22',1),('j_drp','JDRP','4257875946','j_drp@illinois.edu','2001-04-07',1),('jacekdurkalec','Jacek Durkalec','6952097511','jacekdurkalec@illinois.edu','2001-01-29',1),('jacintasv','jacinta v','4992848787','jacintasv@illinois.edu','2005-04-28',1),('jackcapp1122','jack capp','7576840747','jackcapp1122@illinois.edu','1998-04-09',1),('jacquelinedsou4','UnitedVStand','6896415942','jacquelinedsou4@illinois.edu','2001-03-10',1),('jacquetanne','Anne-Alexia','6790554551','jacquetanne@illinois.edu','1991-02-14',1),('jamaica','jamaica','3121530726','jamaica@illinois.edu','1990-09-03',1),('jamesasexton','James Sexton','2361944469','jamesasexton@illinois.edu','1995-04-20',1),('jamesbrimacombe','James Brimacombe','6114903237','jamesbrimacombe@illinois.edu','1993-01-29',1),('jamesh97_','James','7824381301','jamesh97_@illinois.edu','1991-08-04',1),('jameslfrancis','Jim Francis','3456244713','jameslfrancis@illinois.edu','1995-09-08',1),('janajaiz','janajaiz','3667706824','janajaiz@illinois.edu','1996-02-23',1),('janblue555','Jan Jan','8848123084','janblue555@illinois.edu','2000-09-17',1),('jarrodsuber','jarrod suber','5834284026','jarrodsuber@illinois.edu','1998-01-13',1),('jatkat45','Jenice Tom','3433938467','jatkat45@illinois.edu','1993-03-13',1),('jayaa03','Indy','6600498206','jayaa03@illinois.edu','2000-01-01',1),('jaygking','ndayishimiye gilbert','3084976745','jaygking@illinois.edu','2003-09-13',1),('jaymiedels','Jaymmie','2606317402','jaymiedels@illinois.edu','1994-10-28',1),('jeaniemartelli','Gloria Pfefferle','3736436070','jeaniemartelli@illinois.edu','2002-01-08',1),('jeannine_c_','Jeannine Comeau','8121067550','jeannine_c_@illinois.edu','2004-06-23',1),('jennopper18','Jenna Nopper','7698218115','jennopper18@illinois.edu','1993-10-20',1),('jeromedruesne','Jerome Druesne','3872902208','jeromedruesne@illinois.edu','2001-09-23',1),('jesuscletus','BigBoysDontCry','3896837870','jesuscletus@illinois.edu','2002-04-14',1),('jet99999','Justin','7908978024','jet99999@illinois.edu','1997-12-22',1),('jhtallboy','jhtallboy','8095465315','jhtallboy@illinois.edu','2003-09-04',1),('jim_katz1','James Katz','3058060212','jim_katz1@illinois.edu','1994-01-02',1),('jimfacette','Jim Facette','2835811993','jimfacette@illinois.edu','2003-01-06',1),('jimmah_','Jimmy Allen','8437688841','jimmah_@illinois.edu','2001-06-06',1),('jinijack89','jini r shah','7803909417','jinijack89@illinois.edu','1997-07-26',1),('jinnspak','Jinn Pak','4168152925','jinnspak@illinois.edu','1998-06-22',1),('jjvwebb','Jed Webb','5760902787','jjvwebb@illinois.edu','2000-06-21',1),('jleichtner5','JamminJoe','5091708987','jleichtner5@illinois.edu','1991-09-25',1),('jmillz_','lil Mi','8149875601','jmillz_@illinois.edu','1994-12-13',1),('jmroberge','Jay Roberge','4093082750','jmroberge@illinois.edu','1996-07-16',1),('jobs__search','Jobs Board','3383851464','jobs__search@illinois.edu','1990-09-27',1),('jochen_mn','HJM','4887483576','jochen_mn@illinois.edu','1997-05-10',1),('joebobhi','Alex Wetzel','5901157894','joebobhi@illinois.edu','1991-11-03',1),('joerikalwij','Joeri Kalwij','3893307694','joerikalwij@illinois.edu','1999-09-18',1),('jojohunney','Jo','2840925849','jojohunney@illinois.edu','1990-07-04',1),('jonathan_joyce','Jonathan Joyce','6230802539','jonathan_joyce@illinois.edu','1996-04-08',1),('jonathanvan11','Ser Jon','8021006950','jonathanvan11@illinois.edu','1991-12-16',1),('jordanneely18','J Neely','6068284291','jordanneely18@illinois.edu','1998-06-27',1),('joshua__9','Joshua','2815888245','joshua__9@illinois.edu','1995-09-22',1),('journomayank','Mayank Aggarwal','5939784276','journomayank@illinois.edu','2003-12-27',1),('joyax07','Eden Joy Vistal','6111995505','joyax07@illinois.edu','2000-10-12',1),('jp_hitmen','Jason Pirie','8242308386','jp_hitmen@illinois.edu','1993-09-15',1),('jprequiro','J Piilani Requiro','4115328583','jprequiro@illinois.edu','1998-10-01',1),('jrctic_ebooks','jrctic ebooks','2941417227','jrctic_ebooks@illinois.edu','2001-10-03',1),('jt_mid_east','Middle East News','5202550235','jt_mid_east@illinois.edu','1990-11-04',1),('jts_1957','Maverick John','5395642495','jts_1957@illinois.edu','2000-05-18',1),('juan_skyline96','juan Fernandez','6707765069','juan_skyline96@illinois.edu','1991-10-28',1),('juicedzevs','Zevs','5134239165','juicedzevs@illinois.edu','1994-11-09',1),('juliaadamson4','JuliaAdamson','7948298337','juliaadamson4@illinois.edu','1992-11-22',1),('juliazalutskaja','Julia Zalutskaja','7398453999','juliazalutskaja@illinois.edu','1999-04-01',1),('jullietsl','Lue Irwin','4705279387','jullietsl@illinois.edu','2005-06-18',1),('junhyeok_sg','JunHyeok SG','3256001246','junhyeok_sg@illinois.edu','1995-04-17',1),('justicenyaude','Justice Nyaude','4142545588','justicenyaude@illinois.edu','1995-12-01',1),('justinmanis32','White Iverson','8178685118','justinmanis32@illinois.edu','2002-02-08',1),('justinsweitzah','Justin Sweitzer','7802579443','justinsweitzah@illinois.edu','1994-02-18',1),('justsayhelo','Just Say Helo!','7346149229','justsayhelo@illinois.edu','1990-01-10',1),('justwaynecamp','Wayne Camp','6112651098','justwaynecamp@illinois.edu','1993-01-27',1),('jwwatson1','J W Watson','4872888515','jwwatson1@illinois.edu','1998-07-14',1),('k_ban','Kaustav Banerjee','7874746289','k_ban@illinois.edu','1993-08-27',1),('kaileshrajdev','KaileshRajdev','3531819666','kaileshrajdev@illinois.edu','1994-04-27',1),('kaisy__','k.roshell','3603234063','kaisy__@illinois.edu','2000-06-25',1),('kakhidze20162','Jasper','6820104262','kakhidze20162@illinois.edu','1990-06-28',1),('kamarleystephen','Stephen Kamau M.','4151873841','kamarleystephen@illinois.edu','1996-03-15',1),('kamarul_izzat','kamarul izzat','3001524023','kamarul_izzat@illinois.edu','1998-06-09',1),('kamil36afna','kamilah real talk','3071532965','kamil36afna@illinois.edu','2001-12-02',1),('kangsseulgo','Red Lion','8292266517','kangsseulgo@illinois.edu','1998-09-13',1),('karan_mehta10','karan Mehta','2390139267','karan_mehta10@illinois.edu','1997-09-09',1),('katja_flores','Katja Flores','5121829625','katja_flores@illinois.edu','1995-12-28',1),('kattcreal1','Katt_Creal','2524777051','kattcreal1@illinois.edu','2002-06-21',1),('kay_alexis9','Kierstein!!','3994508334','kay_alexis9@illinois.edu','1993-05-04',1),('kazfoxy','Karen','3836454552','kazfoxy@illinois.edu','2001-10-18',1),('kbozi','Karen Bozicovich','5391898265','kbozi@illinois.edu','1994-08-06',1),('kehlbayern','Kehl Bayern','8788419365','kehlbayern@illinois.edu','2000-10-02',1),('kennections','Kenneth Manuel','4263904654','kennections@illinois.edu','1991-01-11',1),('kenyacoast','Swahili Coast','8461885814','kenyacoast@illinois.edu','1994-02-18',1),('kerryswainbank','Kerry','4110745809','kerryswainbank@illinois.edu','1990-01-21',1),('kerynr_artist','Keryn Robinson','6691994426','kerynr_artist@illinois.edu','2004-02-23',1),('kevincosna','KEVIN','6946553108','kevincosna@illinois.edu','1992-02-19',1),('kevinharvell','Kevin Harvell','3224857068','kevinharvell@illinois.edu','1998-01-03',1),('kevinwhyte87','Kevin Whyte','6759925858','kevinwhyte87@illinois.edu','1993-05-07',1),('kgisondi11','Kevin Gisondi','3709828718','kgisondi11@illinois.edu','1992-12-05',1),('khairulaqmal','Khairul Aqmal','8278628851','khairulaqmal@illinois.edu','2003-03-27',1),('khalifahbako','Skinny  Panda','3231158854','khalifahbako@illinois.edu','2003-08-24',1),('khanalpratik','Pratik Khanal','5278306292','khanalpratik@illinois.edu','2002-04-04',1),('kimballbainbri1','Kimball Bainbridge','2041159709','kimballbainbri1@illinois.edu','1997-12-04',1),('king_myers','Denzel Myers','8943615203','king_myers@illinois.edu','1997-06-16',1),('kingston_v','David Kingston','3363803573','kingston_v@illinois.edu','1994-01-07',1),('kingtsamuel13','Samuel Tarin III','6916058905','kingtsamuel13@illinois.edu','1994-11-14',1),('kinkyplier','lelli kelly,,8','4384134479','kinkyplier@illinois.edu','2001-05-19',1),('kkantbajpai','KK BAJPAI','6526515614','kkantbajpai@illinois.edu','1990-05-17',1),('kmccormack94','Katie McCormack','2542505594','kmccormack94@illinois.edu','1991-01-27',1),('knappyhour','n a i y a.','6090022390','knappyhour@illinois.edu','2005-08-30',1),('knottheend','Jane Gray','5639680056','knottheend@illinois.edu','1994-06-25',1),('knowlifemusic','Know Life','7363944468','knowlifemusic@illinois.edu','2005-05-16',1),('kounderground','korea underground','8154329616','kounderground@illinois.edu','1999-09-02',1),('krishnavenibe15','krishnavenisandhanam','5508153308','krishnavenibe15@illinois.edu','2005-06-05',1),('krykey','KryKey Premium Radio','2975421090','krykey@illinois.edu','2003-12-07',1),('ktj_loikk','Katja Loikkanen','7401960732','ktj_loikk@illinois.edu','2001-10-27',1),('ku5h4l','kushal','7366415422','ku5h4l@illinois.edu','1993-12-04',1),('kwararetweets','Kwararetweets','7580954303','kwararetweets@illinois.edu','2001-10-02',1),('kyiiejenher','Kylie Jenner','7351193293','kyiiejenher@illinois.edu','1992-07-24',1),('kylepettine','Kyle Pettine','8861768605','kylepettine@illinois.edu','1996-06-29',1),('kyliecaat','kylie brown','7534635643','kyliecaat@illinois.edu','1994-02-17',1),('l_aguila007','LA','4620898890','l_aguila007@illinois.edu','1995-03-26',1),('l_kianchong','- [KC] -','8018349521','l_kianchong@illinois.edu','2002-10-13',1),('lanas_regal','lanasevilregal','5622248460','lanas_regal@illinois.edu','2004-06-02',1),('langa_joshua','R.I.P Nzori 26.10.14','4855489255','langa_joshua@illinois.edu','1997-09-25',1),('larrycandycane','love u goodbye','6480693191','larrycandycane@illinois.edu','1998-06-13',1),('laskabot','Laska Bot','7406427507','laskabot@illinois.edu','1995-05-23',1),('lavionne','Joy','8956306945','lavionne@illinois.edu','2005-12-04',1),('laydbackcat','LBC','6199097976','laydbackcat@illinois.edu','1993-06-09',1),('lbgupta7','LBGupta','8447120969','lbgupta7@illinois.edu','2002-02-11',1),('ldydrums','DrumTzu','5510833415','ldydrums@illinois.edu','1997-09-06',1),('lebzaa15','Lebogang lebza','2484457017','lebzaa15@illinois.edu','2004-02-28',1),('ledrito','leandro kardashian','3016943250','ledrito@illinois.edu','2003-12-30',1),('lemickeli','Eli Lemick','8099917739','lemickeli@illinois.edu','2003-02-24',1),('leplan','Leplan','5812813834','leplan@illinois.edu','1993-01-21',1),('lesleymillercyp','Lesley Miller','4258427743','lesleymillercyp@illinois.edu','1996-11-22',1),('lianethompson','Liane Thompson','5590252403','lianethompson@illinois.edu','1992-05-23',1),('lifeofaroman','Roman Lorenzo','4427445362','lifeofaroman@illinois.edu','1995-12-25',1),('lifewaterlife','river','8808423769','lifewaterlife@illinois.edu','2001-10-28',1),('liluh1','ARTesana','7728475838','liluh1@illinois.edu','1992-05-25',1),('lindzym','Ms. Cain','8982897736','lindzym@illinois.edu','1991-08-06',1),('lishington1','Lish UNLEASHED','8939689346','lishington1@illinois.edu','1991-04-14',1),('livloolivloo','Olivia Escobedo','4886905814','livloolivloo@illinois.edu','1993-10-04',1),('lloydnare','King Lloyd','4191405410','lloydnare@illinois.edu','2004-11-24',1),('lmbokoma','ndifuna uPasser','3729648815','lmbokoma@illinois.edu','1993-01-10',1),('lmocase','langa mocase','8270377195','lmocase@illinois.edu','1995-10-02',1),('lnmcglwn848','Lena Mcglown','3928249219','lnmcglwn848@illinois.edu','2005-11-27',1),('lnyambai','linda nyambai','6466147410','lnyambai@illinois.edu','2005-08-30',1),('lois775025','Lois Laymon','6416509449','lois775025@illinois.edu','2003-07-05',1),('loogunda','English Lugansk','7189080382','loogunda@illinois.edu','2004-03-19',1),('looncall7','LoonCall','2674964588','looncall7@illinois.edu','2000-12-07',1),('lorensantiago80','Loren Cortez','8359776941','lorensantiago80@illinois.edu','2001-06-13',1),('loriewimble','Lorie Wimble','6686117061','loriewimble@illinois.edu','2005-03-24',1),('losangelespics6','Los Angeles Pics','4830155285','losangelespics6@illinois.edu','1999-09-16',1),('lotusbuddhababa','Saji','6551115617','lotusbuddhababa@illinois.edu','1997-12-28',1),('ludabit','Chidubem','6060597380','ludabit@illinois.edu','2000-03-22',1),('lukkaewsone','lukkaewsone','6847384037','lukkaewsone@illinois.edu','1993-09-19',1),('lunaclaveria','Luna Claveria','6299195833','lunaclaveria@illinois.edu','2005-06-01',1),('luwedge','Chris','6277199633','luwedge@illinois.edu','2003-09-28',1),('lwsullivan','Laurie Wrye Sullivan','3628981876','lwsullivan@illinois.edu','1990-09-26',1),('lynnqunns','natasja 13','6115185144','lynnqunns@illinois.edu','2002-07-25',1),('mahmoodkhan','mahmood khan','7006887330','mahmoodkhan@illinois.edu','2002-08-08',1),('mainstreamedia','Mainstreamedia','5206827093','mainstreamedia@illinois.edu','2000-02-29',1),('majordougman','Major Doug','5025826111','majordougman@illinois.edu','2002-11-07',1),('makewaymusic','MakeWayMusic','5324279624','makewaymusic@illinois.edu','1992-07-16',1),('march2024','RAINA','8829370491','march2024@illinois.edu','1997-08-28',1),('marcowodopia','Marco Wodopia','2180576658','marcowodopia@illinois.edu','1993-11-20',1),('marctheshark111','Marc Robinson','4869341362','marctheshark111@illinois.edu','1997-01-23',1),('margmccrohon','Margaret McCrohon','3029804701','margmccrohon@illinois.edu','1991-11-15',1),('marialaurio','ennaxsLovesALDUB','2471915766','marialaurio@illinois.edu','1999-04-20',1),('mariamalsaif','Mariam Al Saif','3736914378','mariamalsaif@illinois.edu','1992-08-11',1),('mariamstrongms','Davidstrong18@gmail.','2308964408','mariamstrongms@illinois.edu','1997-11-13',1),('marina__o_o','marina','2979050089','marina__o_o@illinois.edu','2003-07-21',1),('markresearch2','Market Research','4079821167','markresearch2@illinois.edu','1991-09-06',1),('marleneordaz5','Marlene','3007041505','marleneordaz5@illinois.edu','2001-06-23',1),('marsbridesveil','marino4ka','3468997730','marsbridesveil@illinois.edu','1998-10-19',1),('martymtweets','Marty Miller','7029630523','martymtweets@illinois.edu','1994-07-21',1),('maseinguilherme','Guilherme','8211645218','maseinguilherme@illinois.edu','1997-05-13',1),('mason849','mason','5843557737','mason849@illinois.edu','2000-06-02',1),('mattdewees11','matt dewees','7505910606','mattdewees11@illinois.edu','1991-06-12',1),('mattgross33','matt gross','8807392751','mattgross33@illinois.edu','1993-06-20',1),('matthew1hunter','Matthew Hunter','4897144028','matthew1hunter@illinois.edu','2004-12-25',1),('maua_jimmison','Jimmilaa','2277910705','maua_jimmison@illinois.edu','2004-12-20',1),('maulikpatel_mb','Maulik_Patel','2477039459','maulikpatel_mb@illinois.edu','2000-06-25',1),('maverick1914','Ravens :\'(','5008760237','maverick1914@illinois.edu','1999-09-17',1),('mavros35169','ozzy','8951453397','mavros35169@illinois.edu','2003-12-06',1),('mbrlydnkr61','Amberly Danker','8393966108','mbrlydnkr61@illinois.edu','1996-04-07',1),('mcbmeubels','mcb meubels','2052531804','mcbmeubels@illinois.edu','2000-10-29',1),('mcshea1','Michael Shea','2900172003','mcshea1@illinois.edu','1990-09-03',1),('mdjvillarroel','Martin Villarroel Ar','7018575373','mdjvillarroel@illinois.edu','1994-01-05',1),('medcruiseguide','Med Cruise Guide','2251324698','medcruiseguide@illinois.edu','1990-05-15',1),('medicenes','Syazwani Wasli','4012679789','medicenes@illinois.edu','2003-09-11',1),('meg_mackenzie_','Meghan','8429195006','meg_mackenzie_@illinois.edu','2001-04-08',1),('megaapriyanti9','Mega Apriyanti','4444496088','megaapriyanti9@illinois.edu','1997-06-10',1),('meghaghosh','Em','3721049275','meghaghosh@illinois.edu','1990-08-25',1),('megmarie64','Meg','8111071399','megmarie64@illinois.edu','2002-12-29',1),('melanieperez867','Melanie Perez','5209567526','melanieperez867@illinois.edu','1992-01-06',1),('melissawarfield','Melissa Warfield','5673968835','melissawarfield@illinois.edu','2005-06-15',1),('meonajourney','Leigh','4307139490','meonajourney@illinois.edu','1996-06-01',1),('meongh100','MeOnGh','7787220512','meongh100@illinois.edu','2003-10-16',1),('meredithmfranc5','Meredith M. Francis','5306123583','meredithmfranc5@illinois.edu','1999-04-25',1),('mgcmybabe','#1 invisible stan','4017334780','mgcmybabe@illinois.edu','2004-10-13',1),('mhs95','wala','7227254607','mhs95@illinois.edu','1999-09-20',1),('miami_news7','Miami News','3429621683','miami_news7@illinois.edu','1991-01-21',1),('miarxo','king gold chains','6610767198','miarxo@illinois.edu','2002-12-17',1),('michellecg16','Michelle CG','4739308180','michellecg16@illinois.edu','1996-03-09',1),('michellex_3','Michelle','3769888953','michellex_3@illinois.edu','1994-06-05',1),('mightytraplord_','NYG 5-4 LSU 7-1','2338075292','mightytraplord_@illinois.edu','1998-04-02',1),('mika0562','Abhishek Singh','2631447168','mika0562@illinois.edu','1990-01-22',1),('mikaylaaarae','Mikayla Underhill','2988334294','mikaylaaarae@illinois.edu','1999-12-24',1),('mikaylareneee','Mikayla','4809705960','mikaylareneee@illinois.edu','1991-02-11',1),('milevalue','MileValue','3320600022','milevalue@illinois.edu','1994-07-12',1),('milk777milk7','MILK','2987533425','milk777milk7@illinois.edu','1992-08-23',1),('misshazlee','shaz','8510884260','misshazlee@illinois.edu','2004-01-15',1),('missmerl_','Merl Nicholas','7949278913','missmerl_@illinois.edu','2005-11-04',1),('missophia2015','sophia','2740188267','missophia2015@illinois.edu','1997-02-01',1),('missyflash','Hootie McBoob','5236563625','missyflash@illinois.edu','2002-01-16',1),('mitarank','Top 100 Album Songs','8854228657','mitarank@illinois.edu','1995-04-26',1),('mixoneddlovato','confident.','6575477592','mixoneddlovato@illinois.edu','2004-07-10',1),('mkalte666','mkalte666','6550005628','mkalte666@illinois.edu','1993-08-12',1),('mobileapprevolt','RENEGADE REVOLT','8993599581','mobileapprevolt@illinois.edu','1997-02-08',1),('mohsinmalvi19','Mohsin Alvi','4162511942','mohsinmalvi19@illinois.edu','2002-10-09',1),('morenojacobomo3','highly luscious deal','7380729361','morenojacobomo3@illinois.edu','1994-03-16',1),('morgaangie','baby xi!','8600286343','morgaangie@illinois.edu','1997-02-10',1),('mr_soloflight','NOV 8','5538781140','mr_soloflight@illinois.edu','1992-12-02',1),('mrmcsunnyboy','TheRetweetDude :)','2832135544','mrmcsunnyboy@illinois.edu','1992-01-12',1),('mrnoahitall','Mr. NoahItALL!','4176588124','mrnoahitall@illinois.edu','1994-01-18',1),('mrvvipak','The VVIP','7824639440','mrvvipak@illinois.edu','2004-10-11',1),('mskanyegenya','Nyambura','8482856204','mskanyegenya@illinois.edu','2005-09-06',1),('much_man','MUCH147','3249251723','much_man@illinois.edu','2003-07-25',1),('mukziey','Muke Phakathi','2435021281','mukziey@illinois.edu','1997-10-02',1),('munsinglaw','MunsingLaw','8428145341','munsinglaw@illinois.edu','2003-06-23',1),('myoutletsghh','My Outlets','4583775201','myoutletsghh@illinois.edu','1995-05-11',1),('myrettanababan','meyretta pratiwi s.','6524602913','myrettanababan@illinois.edu','1999-07-01',1),('myroommatekarl','Peruvian White','8862219668','myroommatekarl@illinois.edu','1996-10-16',1),('mystokedlife','Stokes','8994309164','mystokedlife@illinois.edu','1990-12-12',1),('myworldjalisco','MY WORLD JALISCO','5363632288','myworldjalisco@illinois.edu','1993-03-21',1),('n0n0t0','Nonoto','4939582616','n0n0t0@illinois.edu','2002-02-23',1),('nadhianov_','Nadhia Novitasari','2940267588','nadhianov_@illinois.edu','1995-07-20',1),('nadiaka786','Nadia K. Ahmad','5432507521','nadiaka786@illinois.edu','1996-01-09',1),('nadjacydney','nadja','4884652641','nadjacydney@illinois.edu','1998-01-22',1),('nafeesasyeed','Nafeesa Syeed','8252826603','nafeesasyeed@illinois.edu','1991-07-23',1),('nahanni_','Nahanni','6005025629','nahanni_@illinois.edu','1995-11-01',1),('naitousa','NaitoUSA','4583768071','naitousa@illinois.edu','2003-06-21',1),('nandar_iman','Winandar Iman','6734962343','nandar_iman@illinois.edu','2001-07-18',1),('natabaalo','Grace Natabaalo','2172781777','natabaalo@illinois.edu','1995-06-18',1),('naturalhigh_','queen','6113513893','naturalhigh_@illinois.edu','1994-09-05',1),('natzumi27','gyuEyes','7694245583','natzumi27@illinois.edu','1999-05-12',1),('nazniman','Naz .','2233637923','nazniman@illinois.edu','1992-12-16',1),('nazrinsyafiq89','Nazrin Syafiq','5051464411','nazrinsyafiq89@illinois.edu','1994-06-01',1),('ndinlnd','Enedina Lande','8399867288','ndinlnd@illinois.edu','2004-12-13',1),('ndwrrn969','Nada Warren','7038427995','ndwrrn969@illinois.edu','2002-05-30',1),('nekobuta11','nekoneko','5149844813','nekobuta11@illinois.edu','1995-03-04',1),('newbrxkenscenex','5$O$ | 189 days !','4457874954','newbrxkenscenex@illinois.edu','1997-02-03',1),('newsfeit','newsfeit','2858589082','newsfeit@illinois.edu','2003-05-24',1),('niallmcilroy','Niall McIlroy','7991191242','niallmcilroy@illinois.edu','2003-01-15',1),('nicksouder106','Nick souder','5862240393','nicksouder106@illinois.edu','1997-03-30',1),('niesaahmad','cha kobain','4159362662','niesaahmad@illinois.edu','1990-02-28',1),('nikosm_ir','NGM','2803431981','nikosm_ir@illinois.edu','1993-06-15',1),('nirvnoana','Ana','4191453959','nirvnoana@illinois.edu','1990-02-21',1),('nobanonjud','#NoBanOnJUD','2488766380','nobanonjud@illinois.edu','1996-04-26',1),('noflashsansiris','NoFlashWithoutIris','5767723523','noflashsansiris@illinois.edu','2004-06-02',1),('noir_0207','Noir','7196337155','noir_0207@illinois.edu','1990-10-22',1),('nonaharman','Nona','2635622446','nonaharman@illinois.edu','1990-05-11',1),('notjulianedels','Not Julian Edelman','4863773485','notjulianedels@illinois.edu','2001-07-27',1),('nowplayxmusic','XMusicOnline','4128174709','nowplayxmusic@illinois.edu','1996-01-27',1),('nsevencan61','nurullahsevencan','7002639506','nsevencan61@illinois.edu','2003-01-24',1),('nwatudaniel','Daniel  Nwatu','6858233233','nwatudaniel@illinois.edu','2001-01-24',1),('nycsportslaw','BalmerBlack Sports','3240648116','nycsportslaw@illinois.edu','1994-04-22',1),('nzkanivapacific','NZ Kaniva  Pacific','3438636693','nzkanivapacific@illinois.edu','2000-07-28',1),('od_king','Battousai Auditore','7308303196','od_king@illinois.edu','1997-09-25',1),('ohshotz','Rashaad','5757893073','ohshotz@illinois.edu','1994-01-04',1),('oliviaclark047','Olivia Clark','6856218136','oliviaclark047@illinois.edu','1994-05-11',1),('omgitsmikemars','Blessed','7023475005','omgitsmikemars@illinois.edu','1997-12-09',1),('onlyday6','Everyday','2094704688','onlyday6@illinois.edu','1997-10-22',1),('origanalist','Origanalist','3919871312','origanalist@illinois.edu','1997-03-25',1),('oroomleb','The Orange Room','2223930119','oroomleb@illinois.edu','1993-03-19',1),('osintzone','OsintZone','8821824957','osintzone@illinois.edu','1993-12-01',1),('otaku_brony','Demetrius Coleman','6514220583','otaku_brony@illinois.edu','2002-07-17',1),('owenbreon','owen breon','3517976036','owenbreon@illinois.edu','2004-11-11',1),('owlabye978','Al Williams','8239731034','owlabye978@illinois.edu','2002-07-02',1),('ownlyvibes','Rich','8913252427','ownlyvibes@illinois.edu','1996-11-26',1),('oyalea_','Oyale','6396401731','oyalea_@illinois.edu','2001-09-10',1),('palaciojonas3','highly opulent offer','5505944306','palaciojonas3@illinois.edu','2004-02-25',1),('palmchi','holaaaaa','5743778848','palmchi@illinois.edu','2000-10-28',1),('panacheprince','PANACHE#panachemusic','8067795043','panacheprince@illinois.edu','1999-05-29',1),('panivpatil','Kunal S Patil*','2879608087','panivpatil@illinois.edu','2001-03-11',1),('panzer0821','Jorge Luis','5454581281','panzer0821@illinois.edu','1996-12-25',1),('pareshp94866251','Paresh','2055887447','pareshp94866251@illinois.edu','1993-03-24',1),('parker0505','Parker Jenkins','2268183872','parker0505@illinois.edu','2003-11-19',1),('passdriving1','Pass Driving','4471362980','passdriving1@illinois.edu','1999-07-05',1),('patriciangle','Patricia','5098654371','patriciangle@illinois.edu','2005-04-17',1),('pauloosting','Paul Oosting','7808474114','pauloosting@illinois.edu','2004-11-07',1),('pcb_cricket_pk','SaHoD_GrOuP','5569591776','pcb_cricket_pk@illinois.edu','1990-03-14',1),('pentaholicsaus','SOPHIE','4953266414','pentaholicsaus@illinois.edu','2002-09-03',1),('pet_julia','Julia Petrou','6692816851','pet_julia@illinois.edu','1992-02-09',1),('pfgun0','Patrick Gunning','5638570265','pfgun0@illinois.edu','2004-03-07',1),('pfz817paukhoy','pauk hoy','8064478094','pfz817paukhoy@illinois.edu','2003-10-20',1),('phantilador','arthur','8545249174','phantilador@illinois.edu','2005-02-23',1),('pherae_le_sann','Pherae Le Sann','7269484952','pherae_le_sann@illinois.edu','1996-11-03',1),('philliesorca','Jackie','6285627684','philliesorca@illinois.edu','1992-11-16',1),('phillyalertnews','Philly Sports News','7484288346','phillyalertnews@illinois.edu','1992-08-17',1),('philmelnik','philip melnik','7924677907','philmelnik@illinois.edu','1991-03-28',1),('pialfapi314','alfa pi','4714923958','pialfapi314@illinois.edu','2002-11-21',1),('piercingheart','Ava Thorne','4340757640','piercingheart@illinois.edu','2002-08-09',1),('pirhoo','Pierre Romera','4594406318','pirhoo@illinois.edu','1991-01-16',1),('pjthoughtproces','1 Dope Chick','8009946167','pjthoughtproces@illinois.edu','2005-11-11',1),('placesoflight','Places of Light','2906343956','placesoflight@illinois.edu','2005-05-09',1),('plrates','PIRATES','7960761436','plrates@illinois.edu','1995-12-28',1),('pmuyombano','Peter Muyombano','2814529477','pmuyombano@illinois.edu','2001-01-12',1),('polarnanuk','Nanuk #OpKillingBay','6370530339','polarnanuk@illinois.edu','1998-10-30',1),('politicswarblog','Jeff H','6786813113','politicswarblog@illinois.edu','1990-05-03',1),('pornhashtag69','pornhashtag','4942192513','pornhashtag69@illinois.edu','2003-10-26',1),('porscheclassy','PorscheClassy Media','6561727059','porscheclassy@illinois.edu','2003-12-18',1),('potato_wingd','Ananya','6046324273','potato_wingd@illinois.edu','2000-09-08',1),('pranayrayv','Pranay Ray','7250814802','pranayrayv@illinois.edu','1994-07-20',1),('prayapp','Pray App','7989999243','prayapp@illinois.edu','1995-05-23',1),('premierenenus','Premiere Menus','6094781509','premierenenus@illinois.edu','2005-05-21',1),('prettykah_','tikah.','8240012668','prettykah_@illinois.edu','2004-06-23',1),('prididdy_','priya','3294987857','prididdy_@illinois.edu','2004-05-14',1),('prince_hanbinie','KIN5S QUEE4S PR7NCES','7090241529','prince_hanbinie@illinois.edu','1991-02-09',1),('profcarbo728','jovana','5738010106','profcarbo728@illinois.edu','1994-11-14',1),('prophesyof609','Rich Swank','4170903616','prophesyof609@illinois.edu','1991-04-02',1),('provenpestcontr','Sydney What\'s Doin?','8299050027','provenpestcontr@illinois.edu','1996-08-24',1),('puspa_cfc','Angus Young','5399928071','puspa_cfc@illinois.edu','2001-10-06',1),('pzychodc','PzYcho','6168109139','pzychodc@illinois.edu','2002-12-05',1),('qualfoijuniu','Junior Barcelos','7785143101','qualfoijuniu@illinois.edu','1991-09-16',1),('rachel_dz','Rachel Dzanashvili','3808188703','rachel_dz@illinois.edu','2001-02-11',1),('rachel_jsa','Rachel Sandalow-Ash','7744187282','rachel_jsa@illinois.edu','2002-07-11',1),('rachithsridhar','Dr. Rachith Sridhar','7297755518','rachithsridhar@illinois.edu','2004-03-07',1),('racingtweets1','Racing Tweets','4219522558','racingtweets1@illinois.edu','1992-11-16',1),('radioessexnews','Radio Essex Newsroom','7614099947','radioessexnews@illinois.edu','2003-11-29',1),('radiountar','Radio UNTAR','3308556084','radiountar@illinois.edu','2004-05-15',1),('rajdeep123','RAJDEEP123','4780106208','rajdeep123@illinois.edu','1995-01-18',1),('ranjan_rkp','kumar Ranjan','8635000822','ranjan_rkp@illinois.edu','2000-11-21',1),('ranthonylemke','Anthony Lemke','6046003173','ranthonylemke@illinois.edu','1993-04-03',1),('rasheedsworld','Rasheed Abou-Alsamh','3636747446','rasheedsworld@illinois.edu','2003-07-22',1),('rauhallinen','Matti','5884300321','rauhallinen@illinois.edu','2004-07-01',1),('raythegrouch','Mondo','6524331027','raythegrouch@illinois.edu','1998-09-18',1),('rcp123456','Just Me.Rachel.(IMP)','4574001489','rcp123456@illinois.edu','2000-06-24',1),('redearthz','mayura','4670747909','redearthz@illinois.edu','2005-07-11',1),('redhalf','The Red Half','8526175461','redhalf@illinois.edu','1998-02-18',1),('reflectionoia','nicki PURPOSE','3554318190','reflectionoia@illinois.edu','2001-08-29',1),('renjitweets','Renjith Nair','8250776809','renjitweets@illinois.edu','2004-08-22',1),('revival1924','Majid Hussain','5464572316','revival1924@illinois.edu','1998-10-04',1),('revolutweets','RevoluTweet','6591259899','revolutweets@illinois.edu','1997-10-16',1),('rexuvipyrupu','Ainsley Matterson','2321726584','rexuvipyrupu@illinois.edu','1991-09-27',1),('rg18','Rishabh Garg','4479020651','rg18@illinois.edu','1997-04-04',2),('rgrabel5','Moose','5734779431','rgrabel5@illinois.edu','1995-05-29',1),('rhobsessed','RHObsessed','6339007143','rhobsessed@illinois.edu','2000-03-09',1),('rhonaabila','rhona.abila','4758801664','rhonaabila@illinois.edu','1999-03-24',1),('ride_tha_tiger','Anthony Sutherlin','5899244051','ride_tha_tiger@illinois.edu','1991-12-10',1),('rjber15','RJ Brassfield','3193986400','rjber15@illinois.edu','1992-07-16',1),('rkehmeier','Rod Kehmeier','8673963272','rkehmeier@illinois.edu','2004-11-25',1),('rkodominic','tominiki','2231482142','rkodominic@illinois.edu','1990-10-28',1),('rlalas','razaq  lalas','7350218413','rlalas@illinois.edu','1999-01-30',1),('rleefineagain','Mr. RLeeFine','2203430062','rleefineagain@illinois.edu','2005-12-06',1),('robertgammon','Robert Gammon','2166211284','robertgammon@illinois.edu','1999-12-09',1),('robinmeske','Tory Brewer','5262797149','robinmeske@illinois.edu','2003-11-26',1),('robinpro84','Robin P','3749650316','robinpro84@illinois.edu','1996-02-10',1),('rodgerseatm','The Rodgers','5535781297','rodgerseatm@illinois.edu','1992-11-30',1),('rom1520','Unengaged Unreached','8900683106','rom1520@illinois.edu','1993-10-14',1),('rosegoldgrassi','take me home tay','7661198485','rosegoldgrassi@illinois.edu','1992-09-19',1),('rottoturbine','RottnestWindTurbine','7406902955','rottoturbine@illinois.edu','1997-08-29',1),('rsharma027','Rahul','3246670836','rsharma027@illinois.edu','2001-10-11',1),('rudolphjjacobs','Rudolph Jacobs','6465230221','rudolphjjacobs@illinois.edu','1999-02-01',1),('rudolphlohmeyer','Rudolph Lohmeyer','8955675811','rudolphlohmeyer@illinois.edu','1996-01-14',1),('rudycisne','Rodolfo Cisneros','2963447455','rudycisne@illinois.edu','2000-04-10',1),('ruthwmunyi','Ruth Munyi','8087511593','ruthwmunyi@illinois.edu','1993-02-08',1),('ryandanielatt','Ryan Daniel','3751607485','ryandanielatt@illinois.edu','1997-04-21',1),('ryanfelsman','Ryan Felsman','7076055180','ryanfelsman@illinois.edu','1994-10-09',1),('rzhprmdz','Rezha Premadiaz','4528282002','rzhprmdz@illinois.edu','1998-08-23',1),('sabine_dhbw','sabine_dhbw','4140630862','sabine_dhbw@illinois.edu','2003-03-02',1),('safeerabbaspk','Safeer Abbas','3282167915','safeerabbaspk@illinois.edu','1990-02-11',1),('saiduml','Sancha','6747574499','saiduml@illinois.edu','2001-08-10',1),('sainathappagoni','Sainath Appagoni','5235898511','sainathappagoni@illinois.edu','2003-03-25',1),('sajjadtarakzai','Sajjad Tarakzai','8697233625','sajjadtarakzai@illinois.edu','1999-01-09',1),('saketsj2','Saket Jajoo','4479020563','saketsj2@illinois.edu','1998-09-26',2),('sakitty_ptx','Sakitty','2520593635','sakitty_ptx@illinois.edu','1996-06-05',1),('salonesabil','Isabel Brooks','8791814345','salonesabil@illinois.edu','2005-08-23',1),('saltyphone','saltyphone','3244760982','saltyphone@illinois.edu','1990-03-12',1),('samaraman123','Raman Sama','5032857166','samaraman123@illinois.edu','2005-05-22',1),('samcyliax','Sam Cyliax','2057260850','samcyliax@illinois.edu','1992-05-09',1),('sameerkarvemt','sameer karve','6746198281','sameerkarvemt@illinois.edu','1993-01-30',1),('sami1laine','Sami Laine','6552507138','sami1laine@illinois.edu','2000-08-11',1),('samuelbaker67','sam','5097845865','samuelbaker67@illinois.edu','1997-03-14',1),('sandra_harris','Sandra Harris','3207255802','sandra_harris@illinois.edu','1995-01-07',1),('sani_07','muhammed s saidu','2037815102','sani_07@illinois.edu','2001-06-08',1),('sanjamregmi','Sanjam Regmi','3952043267','sanjamregmi@illinois.edu','1990-12-04',1),('satrending','South Africa Trends','4409098744','satrending@illinois.edu','1992-11-20',1),('savicevic1973','dennys oliver romero','2009381868','savicevic1973@illinois.edu','1990-04-02',1),('saywellness2','Changing Wellness','3194213887','saywellness2@illinois.edu','2000-10-20',1),('scarlettwarrior','Adrian Scarlett','5813677833','scarlettwarrior@illinois.edu','1990-07-14',1),('sdsueuro','Emily Matthews','5272915144','sdsueuro@illinois.edu','2002-08-07',1),('seapabkk','SEAPA','3035600554','seapabkk@illinois.edu','2004-09-18',1),('secretcodem7','secretcodem7','3577874850','secretcodem7@illinois.edu','1993-07-17',1),('seedhesadheakki','Akshay Nagaich','2342255908','seedhesadheakki@illinois.edu','2002-04-19',1),('segavox_44114','odii kingsley','4166474856','segavox_44114@illinois.edu','1993-08-10',1),('selfloveaearw','Divinesoul','2166965133','selfloveaearw@illinois.edu','2003-04-16',1),('sena_adi21','Sena_adi','7262313460','sena_adi21@illinois.edu','2002-08-19',1),('sergioferraris','Sergio Ferraris','2630981255','sergioferraris@illinois.edu','2005-11-30',1),('sh_orouk','sarah heaton','6375440945','sh_orouk@illinois.edu','1997-12-18',1),('shadow_anino','Mark A.','8294621012','shadow_anino@illinois.edu','1991-04-09',1),('shadowfox871','eric sumthn','5051858339','shadowfox871@illinois.edu','1998-07-16',1),('shahkourosh','Abu Kafir Al-Esraili','4821822468','shahkourosh@illinois.edu','1994-10-08',1),('sharmahitesh93','hitesh sharma','5659351981','sharmahitesh93@illinois.edu','1994-08-07',1),('shashashabooyea','Shannon Brown','5703370684','shashashabooyea@illinois.edu','1997-01-28',1),('shazreenfarhah','reen','5381160104','shazreenfarhah@illinois.edu','1991-05-11',1),('she_alcaide','Sheryl','8419807147','she_alcaide@illinois.edu','1995-08-27',1),('shelovejordan','the real jordan.','6219014318','shelovejordan@illinois.edu','1998-04-25',1),('shibwec','Muya Rodrick','5664021250','shibwec@illinois.edu','2005-03-12',1),('shilanqadir','shilan','8864106001','shilanqadir@illinois.edu','1997-03-23',1),('shreyanshrathi','shreyansh','2608335164','shreyanshrathi@illinois.edu','1994-04-01',1),('si_ohumu','s.i. ohumu','4569565098','si_ohumu@illinois.edu','2003-09-04',1),('sienk0','King of Donairs','8766268081','sienk0@illinois.edu','1994-08-18',1),('signsfromirl','Signs From Ireland','7660432662','signsfromirl@illinois.edu','2003-03-10',1),('silky0135','silkyagrawal','4268963818','silky0135@illinois.edu','1992-12-04',1),('simplewareltd','Simpleware','4137778713','simplewareltd@illinois.edu','1994-05-09',1),('simplysia','sia','7494202037','simplysia@illinois.edu','1999-07-09',1),('sins19kojohoho','QUAME Jr','8925315184','sins19kojohoho@illinois.edu','2005-06-16',1),('sipho_zn','Msai','7192400863','sipho_zn@illinois.edu','1996-02-29',1),('sircapoako','rod antonio','8805359018','sircapoako@illinois.edu','1992-01-13',1),('sirichson','simon richardson','3783568806','sirichson@illinois.edu','1992-07-20',1),('skssaltanat','PRDP 12th NOV','3203597066','skssaltanat@illinois.edu','2000-08-27',1),('skyemah77','Skye Mah','8701342969','skyemah77@illinois.edu','1999-09-12',1),('smitteons_','Kickball Smith','6595561822','smitteons_@illinois.edu','1999-06-11',1),('soltoseedfarm','Sol to Seed Farm','2351025483','soltoseedfarm@illinois.edu','1992-01-06',1),('sopphhucked','Harvey Milk','7662219049','sopphhucked@illinois.edu','2005-10-29',1),('spasonoro','CarlosJavier','4731328930','spasonoro@illinois.edu','2004-08-24',1),('specialcarpk','SpecialCar Pakistan','6890673131','specialcarpk@illinois.edu','2003-12-13',1),('sport_tin','Ali Afzal','2572345264','sport_tin@illinois.edu','1991-04-26',1),('sportschatlive','SportsChat Live','3512497380','sportschatlive@illinois.edu','1998-04-18',1),('sportsjunkie007','Kevin Radowits','8525561117','sportsjunkie007@illinois.edu','1996-03-03',1),('squares73terry','Sarah Eleanor Terry','5560670923','squares73terry@illinois.edu','1993-03-10',1),('stankin_rankin','Stankin Rankin','4925006906','stankin_rankin@illinois.edu','1998-11-12',1),('stefyqb','Stephanie Grace','5869804864','stefyqb@illinois.edu','2001-04-23',1),('stellacotton','Stella Y.','6468942205','stellacotton@illinois.edu','1991-01-12',1),('stellamaris614','Marie','2981732450','stellamaris614@illinois.edu','2004-01-07',1),('stephaniejvel','steph','5803336981','stephaniejvel@illinois.edu','1994-03-05',1),('steve00794525','steve','4538241098','steve00794525@illinois.edu','2003-03-09',1),('stevewillmott','steve willmott','4176275901','stevewillmott@illinois.edu','2000-12-22',1),('stockcursor','StockCursor','2802311122','stockcursor@illinois.edu','1999-05-17',1),('stonericharde1','Richard E. Stone','5523566971','stonericharde1@illinois.edu','1998-08-10',1),('suepesznecker','Susan Pesznecker','6229486666','suepesznecker@illinois.edu','1998-03-20',1),('sumairgohar3','Latif','4899453352','sumairgohar3@illinois.edu','2004-11-24',1),('sumairgohar6','Nadeem','7566529847','sumairgohar6@illinois.edu','2002-12-26',1),('sunkanmishams','Sunkanmi BabaAlaje','7380626727','sunkanmishams@illinois.edu','2002-02-04',1),('superfuturelove','#Eagles 3-4.','2749213050','superfuturelove@illinois.edu','2003-08-21',1),('supp_gabby','Gabby','4206175545','supp_gabby@illinois.edu','2002-12-17',1),('susansopine','Susan Hutchinson','3292676177','susansopine@illinois.edu','1998-07-24',1),('svnaidoo','Srini Naidoo','8117252133','svnaidoo@illinois.edu','2001-11-03',1),('swaggysid__','ODBJ','5678845508','swaggysid__@illinois.edu','2001-07-26',1),('sweeting_gina','Artsy Sweet','8307859067','sweeting_gina@illinois.edu','1993-05-24',1),('sweetyb41804973','sweety baby','6374127502','sweetyb41804973@illinois.edu','1992-04-25',1),('swfc12345','garry dickson','3081975628','swfc12345@illinois.edu','2001-11-06',1),('sydneyaustral_a','Sydney Australia age','8672666219','sydneyaustral_a@illinois.edu','1996-02-27',1),('sydneyhorrorx','sydney romanova','8213723200','sydneyhorrorx@illinois.edu','1999-08-18',1),('syriaconflict','Syria Conflict','6438426768','syriaconflict@illinois.edu','2005-05-09',1),('szelepanna','Szepa','5849238898','szelepanna@illinois.edu','1995-04-05',1),('taele_sphiwe','2J','5606177499','taele_sphiwe@illinois.edu','2002-04-14',1),('tailwind3','Tailwind','7947985364','tailwind3@illinois.edu','2005-10-11',1),('takwane2','Kedar Takwane','4479020312','takwane2@illinois.edu','1997-12-30',2),('tamil1947','tamil','5989086007','tamil1947@illinois.edu','2002-11-04',1),('tattooingmgc','mc','4107173480','tattooingmgc@illinois.edu','1990-02-26',1),('tattos_addict','TATTOOS ADDICTION','5131356546','tattos_addict@illinois.edu','2001-06-06',1),('taylordefense','giovana','4661211492','taylordefense@illinois.edu','2002-01-10',1),('tbpletcher29','Tristan Blake','6865749701','tbpletcher29@illinois.edu','1996-10-22',1),('teezythegawd','PATS 8-0 LAL 1-5','3778139698','teezythegawd@illinois.edu','2002-02-02',1),('tellybuzz','Telly Buzz','7175428378','tellybuzz@illinois.edu','1994-09-12',1),('tesscoolpeppa','pepper','4898019558','tesscoolpeppa@illinois.edu','1994-11-22',1),('the01wingman','Wingman','4466764323','the01wingman@illinois.edu','1994-01-22',1),('the5bestboys','bands [PB]','5392752012','the5bestboys@illinois.edu','1993-03-30',1),('the5thoctave','THAToneREALthing','6330417181','the5thoctave@illinois.edu','2004-06-24',1),('theangrymick','Donald G. Carder','5703328618','theangrymick@illinois.edu','1990-05-15',1),('thebrandguide','Brand Guide','5596469360','thebrandguide@illinois.edu','2004-03-01',1),('thecoffeequeen2','Fanny','3292002776','thecoffeequeen2@illinois.edu','1992-05-15',1),('thedon___','swaggy T','4506585477','thedon___@illinois.edu','2004-10-16',1),('theeglamqueen','Raeee','2047382800','theeglamqueen@illinois.edu','1999-08-09',1),('thefeudupdate','The Feud','3017817766','thefeudupdate@illinois.edu','1998-04-02',1),('thegoodphight','The Good Phight','2235387181','thegoodphight@illinois.edu','2002-03-08',1),('theislandmaven','Chet Capua','8423473332','theislandmaven@illinois.edu','2003-12-18',1),('themexicoreport','Susie Albin-Najera','4875293191','themexicoreport@illinois.edu','2003-09-09',1),('theonlyleaderbb','Ahtesham bokhari','4132501632','theonlyleaderbb@illinois.edu','1992-06-24',1),('thereal_jmoney','James Mooney','3736436715','thereal_jmoney@illinois.edu','1993-02-23',1),('thereal_robjack','Call Me BERT WONHERS','2248639820','thereal_robjack@illinois.edu','1994-07-30',1),('therealbethann','Beth-Ann','4202738942','therealbethann@illinois.edu','1999-09-29',1),('thestationng','The Station Nigeria','3761862981','thestationng@illinois.edu','1994-10-23',1),('thetruth24us','The Truth 24 US','3463789743','thetruth24us@illinois.edu','1995-10-29',1),('thewikitommy','Syafiq Wazien','2847559390','thewikitommy@illinois.edu','2000-01-28',1),('thewireradio','The Wire','3307311647','thewireradio@illinois.edu','2003-06-01',1),('they_callmepapi','Daniel.','6746464285','they_callmepapi@illinois.edu','1995-03-26',1),('thol_rauf','Tholath','8171225203','thol_rauf@illinois.edu','1993-05-18',1),('thomaswalker42','Thomas Walker','8974233601','thomaswalker42@illinois.edu','1997-12-11',1),('thor_long11','Thor Long','5528429588','thor_long11@illinois.edu','1998-01-05',1),('ticchula','TIC Chulalongkorn','5022574887','ticchula@illinois.edu','1998-12-11',1),('tim_lashley','Tim Lashley','4035772921','tim_lashley@illinois.edu','1992-03-27',1),('tispoubonvi1974','Shirley Archibald','6304717375','tispoubonvi1974@illinois.edu','1995-07-21',1),('tiwatopejones','IG:tiwatopejones','8669537677','tiwatopejones@illinois.edu','1999-09-27',1),('tobidawodu','**YUNG** | So*Batar','6454455586','tobidawodu@illinois.edu','1995-05-01',1),('todayspop','TodaysPop','4535833011','todayspop@illinois.edu','2005-02-27',1),('tomdoig','tom doig','4620166214','tomdoig@illinois.edu','1993-02-12',1),('tomihoooooo','Gabbie A.','7155450414','tomihoooooo@illinois.edu','1994-03-05',1),('toniannela','deetz','7596912187','toniannela@illinois.edu','1990-12-24',1),('tootie42448','TootieTweets','2540982463','tootie42448@illinois.edu','1994-01-01',1),('tootthebarber','Hair Hustler','3069730766','tootthebarber@illinois.edu','1997-10-28',1),('torsadventuresm','TORsAdventures Media','7904968440','torsadventuresm@illinois.edu','2004-11-16',1),('totalupdet','total news updet','2917584534','totalupdet@illinois.edu','1996-05-13',1),('toutorj','Toutor J.','5286687306','toutorj@illinois.edu','2003-02-06',1),('travelnewsdeals','Travel News & Deals','6162627269','travelnewsdeals@illinois.edu','1998-07-24',1),('trcanlas','Teresa Canlas','2079254524','trcanlas@illinois.edu','2004-09-03',1),('tre_pound_713','Tre Pound','8570194288','tre_pound_713@illinois.edu','1996-01-15',1),('trent__swanson','Trent !!','3359572086','trent__swanson@illinois.edu','1990-05-16',1),('trezzori','Oleg Sopronenko','4413954126','trezzori@illinois.edu','1995-03-26',1),('trinz33','AJT','6011780547','trinz33@illinois.edu','2001-01-05',1),('triplec1998','Cody Crawford','6031987623','triplec1998@illinois.edu','1994-10-07',1),('trizztaylor','Amaretto Papi','6411178905','trizztaylor@illinois.edu','1995-03-05',1),('truemira','#GlazedLunarEnergy','4876223939','truemira@illinois.edu','1999-07-23',1),('tstark','Tony Stark','7777777777','bwayne@illinois.edu','1988-04-03',3),('tu_kwenn','oliver queen','2019214546','tu_kwenn@illinois.edu','2000-08-16',1),('tulyhtown','Tuly','4670335472','tulyhtown@illinois.edu','1999-12-17',1),('tumbuhkan','Tumbuhkan','5248696208','tumbuhkan@illinois.edu','1992-12-20',1),('tuzomurizov','Gillian Naisbit','7842287656','tuzomurizov@illinois.edu','2003-09-08',1),('tward73','Tim Ward','5278948259','tward73@illinois.edu','1994-05-06',1),('tweetivy20','tweetivy','5314986898','tweetivy20@illinois.edu','1990-07-02',1),('tz_very_own','Winnie','2426196052','tz_very_own@illinois.edu','2005-07-24',1),('uchennadumetol2','uchenna','4694405413','uchennadumetol2@illinois.edu','1993-10-16',1),('ugandanjoblines','UgandanJobline','7461782882','ugandanjoblines@illinois.edu','1996-11-29',1),('umassbeacons','UMassBostonAthletics','3673478267','umassbeacons@illinois.edu','1991-10-29',1),('umezulike1','Baddest','4003821088','umezulike1@illinois.edu','1990-12-16',1),('umimdelainey','Delainey Niven','5174931869','umimdelainey@illinois.edu','2001-11-23',1),('umo2013','Umo','7502445391','umo2013@illinois.edu','1990-04-03',1),('umshahad1986','Zack Al-alawi','7736342901','umshahad1986@illinois.edu','1993-08-09',1),('unanoviacabrona','Somos Chicas','4320325338','unanoviacabrona@illinois.edu','2001-03-03',1),('uncleporkie','Pamela Donaldson','2614978554','uncleporkie@illinois.edu','2001-10-18',1),('unicmanama','UNIC Manama','3041140636','unicmanama@illinois.edu','1998-02-02',1),('upshelp','UPS Customer Support','2919649028','upshelp@illinois.edu','2004-01-02',1),('ushasudarshan27','Usha Rawat','2674504164','ushasudarshan27@illinois.edu','1992-02-13',1),('uskeus','UskeusNews','3042529454','uskeus@illinois.edu','1999-01-28',1),('uzairaslam14','Uzair Aslam','5120838239','uzairaslam14@illinois.edu','2000-09-27',1),('v_nerobckowa','Blaine','8066431166','v_nerobckowa@illinois.edu','1995-11-17',1),('vadenandrew','Andrew Vaden','8471728321','vadenandrew@illinois.edu','2000-04-30',1),('vandavague','Le Vandule','7157631042','vandavague@illinois.edu','1994-05-01',1),('vansonouis','Mille|pcd','2343382163','vansonouis@illinois.edu','1996-03-16',1),('veneromatias','highly excellent rev','8238841529','veneromatias@illinois.edu','1992-03-16',1),('ventermitt','Commie Bastardess','2058422495','ventermitt@illinois.edu','1990-12-08',1),('verejohansen','Johansen Vere','6752207699','verejohansen@illinois.edu','1996-12-30',1),('vincentturner80','Vincent Turner','2310467995','vincentturner80@illinois.edu','1993-11-16',1),('vinksharma','ViNaYsHaRmA','2621882074','vinksharma@illinois.edu','1995-09-21',1),('vipinkumarinsa2','Vipin Kumar insan','3197113122','vipinkumarinsa2@illinois.edu','1997-12-06',1),('visit_turkey','Visiting Turkey','3084871437','visit_turkey@illinois.edu','1998-06-23',1),('visitseychelles','Seychelles.Travel','4229089240','visitseychelles@illinois.edu','1994-12-29',1),('visualpersist','Visual Persistence','5723282924','visualpersist@illinois.edu','2002-12-12',1),('vofnnamibia','VOFN Namibia','2612705699','vofnnamibia@illinois.edu','1998-07-20',1),('von_crumple','Magnus Von Crumple','4169894841','von_crumple@illinois.edu','1994-12-18',1),('vraptors_','Kanye','3335630312','vraptors_@illinois.edu','1997-11-25',1),('walkerdude13','PRossman*HoldenOn','4478125928','walkerdude13@illinois.edu','1999-06-14',1),('watersonjade','Jade Waterson','7566091345','watersonjade@illinois.edu','1998-11-01',1),('waydee77','Omidokun Waheed','5597333698','waydee77@illinois.edu','2004-01-07',1),('wccomputers','West County Computer','6714801247','wccomputers@illinois.edu','1998-06-18',1),('wceagles77','st*rdust','2490729160','wceagles77@illinois.edu','2004-05-02',1),('wegoid','Wego Indonesia','3528372461','wegoid@illinois.edu','1995-12-03',1),('whatsnewinnews','What\'s New in News','6968113555','whatsnewinnews@illinois.edu','2000-01-24',1),('wheelychris','Chris Snow','7738120344','wheelychris@illinois.edu','2000-06-18',1),('whisper5003','wilma bane','2980374887','whisper5003@illinois.edu','1995-06-15',1),('wildgees8','wildgees8','2000266123','wildgees8@illinois.edu','1998-07-22',1),('wingler_sherri','Sherri Wingler','2269547490','wingler_sherri@illinois.edu','2003-11-22',1),('winsconation','WINsconsin Nation','4220025150','winsconation@illinois.edu','2005-02-10',1),('wood_cdwo1','Colleen Wood','7689773643','wood_cdwo1@illinois.edu','1992-08-23',1),('wrestle_talk','Wrestle_Talk','3464301475','wrestle_talk@illinois.edu','1999-10-27',1),('wvpakis','World ViewsPakistan','6996352937','wvpakis@illinois.edu','1992-05-08',1),('xcaramel_jonesx','Young Goddess','3466579278','xcaramel_jonesx@illinois.edu','1997-11-19',1),('xorands','Jim Metcalfe','7620880192','xorands@illinois.edu','2004-01-13',1),('xtsoccer','Football Soccer News','4038204484','xtsoccer@illinois.edu','2003-05-21',1),('yaasiros','Yaasir Bravo Moh\'d','4900278843','yaasiros@illinois.edu','1999-06-01',1),('yamansharma22','Yaman Sharma','8404860883','yamansharma22@illinois.edu','2000-04-10',1),('yatovalmonte','Maine na mahal kita','4247154926','yatovalmonte@illinois.edu','2000-07-20',1),('yayan0628','Sanjayanto Nugroho','3988615747','yayan0628@illinois.edu','1992-02-28',1),('yeahdotpictures','Yeah! Pictures','4071650051','yeahdotpictures@illinois.edu','1991-03-23',1),('ygolwalkar','Yogesh Golwalkar','7505195641','ygolwalkar@illinois.edu','2001-03-17',1),('yoghourte','cat blanchett','7924169365','yoghourte@illinois.edu','1993-07-22',1),('yongicon','Young Success','7994760368','yongicon@illinois.edu','2001-12-05',1),('youbidderjones','YoubidderJon','8969516176','youbidderjones@illinois.edu','1990-04-26',1),('yousif199531','ELMO','5648569612','yousif199531@illinois.edu','1992-07-23',1),('yunusverified','Yunus Merchant','5520912753','yunusverified@illinois.edu','2002-09-21',1),('yusufsiyunda','STAR BOY','7708618093','yusufsiyunda@illinois.edu','1996-03-13',1),('yvaiwhy','Rishwan Jalyl','2380421246','yvaiwhy@illinois.edu','2000-11-28',1),('zachsorrentino5','Zach','5615525798','zachsorrentino5@illinois.edu','2000-11-05',1),('zachtulio','Zach Tulio','8286621852','zachtulio@illinois.edu','1993-05-28',1),('zahralahcini','swift','2965498095','zahralahcini@illinois.edu','2001-01-09',1),('zenmommangrimes','Sheila','6846378399','zenmommangrimes@illinois.edu','2005-10-15',1),('zoomnclick','Feroz Khan','7592876972','zoomnclick@illinois.edu','1991-12-22',1);
/*!40000 ALTER TABLE `Users` ENABLE KEYS */;
UNLOCK TABLES;
/*!40103 SET TIME_ZONE=@OLD_TIME_ZONE */;

/*!40101 SET SQL_MODE=@OLD_SQL_MODE */;
/*!40014 SET FOREIGN_KEY_CHECKS=@OLD_FOREIGN_KEY_CHECKS */;
/*!40014 SET UNIQUE_CHECKS=@OLD_UNIQUE_CHECKS */;
/*!40101 SET CHARACTER_SET_CLIENT=@OLD_CHARACTER_SET_CLIENT */;
/*!40101 SET CHARACTER_SET_RESULTS=@OLD_CHARACTER_SET_RESULTS */;
/*!40101 SET COLLATION_CONNECTION=@OLD_COLLATION_CONNECTION */;
/*!40111 SET SQL_NOTES=@OLD_SQL_NOTES */;

-- Dump completed on 2022-10-19 16:54:01
